ISO-10303-21;
HEADER;
/* Generated by software containing ST-Developer
 * from STEP Tools, Inc. (www.steptools.com) 
 */

FILE_DESCRIPTION(
/* description */ (''),
/* implementation_level */ '2;1');

FILE_NAME(
/* name */ 'Assembled.step',
/* time_stamp */ '2026-01-20T16:31:41+05:45',
/* author */ (''),
/* organization */ (''),
/* preprocessor_version */ 'ST-DEVELOPER v20.1',
/* originating_system */ 'Autodesk Translation Framework v14.21.0.0',
/* authorisation */ '');

FILE_SCHEMA (('AUTOMOTIVE_DESIGN { 1 0 10303 214 3 1 1 }'));
ENDSEC;

DATA;
#10=MECHANICAL_DESIGN_GEOMETRIC_PRESENTATION_REPRESENTATION('',(#15,#16,
#17),#13487);
#11=SHAPE_REPRESENTATION_RELATIONSHIP('SRR','None',#13493,#12);
#12=ADVANCED_BREP_SHAPE_REPRESENTATION('',(#18,#19,#20),#13486);
#13=CONICAL_SURFACE('',#7533,1.5,0.785398163397448);
#14=CONICAL_SURFACE('',#7538,1.5,0.785398163397448);
#15=STYLED_ITEM('',(#13503),#18);
#16=STYLED_ITEM('',(#13504),#19);
#17=STYLED_ITEM('',(#13502),#20);
#18=MANIFOLD_SOLID_BREP('Frame',#6969);
#19=MANIFOLD_SOLID_BREP('Lid Normal',#6970);
#20=MANIFOLD_SOLID_BREP('Mount',#6971);
#21=ELLIPSE('',#7332,7.72334124585985,5.8);
#22=ELLIPSE('',#7333,7.21248916810279,5.1);
#23=ELLIPSE('',#7336,5.79827560572969,4.1);
#24=ELLIPSE('',#7340,7.21248916810279,5.1);
#25=ELLIPSE('',#7341,7.72334124585985,5.8);
#26=ELLIPSE('',#7345,5.79827560572969,4.1);
#27=ELLIPSE('',#7365,7.72334124585985,5.8);
#28=ELLIPSE('',#7366,7.21248916810279,5.1);
#29=ELLIPSE('',#7369,5.79827560572969,4.1);
#30=ELLIPSE('',#7373,7.21248916810279,5.1);
#31=ELLIPSE('',#7374,7.72334124585985,5.8);
#32=ELLIPSE('',#7378,5.79827560572969,4.1);
#33=ELLIPSE('',#7398,7.72334124585985,5.8);
#34=ELLIPSE('',#7399,7.21248916810279,5.1);
#35=ELLIPSE('',#7402,5.79827560572969,4.1);
#36=ELLIPSE('',#7406,7.21248916810279,5.1);
#37=ELLIPSE('',#7407,7.72334124585985,5.8);
#38=ELLIPSE('',#7411,5.79827560572969,4.1);
#39=ELLIPSE('',#7434,7.72334124585985,5.8);
#40=ELLIPSE('',#7435,7.21248916810279,5.1);
#41=ELLIPSE('',#7438,5.79827560572969,4.1);
#42=ELLIPSE('',#7442,7.21248916810279,5.1);
#43=ELLIPSE('',#7443,7.72334124585985,5.8);
#44=ELLIPSE('',#7447,5.79827560572969,4.1);
#45=B_SPLINE_SURFACE_WITH_KNOTS('',3,3,((#10959,#10960,#10961,#10962,#10963,
#10964,#10965,#10966),(#10967,#10968,#10969,#10970,#10971,#10972,#10973,
#10974),(#10975,#10976,#10977,#10978,#10979,#10980,#10981,#10982),(#10983,
#10984,#10985,#10986,#10987,#10988,#10989,#10990),(#10991,#10992,#10993,
#10994,#10995,#10996,#10997,#10998),(#10999,#11000,#11001,#11002,#11003,
#11004,#11005,#11006),(#11007,#11008,#11009,#11010,#11011,#11012,#11013,
#11014)),.UNSPECIFIED.,.F.,.F.,.F.,(4,1,1,1,4),(4,1,1,1,1,4),(0.,0.285714285714286,
0.571428571428571,0.785714285714286,1.),(-2.97505223013515,-2.57968139985367,
-2.18431056957218,-1.39356890900921,-0.602827248446237,-0.20745641816475),
 .UNSPECIFIED.);
#46=B_SPLINE_SURFACE_WITH_KNOTS('',3,3,((#11125,#11126,#11127,#11128,#11129,
#11130,#11131),(#11132,#11133,#11134,#11135,#11136,#11137,#11138),(#11139,
#11140,#11141,#11142,#11143,#11144,#11145),(#11146,#11147,#11148,#11149,
#11150,#11151,#11152),(#11153,#11154,#11155,#11156,#11157,#11158,#11159),
(#11160,#11161,#11162,#11163,#11164,#11165,#11166),(#11167,#11168,#11169,
#11170,#11171,#11172,#11173)),.UNSPECIFIED.,.F.,.F.,.F.,(4,1,1,1,4),(4,
1,1,1,4),(0.,0.285714285714286,0.571428571428571,0.785714285714286,1.),
(0.207456418164748,0.998198078727721,1.78893973929069,2.57968139985367,
2.97505223013515),.UNSPECIFIED.);
#47=B_SPLINE_SURFACE_WITH_KNOTS('',3,1,((#11241,#11242),(#11243,#11244),
(#11245,#11246),(#11247,#11248),(#11249,#11250),(#11251,#11252),(#11253,
#11254),(#11255,#11256),(#11257,#11258),(#11259,#11260)),.UNSPECIFIED.,
 .F.,.F.,.F.,(4,3,3,4),(2,2),(0.0598119405159174,0.19268178991698,0.368335835803718,
0.499968231683964),(0.,0.2),.UNSPECIFIED.);
#48=B_SPLINE_SURFACE_WITH_KNOTS('',3,1,((#11281,#11282),(#11283,#11284),
(#11285,#11286),(#11287,#11288),(#11289,#11290),(#11291,#11292),(#11293,
#11294)),.UNSPECIFIED.,.F.,.F.,.F.,(4,3,4),(2,2),(-0.237942964436486,-0.19268178991698,
-0.0598119405159176),(0.,0.2),.UNSPECIFIED.);
#49=B_SPLINE_SURFACE_WITH_KNOTS('',3,1,((#11318,#11319),(#11320,#11321),
(#11322,#11323),(#11324,#11325),(#11326,#11327),(#11328,#11329),(#11330,
#11331),(#11332,#11333),(#11334,#11335),(#11336,#11337)),.UNSPECIFIED.,
 .F.,.F.,.F.,(4,3,3,4),(2,2),(-0.499984354570679,-0.356282497272242,-0.182817362552883,
-0.0694327039400937),(0.,0.4),.UNSPECIFIED.);
#50=B_SPLINE_SURFACE_WITH_KNOTS('',3,1,((#11364,#11365),(#11366,#11367),
(#11368,#11369),(#11370,#11371),(#11372,#11373),(#11374,#11375),(#11376,
#11377)),.UNSPECIFIED.,.F.,.F.,.F.,(4,3,4),(2,2),(0.069432703940094,0.182817362552883,
0.234287715145378),(0.,0.4),.UNSPECIFIED.);
#51=B_SPLINE_SURFACE_WITH_KNOTS('',3,1,((#11412,#11413),(#11414,#11415),
(#11416,#11417),(#11418,#11419),(#11420,#11421),(#11422,#11423),(#11424,
#11425)),.UNSPECIFIED.,.F.,.F.,.F.,(4,3,4),(2,2),(0.0598119405159176,0.19268178991698,
0.237942964436486),(0.,0.6),.UNSPECIFIED.);
#52=B_SPLINE_SURFACE_WITH_KNOTS('',3,1,((#11433,#11434),(#11435,#11436),
(#11437,#11438),(#11439,#11440),(#11441,#11442),(#11443,#11444),(#11445,
#11446),(#11447,#11448),(#11449,#11450),(#11451,#11452)),.UNSPECIFIED.,
 .F.,.F.,.F.,(4,3,3,4),(2,2),(-0.499968231683964,-0.368335835803718,-0.19268178991698,
-0.0598119405159174),(0.,0.6),.UNSPECIFIED.);
#53=B_SPLINE_SURFACE_WITH_KNOTS('',3,3,((#11513,#11514,#11515,#11516,#11517,
#11518,#11519,#11520),(#11521,#11522,#11523,#11524,#11525,#11526,#11527,
#11528),(#11529,#11530,#11531,#11532,#11533,#11534,#11535,#11536),(#11537,
#11538,#11539,#11540,#11541,#11542,#11543,#11544),(#11545,#11546,#11547,
#11548,#11549,#11550,#11551,#11552),(#11553,#11554,#11555,#11556,#11557,
#11558,#11559,#11560),(#11561,#11562,#11563,#11564,#11565,#11566,#11567,
#11568)),.UNSPECIFIED.,.F.,.F.,.F.,(4,1,1,1,4),(4,1,1,1,1,4),(0.,0.285714285714286,
0.571428571428571,0.785714285714286,1.),(-2.97505223013515,-2.57968139985367,
-2.18431056957218,-1.39356890900921,-0.602827248446237,-0.20745641816475),
 .UNSPECIFIED.);
#54=B_SPLINE_SURFACE_WITH_KNOTS('',3,3,((#11679,#11680,#11681,#11682,#11683,
#11684,#11685),(#11686,#11687,#11688,#11689,#11690,#11691,#11692),(#11693,
#11694,#11695,#11696,#11697,#11698,#11699),(#11700,#11701,#11702,#11703,
#11704,#11705,#11706),(#11707,#11708,#11709,#11710,#11711,#11712,#11713),
(#11714,#11715,#11716,#11717,#11718,#11719,#11720),(#11721,#11722,#11723,
#11724,#11725,#11726,#11727)),.UNSPECIFIED.,.F.,.F.,.F.,(4,1,1,1,4),(4,
1,1,1,4),(0.,0.285714285714286,0.571428571428571,0.785714285714286,1.),
(0.207456418164748,0.998198078727721,1.78893973929069,2.57968139985367,
2.97505223013515),.UNSPECIFIED.);
#55=B_SPLINE_SURFACE_WITH_KNOTS('',3,1,((#11795,#11796),(#11797,#11798),
(#11799,#11800),(#11801,#11802),(#11803,#11804),(#11805,#11806),(#11807,
#11808),(#11809,#11810),(#11811,#11812),(#11813,#11814)),.UNSPECIFIED.,
 .F.,.F.,.F.,(4,3,3,4),(2,2),(0.0598119405159174,0.19268178991698,0.368335835803718,
0.499968231683964),(0.,0.2),.UNSPECIFIED.);
#56=B_SPLINE_SURFACE_WITH_KNOTS('',3,1,((#11835,#11836),(#11837,#11838),
(#11839,#11840),(#11841,#11842),(#11843,#11844),(#11845,#11846),(#11847,
#11848)),.UNSPECIFIED.,.F.,.F.,.F.,(4,3,4),(2,2),(-0.237942964436486,-0.19268178991698,
-0.0598119405159176),(0.,0.2),.UNSPECIFIED.);
#57=B_SPLINE_SURFACE_WITH_KNOTS('',3,1,((#11872,#11873),(#11874,#11875),
(#11876,#11877),(#11878,#11879),(#11880,#11881),(#11882,#11883),(#11884,
#11885),(#11886,#11887),(#11888,#11889),(#11890,#11891)),.UNSPECIFIED.,
 .F.,.F.,.F.,(4,3,3,4),(2,2),(-0.499984354570679,-0.356282497272242,-0.182817362552883,
-0.0694327039400937),(0.,0.4),.UNSPECIFIED.);
#58=B_SPLINE_SURFACE_WITH_KNOTS('',3,1,((#11918,#11919),(#11920,#11921),
(#11922,#11923),(#11924,#11925),(#11926,#11927),(#11928,#11929),(#11930,
#11931)),.UNSPECIFIED.,.F.,.F.,.F.,(4,3,4),(2,2),(0.069432703940094,0.182817362552883,
0.234287715145378),(0.,0.4),.UNSPECIFIED.);
#59=B_SPLINE_SURFACE_WITH_KNOTS('',3,1,((#11966,#11967),(#11968,#11969),
(#11970,#11971),(#11972,#11973),(#11974,#11975),(#11976,#11977),(#11978,
#11979)),.UNSPECIFIED.,.F.,.F.,.F.,(4,3,4),(2,2),(0.0598119405159176,0.19268178991698,
0.237942964436486),(0.,0.6),.UNSPECIFIED.);
#60=B_SPLINE_SURFACE_WITH_KNOTS('',3,1,((#11987,#11988),(#11989,#11990),
(#11991,#11992),(#11993,#11994),(#11995,#11996),(#11997,#11998),(#11999,
#12000),(#12001,#12002),(#12003,#12004),(#12005,#12006)),.UNSPECIFIED.,
 .F.,.F.,.F.,(4,3,3,4),(2,2),(-0.499968231683964,-0.368335835803718,-0.19268178991698,
-0.0598119405159174),(0.,0.6),.UNSPECIFIED.);
#61=B_SPLINE_SURFACE_WITH_KNOTS('',3,3,((#12066,#12067,#12068,#12069,#12070,
#12071,#12072,#12073),(#12074,#12075,#12076,#12077,#12078,#12079,#12080,
#12081),(#12082,#12083,#12084,#12085,#12086,#12087,#12088,#12089),(#12090,
#12091,#12092,#12093,#12094,#12095,#12096,#12097),(#12098,#12099,#12100,
#12101,#12102,#12103,#12104,#12105),(#12106,#12107,#12108,#12109,#12110,
#12111,#12112,#12113),(#12114,#12115,#12116,#12117,#12118,#12119,#12120,
#12121)),.UNSPECIFIED.,.F.,.F.,.F.,(4,1,1,1,4),(4,1,1,1,1,4),(0.,0.285714285714286,
0.571428571428571,0.785714285714286,1.),(-2.97505223013515,-2.57968139985367,
-2.18431056957218,-1.39356890900921,-0.602827248446237,-0.20745641816475),
 .UNSPECIFIED.);
#62=B_SPLINE_SURFACE_WITH_KNOTS('',3,3,((#12232,#12233,#12234,#12235,#12236,
#12237,#12238),(#12239,#12240,#12241,#12242,#12243,#12244,#12245),(#12246,
#12247,#12248,#12249,#12250,#12251,#12252),(#12253,#12254,#12255,#12256,
#12257,#12258,#12259),(#12260,#12261,#12262,#12263,#12264,#12265,#12266),
(#12267,#12268,#12269,#12270,#12271,#12272,#12273),(#12274,#12275,#12276,
#12277,#12278,#12279,#12280)),.UNSPECIFIED.,.F.,.F.,.F.,(4,1,1,1,4),(4,
1,1,1,4),(0.,0.285714285714286,0.571428571428571,0.785714285714286,1.),
(0.207456418164748,0.998198078727721,1.78893973929069,2.57968139985367,
2.97505223013515),.UNSPECIFIED.);
#63=B_SPLINE_SURFACE_WITH_KNOTS('',3,1,((#12348,#12349),(#12350,#12351),
(#12352,#12353),(#12354,#12355),(#12356,#12357),(#12358,#12359),(#12360,
#12361),(#12362,#12363),(#12364,#12365),(#12366,#12367)),.UNSPECIFIED.,
 .F.,.F.,.F.,(4,3,3,4),(2,2),(0.0598119405159174,0.19268178991698,0.368335835803718,
0.499968231683964),(0.,0.2),.UNSPECIFIED.);
#64=B_SPLINE_SURFACE_WITH_KNOTS('',3,1,((#12399,#12400),(#12401,#12402),
(#12403,#12404),(#12405,#12406),(#12407,#12408),(#12409,#12410),(#12411,
#12412)),.UNSPECIFIED.,.F.,.F.,.F.,(4,3,4),(2,2),(-0.237942964436486,-0.19268178991698,
-0.0598119405159176),(0.,0.2),.UNSPECIFIED.);
#65=B_SPLINE_SURFACE_WITH_KNOTS('',3,1,((#12436,#12437),(#12438,#12439),
(#12440,#12441),(#12442,#12443),(#12444,#12445),(#12446,#12447),(#12448,
#12449),(#12450,#12451),(#12452,#12453),(#12454,#12455)),.UNSPECIFIED.,
 .F.,.F.,.F.,(4,3,3,4),(2,2),(-0.499984354570679,-0.356282497272242,-0.182817362552883,
-0.0694327039400937),(0.,0.4),.UNSPECIFIED.);
#66=B_SPLINE_SURFACE_WITH_KNOTS('',3,1,((#12468,#12469),(#12470,#12471),
(#12472,#12473),(#12474,#12475),(#12476,#12477),(#12478,#12479),(#12480,
#12481)),.UNSPECIFIED.,.F.,.F.,.F.,(4,3,4),(2,2),(0.069432703940094,0.182817362552883,
0.234287715145378),(0.,0.4),.UNSPECIFIED.);
#67=B_SPLINE_SURFACE_WITH_KNOTS('',3,1,((#12530,#12531),(#12532,#12533),
(#12534,#12535),(#12536,#12537),(#12538,#12539),(#12540,#12541),(#12542,
#12543)),.UNSPECIFIED.,.F.,.F.,.F.,(4,3,4),(2,2),(0.0598119405159176,0.19268178991698,
0.237942964436486),(0.,0.6),.UNSPECIFIED.);
#68=B_SPLINE_SURFACE_WITH_KNOTS('',3,1,((#12548,#12549),(#12550,#12551),
(#12552,#12553),(#12554,#12555),(#12556,#12557),(#12558,#12559),(#12560,
#12561),(#12562,#12563),(#12564,#12565),(#12566,#12567)),.UNSPECIFIED.,
 .F.,.F.,.F.,(4,3,3,4),(2,2),(-0.499968231683964,-0.368335835803718,-0.19268178991698,
-0.0598119405159174),(0.,0.6),.UNSPECIFIED.);
#69=B_SPLINE_SURFACE_WITH_KNOTS('',3,3,((#12593,#12594,#12595,#12596,#12597,
#12598,#12599,#12600),(#12601,#12602,#12603,#12604,#12605,#12606,#12607,
#12608),(#12609,#12610,#12611,#12612,#12613,#12614,#12615,#12616),(#12617,
#12618,#12619,#12620,#12621,#12622,#12623,#12624),(#12625,#12626,#12627,
#12628,#12629,#12630,#12631,#12632),(#12633,#12634,#12635,#12636,#12637,
#12638,#12639,#12640),(#12641,#12642,#12643,#12644,#12645,#12646,#12647,
#12648)),.UNSPECIFIED.,.F.,.F.,.F.,(4,1,1,1,4),(4,1,1,1,1,4),(0.,0.285714285714286,
0.571428571428571,0.785714285714286,1.),(-2.97505223013515,-2.57968139985367,
-2.18431056957218,-1.39356890900921,-0.602827248446237,-0.20745641816475),
 .UNSPECIFIED.);
#70=B_SPLINE_SURFACE_WITH_KNOTS('',3,3,((#12759,#12760,#12761,#12762,#12763,
#12764,#12765),(#12766,#12767,#12768,#12769,#12770,#12771,#12772),(#12773,
#12774,#12775,#12776,#12777,#12778,#12779),(#12780,#12781,#12782,#12783,
#12784,#12785,#12786),(#12787,#12788,#12789,#12790,#12791,#12792,#12793),
(#12794,#12795,#12796,#12797,#12798,#12799,#12800),(#12801,#12802,#12803,
#12804,#12805,#12806,#12807)),.UNSPECIFIED.,.F.,.F.,.F.,(4,1,1,1,4),(4,
1,1,1,4),(0.,0.285714285714286,0.571428571428571,0.785714285714286,1.),
(0.207456418164748,0.998198078727721,1.78893973929069,2.57968139985367,
2.97505223013515),.UNSPECIFIED.);
#71=B_SPLINE_SURFACE_WITH_KNOTS('',3,1,((#12875,#12876),(#12877,#12878),
(#12879,#12880),(#12881,#12882),(#12883,#12884),(#12885,#12886),(#12887,
#12888),(#12889,#12890),(#12891,#12892),(#12893,#12894)),.UNSPECIFIED.,
 .F.,.F.,.F.,(4,3,3,4),(2,2),(0.0598119405159174,0.19268178991698,0.368335835803718,
0.499968231683964),(0.,0.2),.UNSPECIFIED.);
#72=B_SPLINE_SURFACE_WITH_KNOTS('',3,1,((#12926,#12927),(#12928,#12929),
(#12930,#12931),(#12932,#12933),(#12934,#12935),(#12936,#12937),(#12938,
#12939)),.UNSPECIFIED.,.F.,.F.,.F.,(4,3,4),(2,2),(-0.237942964436486,-0.19268178991698,
-0.0598119405159176),(0.,0.2),.UNSPECIFIED.);
#73=B_SPLINE_SURFACE_WITH_KNOTS('',3,1,((#12963,#12964),(#12965,#12966),
(#12967,#12968),(#12969,#12970),(#12971,#12972),(#12973,#12974),(#12975,
#12976),(#12977,#12978),(#12979,#12980),(#12981,#12982)),.UNSPECIFIED.,
 .F.,.F.,.F.,(4,3,3,4),(2,2),(-0.499984354570679,-0.356282497272242,-0.182817362552883,
-0.0694327039400937),(0.,0.4),.UNSPECIFIED.);
#74=B_SPLINE_SURFACE_WITH_KNOTS('',3,1,((#12995,#12996),(#12997,#12998),
(#12999,#13000),(#13001,#13002),(#13003,#13004),(#13005,#13006),(#13007,
#13008)),.UNSPECIFIED.,.F.,.F.,.F.,(4,3,4),(2,2),(0.069432703940094,0.182817362552883,
0.234287715145378),(0.,0.4),.UNSPECIFIED.);
#75=B_SPLINE_SURFACE_WITH_KNOTS('',3,1,((#13057,#13058),(#13059,#13060),
(#13061,#13062),(#13063,#13064),(#13065,#13066),(#13067,#13068),(#13069,
#13070)),.UNSPECIFIED.,.F.,.F.,.F.,(4,3,4),(2,2),(0.0598119405159176,0.19268178991698,
0.237942964436486),(0.,0.6),.UNSPECIFIED.);
#76=B_SPLINE_SURFACE_WITH_KNOTS('',3,1,((#13075,#13076),(#13077,#13078),
(#13079,#13080),(#13081,#13082),(#13083,#13084),(#13085,#13086),(#13087,
#13088),(#13089,#13090),(#13091,#13092),(#13093,#13094)),.UNSPECIFIED.,
 .F.,.F.,.F.,(4,3,3,4),(2,2),(-0.499968231683964,-0.368335835803718,-0.19268178991698,
-0.0598119405159174),(0.,0.6),.UNSPECIFIED.);
#77=(
BOUNDED_CURVE()
B_SPLINE_CURVE(5,(#10004,#10005,#10006,#10007,#10008,#10009,#10010,#10011,
#10012,#10013),.UNSPECIFIED.,.F.,.F.)
B_SPLINE_CURVE_WITH_KNOTS((6,1,1,1,1,6),(-0.414703005699816,-0.4,-0.3,-0.2,
-0.1,-0.038782475970106),.UNSPECIFIED.)
CURVE()
GEOMETRIC_REPRESENTATION_ITEM()
RATIONAL_B_SPLINE_CURVE((1.,1.,1.,1.,1.,1.,1.,1.,1.,1.))
REPRESENTATION_ITEM('')
);
#78=(
BOUNDED_CURVE()
B_SPLINE_CURVE(5,(#10017,#10018,#10019,#10020,#10021,#10022,#10023,#10024,
#10025,#10026),.UNSPECIFIED.,.F.,.F.)
B_SPLINE_CURVE_WITH_KNOTS((6,1,1,1,1,6),(0.038782475970106,0.1,0.2,0.3,
0.4,0.5),.UNSPECIFIED.)
CURVE()
GEOMETRIC_REPRESENTATION_ITEM()
RATIONAL_B_SPLINE_CURVE((1.,1.,1.,1.,1.,1.,1.,1.,1.,1.))
REPRESENTATION_ITEM('')
);
#79=(
BOUNDED_CURVE()
B_SPLINE_CURVE(5,(#10095,#10096,#10097,#10098,#10099,#10100,#10101,#10102,
#10103,#10104),.UNSPECIFIED.,.F.,.F.)
B_SPLINE_CURVE_WITH_KNOTS((6,1,1,1,1,6),(-0.414703005699816,-0.4,-0.3,-0.2,
-0.1,-0.038782475970106),.UNSPECIFIED.)
CURVE()
GEOMETRIC_REPRESENTATION_ITEM()
RATIONAL_B_SPLINE_CURVE((1.,1.,1.,1.,1.,1.,1.,1.,1.,1.))
REPRESENTATION_ITEM('')
);
#80=(
BOUNDED_CURVE()
B_SPLINE_CURVE(5,(#10108,#10109,#10110,#10111,#10112,#10113,#10114,#10115,
#10116,#10117),.UNSPECIFIED.,.F.,.F.)
B_SPLINE_CURVE_WITH_KNOTS((6,1,1,1,1,6),(0.0387824759701062,0.1,0.2,0.3,
0.4,0.5),.UNSPECIFIED.)
CURVE()
GEOMETRIC_REPRESENTATION_ITEM()
RATIONAL_B_SPLINE_CURVE((1.,1.,1.,1.,1.,1.,1.,1.,1.,1.))
REPRESENTATION_ITEM('')
);
#81=(
BOUNDED_CURVE()
B_SPLINE_CURVE(5,(#10119,#10120,#10121,#10122,#10123,#10124,#10125,#10126,
#10127,#10128),.UNSPECIFIED.,.F.,.F.)
B_SPLINE_CURVE_WITH_KNOTS((6,1,1,1,1,6),(0.0387824759701062,0.1,0.2,0.3,
0.4,0.5),.UNSPECIFIED.)
CURVE()
GEOMETRIC_REPRESENTATION_ITEM()
RATIONAL_B_SPLINE_CURVE((1.,1.,1.,1.,1.,1.,1.,1.,1.,1.))
REPRESENTATION_ITEM('')
);
#82=(
BOUNDED_CURVE()
B_SPLINE_CURVE(5,(#10132,#10133,#10134,#10135,#10136,#10137,#10138,#10139,
#10140,#10141),.UNSPECIFIED.,.F.,.F.)
B_SPLINE_CURVE_WITH_KNOTS((6,1,1,1,1,6),(-0.5,-0.4,-0.3,-0.2,-0.1,-0.038782475970106),
 .UNSPECIFIED.)
CURVE()
GEOMETRIC_REPRESENTATION_ITEM()
RATIONAL_B_SPLINE_CURVE((1.,1.,1.,1.,1.,1.,1.,1.,1.,1.))
REPRESENTATION_ITEM('')
);
#83=(
BOUNDED_CURVE()
B_SPLINE_CURVE(5,(#10143,#10144,#10145,#10146,#10147,#10148,#10149,#10150,
#10151,#10152),.UNSPECIFIED.,.F.,.F.)
B_SPLINE_CURVE_WITH_KNOTS((6,1,1,1,1,6),(-0.5,-0.4,-0.3,-0.2,-0.1,-0.038782475970106),
 .UNSPECIFIED.)
CURVE()
GEOMETRIC_REPRESENTATION_ITEM()
RATIONAL_B_SPLINE_CURVE((1.,1.,1.,1.,1.,1.,1.,1.,1.,1.))
REPRESENTATION_ITEM('')
);
#84=(
BOUNDED_CURVE()
B_SPLINE_CURVE(5,(#10156,#10157,#10158,#10159,#10160,#10161,#10162,#10163,
#10164,#10165),.UNSPECIFIED.,.F.,.F.)
B_SPLINE_CURVE_WITH_KNOTS((6,1,1,1,1,6),(0.0387824759701062,0.1,0.2,0.3,
0.4,0.5),.UNSPECIFIED.)
CURVE()
GEOMETRIC_REPRESENTATION_ITEM()
RATIONAL_B_SPLINE_CURVE((1.,1.,1.,1.,1.,1.,1.,1.,1.,1.))
REPRESENTATION_ITEM('')
);
#85=(
BOUNDED_CURVE()
B_SPLINE_CURVE(5,(#10167,#10168,#10169,#10170,#10171,#10172,#10173,#10174,
#10175,#10176),.UNSPECIFIED.,.F.,.F.)
B_SPLINE_CURVE_WITH_KNOTS((6,1,1,1,1,6),(0.0387824759701062,0.1,0.2,0.3,
0.4,0.5),.UNSPECIFIED.)
CURVE()
GEOMETRIC_REPRESENTATION_ITEM()
RATIONAL_B_SPLINE_CURVE((1.,1.,1.,1.,1.,1.,1.,1.,1.,1.))
REPRESENTATION_ITEM('')
);
#86=(
BOUNDED_CURVE()
B_SPLINE_CURVE(5,(#10274,#10275,#10276,#10277,#10278,#10279,#10280,#10281,
#10282,#10283),.UNSPECIFIED.,.F.,.F.)
B_SPLINE_CURVE_WITH_KNOTS((6,1,1,1,1,6),(0.038782475970106,0.1,0.2,0.3,
0.4,0.5),.UNSPECIFIED.)
CURVE()
GEOMETRIC_REPRESENTATION_ITEM()
RATIONAL_B_SPLINE_CURVE((1.,1.,1.,1.,1.,1.,1.,1.,1.,1.))
REPRESENTATION_ITEM('')
);
#87=(
BOUNDED_CURVE()
B_SPLINE_CURVE(5,(#10665,#10666,#10667,#10668,#10669,#10670,#10671,#10672,
#10673,#10674),.UNSPECIFIED.,.F.,.F.)
B_SPLINE_CURVE_WITH_KNOTS((6,1,1,1,1,6),(0.0387824759701062,0.1,0.2,0.3,
0.4,0.5),.UNSPECIFIED.)
CURVE()
GEOMETRIC_REPRESENTATION_ITEM()
RATIONAL_B_SPLINE_CURVE((1.,1.,1.,1.,1.,1.,1.,1.,1.,1.))
REPRESENTATION_ITEM('')
);
#88=(
BOUNDED_CURVE()
B_SPLINE_CURVE(5,(#10678,#10679,#10680,#10681,#10682,#10683,#10684,#10685,
#10686,#10687),.UNSPECIFIED.,.F.,.F.)
B_SPLINE_CURVE_WITH_KNOTS((6,1,1,1,1,6),(0.038782475970106,0.1,0.2,0.3,
0.4,0.5),.UNSPECIFIED.)
CURVE()
GEOMETRIC_REPRESENTATION_ITEM()
RATIONAL_B_SPLINE_CURVE((1.,1.,1.,1.,1.,1.,1.,1.,1.,1.))
REPRESENTATION_ITEM('')
);
#89=(
BOUNDED_CURVE()
B_SPLINE_CURVE(5,(#10689,#10690,#10691,#10692,#10693,#10694,#10695,#10696,
#10697,#10698),.UNSPECIFIED.,.F.,.F.)
B_SPLINE_CURVE_WITH_KNOTS((6,1,1,1,1,6),(0.038782475970106,0.1,0.2,0.3,
0.4,0.5),.UNSPECIFIED.)
CURVE()
GEOMETRIC_REPRESENTATION_ITEM()
RATIONAL_B_SPLINE_CURVE((1.,1.,1.,1.,1.,1.,1.,1.,1.,1.))
REPRESENTATION_ITEM('')
);
#90=(
BOUNDED_CURVE()
B_SPLINE_CURVE(5,(#10702,#10703,#10704,#10705,#10706,#10707,#10708,#10709,
#10710,#10711),.UNSPECIFIED.,.F.,.F.)
B_SPLINE_CURVE_WITH_KNOTS((6,1,1,1,1,6),(0.0387824759701062,0.1,0.2,0.3,
0.4,0.5),.UNSPECIFIED.)
CURVE()
GEOMETRIC_REPRESENTATION_ITEM()
RATIONAL_B_SPLINE_CURVE((1.,1.,1.,1.,1.,1.,1.,1.,1.,1.))
REPRESENTATION_ITEM('')
);
#91=(
BOUNDED_CURVE()
B_SPLINE_CURVE(5,(#10713,#10714,#10715,#10716,#10717,#10718,#10719,#10720,
#10721,#10722),.UNSPECIFIED.,.F.,.F.)
B_SPLINE_CURVE_WITH_KNOTS((6,1,1,1,1,6),(0.0387824759701062,0.1,0.2,0.3,
0.4,0.5),.UNSPECIFIED.)
CURVE()
GEOMETRIC_REPRESENTATION_ITEM()
RATIONAL_B_SPLINE_CURVE((1.,1.,1.,1.,1.,1.,1.,1.,1.,1.))
REPRESENTATION_ITEM('')
);
#92=(
BOUNDED_CURVE()
B_SPLINE_CURVE(5,(#10726,#10727,#10728,#10729,#10730,#10731,#10732,#10733,
#10734,#10735),.UNSPECIFIED.,.F.,.F.)
B_SPLINE_CURVE_WITH_KNOTS((6,1,1,1,1,6),(0.0387824759701062,0.1,0.2,0.3,
0.4,0.5),.UNSPECIFIED.)
CURVE()
GEOMETRIC_REPRESENTATION_ITEM()
RATIONAL_B_SPLINE_CURVE((1.,1.,1.,1.,1.,1.,1.,1.,1.,1.))
REPRESENTATION_ITEM('')
);
#93=(
BOUNDED_SURFACE()
B_SPLINE_SURFACE(5,1,((#9983,#9984),(#9985,#9986),(#9987,#9988),(#9989,
#9990),(#9991,#9992),(#9993,#9994),(#9995,#9996),(#9997,#9998),(#9999,#10000),
(#10001,#10002)),.UNSPECIFIED.,.F.,.F.,.F.)
B_SPLINE_SURFACE_WITH_KNOTS((6,1,1,1,1,6),(2,2),(-0.5,-0.4,-0.3,-0.2,-0.1,
-0.038782475970106),(0.,0.6),.UNSPECIFIED.)
GEOMETRIC_REPRESENTATION_ITEM()
RATIONAL_B_SPLINE_SURFACE(((1.,1.),(1.,1.),(1.,1.),(1.,1.),(1.,1.),(1.,
1.),(1.,1.),(1.,1.),(1.,1.),(1.,1.)))
REPRESENTATION_ITEM('')
SURFACE()
);
#94=(
BOUNDED_SURFACE()
B_SPLINE_SURFACE(5,1,((#10253,#10254),(#10255,#10256),(#10257,#10258),(#10259,
#10260),(#10261,#10262),(#10263,#10264),(#10265,#10266),(#10267,#10268),
(#10269,#10270),(#10271,#10272)),.UNSPECIFIED.,.F.,.F.,.F.)
B_SPLINE_SURFACE_WITH_KNOTS((6,1,1,1,1,6),(2,2),(-0.5,-0.4,-0.3,-0.2,-0.1,
-0.038782475970106),(0.,0.6),.UNSPECIFIED.)
GEOMETRIC_REPRESENTATION_ITEM()
RATIONAL_B_SPLINE_SURFACE(((1.,1.),(1.,1.),(1.,1.),(1.,1.),(1.,1.),(1.,
1.),(1.,1.),(1.,1.),(1.,1.),(1.,1.)))
REPRESENTATION_ITEM('')
SURFACE()
);
#95=(
BOUNDED_SURFACE()
B_SPLINE_SURFACE(5,1,((#11465,#11466),(#11467,#11468),(#11469,#11470),(#11471,
#11472),(#11473,#11474),(#11475,#11476),(#11477,#11478),(#11479,#11480),
(#11481,#11482),(#11483,#11484)),.UNSPECIFIED.,.F.,.F.,.F.)
B_SPLINE_SURFACE_WITH_KNOTS((6,1,1,1,1,6),(2,2),(0.0387824759701062,0.1,
0.2,0.3,0.4,0.5),(0.,0.6),.UNSPECIFIED.)
GEOMETRIC_REPRESENTATION_ITEM()
RATIONAL_B_SPLINE_SURFACE(((1.,1.),(1.,1.),(1.,1.),(1.,1.),(1.,1.),(1.,
1.),(1.,1.),(1.,1.),(1.,1.),(1.,1.)))
REPRESENTATION_ITEM('')
SURFACE()
);
#96=(
BOUNDED_SURFACE()
B_SPLINE_SURFACE(5,1,((#11489,#11490),(#11491,#11492),(#11493,#11494),(#11495,
#11496),(#11497,#11498),(#11499,#11500),(#11501,#11502),(#11503,#11504),
(#11505,#11506),(#11507,#11508)),.UNSPECIFIED.,.F.,.F.,.F.)
B_SPLINE_SURFACE_WITH_KNOTS((6,1,1,1,1,6),(2,2),(-0.5,-0.4,-0.3,-0.2,-0.1,
-0.038782475970106),(0.,0.6),.UNSPECIFIED.)
GEOMETRIC_REPRESENTATION_ITEM()
RATIONAL_B_SPLINE_SURFACE(((1.,1.),(1.,1.),(1.,1.),(1.,1.),(1.,1.),(1.,
1.),(1.,1.),(1.,1.),(1.,1.),(1.,1.)))
REPRESENTATION_ITEM('')
SURFACE()
);
#97=(
BOUNDED_SURFACE()
B_SPLINE_SURFACE(5,1,((#12019,#12020),(#12021,#12022),(#12023,#12024),(#12025,
#12026),(#12027,#12028),(#12029,#12030),(#12031,#12032),(#12033,#12034),
(#12035,#12036),(#12037,#12038)),.UNSPECIFIED.,.F.,.F.,.F.)
B_SPLINE_SURFACE_WITH_KNOTS((6,1,1,1,1,6),(2,2),(0.0387824759701062,0.1,
0.2,0.3,0.4,0.5),(0.,0.6),.UNSPECIFIED.)
GEOMETRIC_REPRESENTATION_ITEM()
RATIONAL_B_SPLINE_SURFACE(((1.,1.),(1.,1.),(1.,1.),(1.,1.),(1.,1.),(1.,
1.),(1.,1.),(1.,1.),(1.,1.),(1.,1.)))
REPRESENTATION_ITEM('')
SURFACE()
);
#98=(
BOUNDED_SURFACE()
B_SPLINE_SURFACE(5,1,((#12043,#12044),(#12045,#12046),(#12047,#12048),(#12049,
#12050),(#12051,#12052),(#12053,#12054),(#12055,#12056),(#12057,#12058),
(#12059,#12060),(#12061,#12062)),.UNSPECIFIED.,.F.,.F.,.F.)
B_SPLINE_SURFACE_WITH_KNOTS((6,1,1,1,1,6),(2,2),(-0.5,-0.4,-0.3,-0.2,-0.1,
-0.038782475970106),(0.,0.6),.UNSPECIFIED.)
GEOMETRIC_REPRESENTATION_ITEM()
RATIONAL_B_SPLINE_SURFACE(((1.,1.),(1.,1.),(1.,1.),(1.,1.),(1.,1.),(1.,
1.),(1.,1.),(1.,1.),(1.,1.),(1.,1.)))
REPRESENTATION_ITEM('')
SURFACE()
);
#99=(
BOUNDED_SURFACE()
B_SPLINE_SURFACE(5,1,((#12568,#12569),(#12570,#12571),(#12572,#12573),(#12574,
#12575),(#12576,#12577),(#12578,#12579),(#12580,#12581),(#12582,#12583),
(#12584,#12585),(#12586,#12587)),.UNSPECIFIED.,.F.,.F.,.F.)
B_SPLINE_SURFACE_WITH_KNOTS((6,1,1,1,1,6),(2,2),(0.0387824759701062,0.1,
0.2,0.3,0.4,0.5),(0.,0.6),.UNSPECIFIED.)
GEOMETRIC_REPRESENTATION_ITEM()
RATIONAL_B_SPLINE_SURFACE(((1.,1.),(1.,1.),(1.,1.),(1.,1.),(1.,1.),(1.,
1.),(1.,1.),(1.,1.),(1.,1.),(1.,1.)))
REPRESENTATION_ITEM('')
SURFACE()
);
#100=(
BOUNDED_SURFACE()
B_SPLINE_SURFACE(5,1,((#13095,#13096),(#13097,#13098),(#13099,#13100),(#13101,
#13102),(#13103,#13104),(#13105,#13106),(#13107,#13108),(#13109,#13110),
(#13111,#13112),(#13113,#13114)),.UNSPECIFIED.,.F.,.F.,.F.)
B_SPLINE_SURFACE_WITH_KNOTS((6,1,1,1,1,6),(2,2),(0.0387824759701062,0.1,
0.2,0.3,0.4,0.5),(0.,0.6),.UNSPECIFIED.)
GEOMETRIC_REPRESENTATION_ITEM()
RATIONAL_B_SPLINE_SURFACE(((1.,1.),(1.,1.),(1.,1.),(1.,1.),(1.,1.),(1.,
1.),(1.,1.),(1.,1.),(1.,1.),(1.,1.)))
REPRESENTATION_ITEM('')
SURFACE()
);
#101=B_SPLINE_CURVE_WITH_KNOTS('',3,(#9845,#9846,#9847,#9848,#9849,#9850,
#9851,#9852,#9853,#9854,#9855,#9856,#9857,#9858,#9859,#9860,#9861,#9862,
#9863,#9864,#9865,#9866,#9867,#9868,#9869),.UNSPECIFIED.,.F.,.F.,(4,3,3,
3,3,3,3,3,4),(-0.154573790605398,-0.150455284337521,-0.145787081537506,
-0.135702655060385,-0.106696036374999,-0.0722380855629569,-0.0393366187375232,
-0.0124742174424391,0.),.UNSPECIFIED.);
#102=B_SPLINE_CURVE_WITH_KNOTS('',3,(#9876,#9877,#9878,#9879,#9880,#9881,
#9882,#9883,#9884,#9885,#9886,#9887,#9888,#9889,#9890,#9891,#9892,#9893,
#9894,#9895,#9896,#9897,#9898,#9899,#9900),.UNSPECIFIED.,.F.,.F.,(4,3,3,
3,3,3,3,3,4),(-0.154583571780456,-0.133433858178815,-0.111060071829655,
-0.0769898237142962,-0.0449344967210498,-0.0364130187206047,-0.0151540840040007,
-0.00626709316232489,0.),.UNSPECIFIED.);
#103=B_SPLINE_CURVE_WITH_KNOTS('',3,(#9905,#9906,#9907,#9908,#9909,#9910,
#9911,#9912,#9913,#9914,#9915,#9916,#9917,#9918,#9919,#9920,#9921,#9922),
 .UNSPECIFIED.,.F.,.F.,(4,2,2,2,2,2,2,2,4),(-0.595191759669697,-0.563969124974701,
-0.506865732281844,-0.453729793478629,-0.395869874467767,-0.376418010620121,
-0.360598836777024,-0.350399805942862,-0.348468912045579),.UNSPECIFIED.);
#104=B_SPLINE_CURVE_WITH_KNOTS('',3,(#9938,#9939,#9940,#9941,#9942,#9943,
#9944,#9945,#9946,#9947,#9948,#9949,#9950,#9951,#9952,#9953),
 .UNSPECIFIED.,.F.,.F.,(4,2,2,2,2,2,2,4),(-0.348983885385124,-0.341411279279889,
-0.329123963422825,-0.303350925461447,-0.242122345526491,-0.180612479884537,
-0.117626238319949,-0.102178472409344),.UNSPECIFIED.);
#105=B_SPLINE_CURVE_WITH_KNOTS('',3,(#9957,#9958,#9959,#9960,#9961,#9962,
#9963,#9964,#9965,#9966,#9967,#9968,#9969),.UNSPECIFIED.,.F.,.F.,(4,3,3,
3,4),(-0.566226795751514,-0.402151325400752,-0.243800656603962,-0.0955229518158747,
-0.0503450299981958),.UNSPECIFIED.);
#106=B_SPLINE_CURVE_WITH_KNOTS('',3,(#9970,#9971,#9972,#9973,#9974,#9975,
#9976,#9977,#9978,#9979,#9980,#9981,#9982),.UNSPECIFIED.,.F.,.F.,(4,3,3,
3,4),(-0.515799966566492,-0.36562710754862,-0.208605594177369,-0.0439235359981061,
0.),.UNSPECIFIED.);
#107=B_SPLINE_CURVE_WITH_KNOTS('',3,(#10034,#10035,#10036,#10037,#10038,
#10039,#10040),.UNSPECIFIED.,.F.,.F.,(4,3,4),(0.0598119405159176,0.19268178991698,
0.237942964436486),.UNSPECIFIED.);
#108=B_SPLINE_CURVE_WITH_KNOTS('',3,(#10052,#10053,#10054,#10055,#10056,
#10057,#10058,#10059,#10060,#10061),.UNSPECIFIED.,.F.,.F.,(4,3,3,4),(-0.499968231683964,
-0.368335835803718,-0.19268178991698,-0.0598119405159174),.UNSPECIFIED.);
#109=B_SPLINE_CURVE_WITH_KNOTS('',3,(#10063,#10064,#10065,#10066,#10067,
#10068,#10069,#10070,#10071,#10072),.UNSPECIFIED.,.F.,.F.,(4,3,3,4),(-0.499968231683964,
-0.368335835803718,-0.19268178991698,-0.0598119405159174),.UNSPECIFIED.);
#110=B_SPLINE_CURVE_WITH_KNOTS('',3,(#10084,#10085,#10086,#10087,#10088,
#10089,#10090),.UNSPECIFIED.,.F.,.F.,(4,3,4),(0.0598119405159176,0.19268178991698,
0.237942964436486),.UNSPECIFIED.);
#111=B_SPLINE_CURVE_WITH_KNOTS('',3,(#10184,#10185,#10186,#10187,#10188,
#10189,#10190),.UNSPECIFIED.,.F.,.F.,(4,3,4),(0.0598119405159176,0.19268178991698,
0.237942964436486),.UNSPECIFIED.);
#112=B_SPLINE_CURVE_WITH_KNOTS('',3,(#10202,#10203,#10204,#10205,#10206,
#10207,#10208,#10209,#10210,#10211),.UNSPECIFIED.,.F.,.F.,(4,3,3,4),(-0.499968231683964,
-0.368335835803718,-0.19268178991698,-0.0598119405159174),.UNSPECIFIED.);
#113=B_SPLINE_CURVE_WITH_KNOTS('',3,(#10213,#10214,#10215,#10216,#10217,
#10218,#10219,#10220,#10221,#10222),.UNSPECIFIED.,.F.,.F.,(4,3,3,4),(-0.499968231683964,
-0.368335835803718,-0.19268178991698,-0.0598119405159174),.UNSPECIFIED.);
#114=B_SPLINE_CURVE_WITH_KNOTS('',3,(#10234,#10235,#10236,#10237,#10238,
#10239,#10240),.UNSPECIFIED.,.F.,.F.,(4,3,4),(0.0598119405159176,0.19268178991698,
0.237942964436486),.UNSPECIFIED.);
#115=B_SPLINE_CURVE_WITH_KNOTS('',3,(#10750,#10751,#10752,#10753,#10754,
#10755,#10756),.UNSPECIFIED.,.F.,.F.,(4,3,4),(-0.237942964436486,-0.19268178991698,
-0.0598119405159176),.UNSPECIFIED.);
#116=B_SPLINE_CURVE_WITH_KNOTS('',3,(#10768,#10769,#10770,#10771,#10772,
#10773,#10774,#10775,#10776,#10777),.UNSPECIFIED.,.F.,.F.,(4,3,3,4),(0.0598119405159174,
0.19268178991698,0.368335835803718,0.499968231683964),.UNSPECIFIED.);
#117=B_SPLINE_CURVE_WITH_KNOTS('',3,(#10779,#10780,#10781,#10782,#10783,
#10784,#10785,#10786,#10787,#10788),.UNSPECIFIED.,.F.,.F.,(4,3,3,4),(0.0598119405159174,
0.19268178991698,0.368335835803718,0.499968231683964),.UNSPECIFIED.);
#118=B_SPLINE_CURVE_WITH_KNOTS('',3,(#10800,#10801,#10802,#10803,#10804,
#10805,#10806),.UNSPECIFIED.,.F.,.F.,(4,3,4),(-0.237942964436486,-0.19268178991698,
-0.0598119405159176),.UNSPECIFIED.);
#119=B_SPLINE_CURVE_WITH_KNOTS('',3,(#10815,#10816,#10817,#10818,#10819,
#10820,#10821),.UNSPECIFIED.,.F.,.F.,(4,3,4),(-0.237942964436486,-0.19268178991698,
-0.0598119405159176),.UNSPECIFIED.);
#120=B_SPLINE_CURVE_WITH_KNOTS('',3,(#10833,#10834,#10835,#10836,#10837,
#10838,#10839,#10840,#10841,#10842),.UNSPECIFIED.,.F.,.F.,(4,3,3,4),(0.0598119405159174,
0.19268178991698,0.368335835803718,0.499968231683964),.UNSPECIFIED.);
#121=B_SPLINE_CURVE_WITH_KNOTS('',3,(#10844,#10845,#10846,#10847,#10848,
#10849,#10850,#10851,#10852,#10853),.UNSPECIFIED.,.F.,.F.,(4,3,3,4),(0.0598119405159174,
0.19268178991698,0.368335835803718,0.499968231683964),.UNSPECIFIED.);
#122=B_SPLINE_CURVE_WITH_KNOTS('',3,(#10865,#10866,#10867,#10868,#10869,
#10870,#10871),.UNSPECIFIED.,.F.,.F.,(4,3,4),(-0.237942964436486,-0.19268178991698,
-0.0598119405159176),.UNSPECIFIED.);
#123=B_SPLINE_CURVE_WITH_KNOTS('',3,(#11019,#11020,#11021,#11022,#11023,
#11024,#11025,#11026,#11027,#11028,#11029,#11030,#11031,#11032,#11033,#11034,
#11035,#11036,#11037,#11038),.UNSPECIFIED.,.F.,.F.,(4,2,2,2,2,2,2,2,2,4),
(0.,0.0902862825195283,0.199870897485239,0.272615506413385,0.321425436037248,
0.357038230564094,0.38810965438127,0.422141759063476,0.461820218830199,
0.51007575915153),.UNSPECIFIED.);
#124=B_SPLINE_CURVE_WITH_KNOTS('',3,(#11041,#11042,#11043,#11044,#11045,
#11046,#11047,#11048,#11049,#11050,#11051,#11052,#11053,#11054,#11055,#11056,
#11057,#11058,#11059,#11060,#11061,#11062,#11063,#11064,#11065,#11066,#11067,
#11068,#11069,#11070,#11071),.UNSPECIFIED.,.F.,.F.,(4,3,3,3,3,3,3,3,3,3,
4),(-0.000519208255983603,0.,0.0154818675769645,0.0298428350072458,0.0444289039705018,
0.0506946781015973,0.05738500211384,0.0727426839726637,0.0774866157228152,
0.0928538212202502,0.0975103837603417),.UNSPECIFIED.);
#125=B_SPLINE_CURVE_WITH_KNOTS('',3,(#11076,#11077,#11078,#11079,#11080,
#11081,#11082,#11083,#11084,#11085),.UNSPECIFIED.,.F.,.F.,(4,2,2,2,4),(0.402366483604742,
0.435451738045445,0.470619930235478,0.508367693079539,0.5461154559236),
 .UNSPECIFIED.);
#126=B_SPLINE_CURVE_WITH_KNOTS('',3,(#11088,#11089,#11090,#11091,#11092,
#11093),.UNSPECIFIED.,.F.,.F.,(4,2,4),(0.,0.0369329739274253,0.0718525068464703),
 .UNSPECIFIED.);
#127=B_SPLINE_CURVE_WITH_KNOTS('',3,(#11102,#11103,#11104,#11105,#11106,
#11107,#11108,#11109,#11110,#11111,#11112,#11113,#11114,#11115,#11116,#11117,
#11118,#11119,#11120,#11121),.UNSPECIFIED.,.F.,.F.,(4,2,2,2,2,2,2,2,2,4),
(0.,0.0292372514714788,0.0463513563153614,0.0594197609927205,0.0723086469055514,
0.0888591629776941,0.112946181251724,0.148195579169251,0.183223506152245,
0.238807255581364),.UNSPECIFIED.);
#128=B_SPLINE_CURVE_WITH_KNOTS('',3,(#11178,#11179,#11180,#11181,#11182,
#11183,#11184,#11185,#11186,#11187,#11188,#11189,#11190,#11191,#11192,#11193,
#11194,#11195,#11196,#11197,#11198,#11199,#11200,#11201,#11202,#11203,#11204,
#11205,#11206,#11207,#11208),.UNSPECIFIED.,.F.,.F.,(4,3,3,3,3,3,3,3,3,3,
4),(0.,0.0123606055916955,0.0162024826208704,0.0286366349525251,0.0324679549605426,
0.0378815144031477,0.0497679662399321,0.0547540443107443,0.0672971875198207,
0.0789017479531854,0.0793218718105031),.UNSPECIFIED.);
#129=B_SPLINE_CURVE_WITH_KNOTS('',3,(#11214,#11215,#11216,#11217,#11218,
#11219,#11220,#11221,#11222,#11223),.UNSPECIFIED.,.F.,.F.,(4,2,2,2,4),(0.545994893432275,
0.586319400084609,0.626643906736943,0.658977463710099,0.689888910192386),
 .UNSPECIFIED.);
#130=B_SPLINE_CURVE_WITH_KNOTS('',3,(#11225,#11226,#11227,#11228,#11229,
#11230),.UNSPECIFIED.,.F.,.F.,(4,2,4),(0.454711111701625,0.489630644620667,
0.526563618548092),.UNSPECIFIED.);
#131=B_SPLINE_CURVE_WITH_KNOTS('',3,(#11264,#11265,#11266,#11267,#11268,
#11269,#11270,#11271,#11272,#11273),.UNSPECIFIED.,.F.,.F.,(4,3,3,4),(0.0598119405159174,
0.19268178991698,0.368335835803718,0.499968231683964),.UNSPECIFIED.);
#132=B_SPLINE_CURVE_WITH_KNOTS('',3,(#11296,#11297,#11298,#11299,#11300,
#11301,#11302),.UNSPECIFIED.,.F.,.F.,(4,3,4),(-0.237942964436486,-0.19268178991698,
-0.0598119405159176),.UNSPECIFIED.);
#133=B_SPLINE_CURVE_WITH_KNOTS('',3,(#11310,#11311,#11312,#11313,#11314,
#11315,#11316),.UNSPECIFIED.,.F.,.F.,(4,3,4),(-1.52023681716795,-0.474642077493724,
0.),.UNSPECIFIED.);
#134=B_SPLINE_CURVE_WITH_KNOTS('',3,(#11340,#11341,#11342,#11343,#11344,
#11345,#11346,#11347,#11348,#11349),.UNSPECIFIED.,.F.,.F.,(4,3,3,4),(-5.27869343856258,
-3.51686521163665,-1.39013020290688,0.),.UNSPECIFIED.);
#135=B_SPLINE_CURVE_WITH_KNOTS('',3,(#11353,#11354,#11355,#11356,#11357,
#11358,#11359,#11360,#11361,#11362),.UNSPECIFIED.,.F.,.F.,(4,3,3,4),(-0.499984354570679,
-0.356282497272242,-0.182817362552883,-0.0694327039400937),
 .UNSPECIFIED.);
#136=B_SPLINE_CURVE_WITH_KNOTS('',3,(#11381,#11382,#11383,#11384,#11385,
#11386,#11387),.UNSPECIFIED.,.F.,.F.,(4,3,4),(0.069432703940094,0.182817362552883,
0.234287715145378),.UNSPECIFIED.);
#137=B_SPLINE_CURVE_WITH_KNOTS('',3,(#11396,#11397,#11398,#11399,#11400,
#11401,#11402),.UNSPECIFIED.,.F.,.F.,(4,3,4),(-1.60366371748135,-0.407473677465014,
0.),.UNSPECIFIED.);
#138=B_SPLINE_CURVE_WITH_KNOTS('',3,(#11454,#11455,#11456,#11457,#11458,
#11459,#11460,#11461,#11462,#11463),.UNSPECIFIED.,.F.,.F.,(4,3,3,4),(-4.93203789874697,
-3.45707098764953,-1.48883282142309,0.),.UNSPECIFIED.);
#139=B_SPLINE_CURVE_WITH_KNOTS('',3,(#11573,#11574,#11575,#11576,#11577,
#11578,#11579,#11580,#11581,#11582,#11583,#11584,#11585,#11586,#11587,#11588,
#11589,#11590,#11591,#11592,#11593,#11594,#11595,#11596,#11597,#11598,#11599,
#11600,#11601,#11602,#11603),.UNSPECIFIED.,.F.,.F.,(4,3,3,3,3,3,3,3,3,3,
4),(-0.000519208255983603,0.,0.0154818675769645,0.0298428350072458,0.0444289039705018,
0.0506946781015973,0.05738500211384,0.0727426839726637,0.0774866157228152,
0.0928538212202502,0.0975103837603417),.UNSPECIFIED.);
#140=B_SPLINE_CURVE_WITH_KNOTS('',3,(#11606,#11607,#11608,#11609,#11610,
#11611,#11612,#11613,#11614,#11615,#11616,#11617,#11618,#11619,#11620,#11621,
#11622,#11623,#11624,#11625),.UNSPECIFIED.,.F.,.F.,(4,2,2,2,2,2,2,2,2,4),
(0.,0.0902862825195283,0.199870897485239,0.272615506413385,0.321425436037248,
0.357038230564094,0.38810965438127,0.422141759063476,0.461820218830199,
0.51007575915153),.UNSPECIFIED.);
#141=B_SPLINE_CURVE_WITH_KNOTS('',3,(#11630,#11631,#11632,#11633,#11634,
#11635),.UNSPECIFIED.,.F.,.F.,(4,2,4),(0.,0.0369329739274253,0.0718525068464703),
 .UNSPECIFIED.);
#142=B_SPLINE_CURVE_WITH_KNOTS('',3,(#11638,#11639,#11640,#11641,#11642,
#11643,#11644,#11645,#11646,#11647),.UNSPECIFIED.,.F.,.F.,(4,2,2,2,4),(0.402366483604742,
0.435451738045445,0.470619930235478,0.508367693079539,0.5461154559236),
 .UNSPECIFIED.);
#143=B_SPLINE_CURVE_WITH_KNOTS('',3,(#11658,#11659,#11660,#11661,#11662,
#11663,#11664,#11665,#11666,#11667,#11668,#11669,#11670,#11671,#11672,#11673,
#11674,#11675,#11676,#11677),.UNSPECIFIED.,.F.,.F.,(4,2,2,2,2,2,2,2,2,4),
(0.,0.0292372514714788,0.0463513563153614,0.0594197609927205,0.0723086469055514,
0.0888591629776941,0.112946181251724,0.148195579169251,0.183223506152245,
0.238807255581364),.UNSPECIFIED.);
#144=B_SPLINE_CURVE_WITH_KNOTS('',3,(#11731,#11732,#11733,#11734,#11735,
#11736,#11737,#11738,#11739,#11740,#11741,#11742,#11743,#11744,#11745,#11746,
#11747,#11748,#11749,#11750,#11751,#11752,#11753,#11754,#11755,#11756,#11757,
#11758,#11759,#11760,#11761),.UNSPECIFIED.,.F.,.F.,(4,3,3,3,3,3,3,3,3,3,
4),(0.,0.0123606055916955,0.0162024826208704,0.0286366349525251,0.0324679549605426,
0.0378815144031477,0.0497679662399321,0.0547540443107443,0.0672971875198207,
0.0789017479531854,0.0793218718105031),.UNSPECIFIED.);
#145=B_SPLINE_CURVE_WITH_KNOTS('',3,(#11767,#11768,#11769,#11770,#11771,
#11772),.UNSPECIFIED.,.F.,.F.,(4,2,4),(0.454711111701625,0.489630644620667,
0.526563618548092),.UNSPECIFIED.);
#146=B_SPLINE_CURVE_WITH_KNOTS('',3,(#11775,#11776,#11777,#11778,#11779,
#11780,#11781,#11782,#11783,#11784),.UNSPECIFIED.,.F.,.F.,(4,2,2,2,4),(0.545994893432275,
0.586319400084609,0.626643906736943,0.658977463710099,0.689888910192386),
 .UNSPECIFIED.);
#147=B_SPLINE_CURVE_WITH_KNOTS('',3,(#11818,#11819,#11820,#11821,#11822,
#11823,#11824,#11825,#11826,#11827),.UNSPECIFIED.,.F.,.F.,(4,3,3,4),(0.0598119405159174,
0.19268178991698,0.368335835803718,0.499968231683964),.UNSPECIFIED.);
#148=B_SPLINE_CURVE_WITH_KNOTS('',3,(#11851,#11852,#11853,#11854,#11855,
#11856,#11857),.UNSPECIFIED.,.F.,.F.,(4,3,4),(-0.237942964436486,-0.19268178991698,
-0.0598119405159176),.UNSPECIFIED.);
#149=B_SPLINE_CURVE_WITH_KNOTS('',3,(#11862,#11863,#11864,#11865,#11866,
#11867,#11868),.UNSPECIFIED.,.F.,.F.,(4,3,4),(-1.52023681716795,-0.474642077493724,
0.),.UNSPECIFIED.);
#150=B_SPLINE_CURVE_WITH_KNOTS('',3,(#11894,#11895,#11896,#11897,#11898,
#11899,#11900,#11901,#11902,#11903),.UNSPECIFIED.,.F.,.F.,(4,3,3,4),(-5.27869343856258,
-3.51686521163665,-1.39013020290688,0.),.UNSPECIFIED.);
#151=B_SPLINE_CURVE_WITH_KNOTS('',3,(#11907,#11908,#11909,#11910,#11911,
#11912,#11913,#11914,#11915,#11916),.UNSPECIFIED.,.F.,.F.,(4,3,3,4),(-0.499984354570679,
-0.356282497272242,-0.182817362552883,-0.0694327039400937),
 .UNSPECIFIED.);
#152=B_SPLINE_CURVE_WITH_KNOTS('',3,(#11935,#11936,#11937,#11938,#11939,
#11940,#11941),.UNSPECIFIED.,.F.,.F.,(4,3,4),(0.069432703940094,0.182817362552883,
0.234287715145378),.UNSPECIFIED.);
#153=B_SPLINE_CURVE_WITH_KNOTS('',3,(#11950,#11951,#11952,#11953,#11954,
#11955,#11956),.UNSPECIFIED.,.F.,.F.,(4,3,4),(-1.60366371748135,-0.407473677465014,
0.),.UNSPECIFIED.);
#154=B_SPLINE_CURVE_WITH_KNOTS('',3,(#12008,#12009,#12010,#12011,#12012,
#12013,#12014,#12015,#12016,#12017),.UNSPECIFIED.,.F.,.F.,(4,3,3,4),(-4.93203789874697,
-3.45707098764953,-1.48883282142309,0.),.UNSPECIFIED.);
#155=B_SPLINE_CURVE_WITH_KNOTS('',3,(#12126,#12127,#12128,#12129,#12130,
#12131,#12132,#12133,#12134,#12135,#12136,#12137,#12138,#12139,#12140,#12141,
#12142,#12143,#12144,#12145,#12146,#12147,#12148,#12149,#12150,#12151,#12152,
#12153,#12154,#12155,#12156),.UNSPECIFIED.,.F.,.F.,(4,3,3,3,3,3,3,3,3,3,
4),(-0.000519208255983603,0.,0.0154818675769645,0.0298428350072458,0.0444289039705018,
0.0506946781015973,0.05738500211384,0.0727426839726637,0.0774866157228152,
0.0928538212202502,0.0975103837603417),.UNSPECIFIED.);
#156=B_SPLINE_CURVE_WITH_KNOTS('',3,(#12159,#12160,#12161,#12162,#12163,
#12164,#12165,#12166,#12167,#12168,#12169,#12170,#12171,#12172,#12173,#12174,
#12175,#12176,#12177,#12178),.UNSPECIFIED.,.F.,.F.,(4,2,2,2,2,2,2,2,2,4),
(0.,0.0902862825195283,0.199870897485239,0.272615506413385,0.321425436037248,
0.357038230564094,0.38810965438127,0.422141759063476,0.461820218830199,
0.51007575915153),.UNSPECIFIED.);
#157=B_SPLINE_CURVE_WITH_KNOTS('',3,(#12183,#12184,#12185,#12186,#12187,
#12188),.UNSPECIFIED.,.F.,.F.,(4,2,4),(0.,0.0369329739274253,0.0718525068464703),
 .UNSPECIFIED.);
#158=B_SPLINE_CURVE_WITH_KNOTS('',3,(#12191,#12192,#12193,#12194,#12195,
#12196,#12197,#12198,#12199,#12200),.UNSPECIFIED.,.F.,.F.,(4,2,2,2,4),(0.402366483604742,
0.435451738045445,0.470619930235478,0.508367693079539,0.5461154559236),
 .UNSPECIFIED.);
#159=B_SPLINE_CURVE_WITH_KNOTS('',3,(#12211,#12212,#12213,#12214,#12215,
#12216,#12217,#12218,#12219,#12220,#12221,#12222,#12223,#12224,#12225,#12226,
#12227,#12228,#12229,#12230),.UNSPECIFIED.,.F.,.F.,(4,2,2,2,2,2,2,2,2,4),
(0.,0.0292372514714788,0.0463513563153614,0.0594197609927205,0.0723086469055514,
0.0888591629776941,0.112946181251724,0.148195579169251,0.183223506152245,
0.238807255581364),.UNSPECIFIED.);
#160=B_SPLINE_CURVE_WITH_KNOTS('',3,(#12284,#12285,#12286,#12287,#12288,
#12289,#12290,#12291,#12292,#12293,#12294,#12295,#12296,#12297,#12298,#12299,
#12300,#12301,#12302,#12303,#12304,#12305,#12306,#12307,#12308,#12309,#12310,
#12311,#12312,#12313,#12314),.UNSPECIFIED.,.F.,.F.,(4,3,3,3,3,3,3,3,3,3,
4),(0.,0.0123606055916955,0.0162024826208704,0.0286366349525251,0.0324679549605426,
0.0378815144031477,0.0497679662399321,0.0547540443107443,0.0672971875198207,
0.0789017479531854,0.0793218718105031),.UNSPECIFIED.);
#161=B_SPLINE_CURVE_WITH_KNOTS('',3,(#12320,#12321,#12322,#12323,#12324,
#12325),.UNSPECIFIED.,.F.,.F.,(4,2,4),(0.454711111701625,0.489630644620667,
0.526563618548092),.UNSPECIFIED.);
#162=B_SPLINE_CURVE_WITH_KNOTS('',3,(#12328,#12329,#12330,#12331,#12332,
#12333,#12334,#12335,#12336,#12337),.UNSPECIFIED.,.F.,.F.,(4,2,2,2,4),(0.545994893432275,
0.586319400084609,0.626643906736943,0.658977463710099,0.689888910192386),
 .UNSPECIFIED.);
#163=B_SPLINE_CURVE_WITH_KNOTS('',3,(#12369,#12370,#12371,#12372,#12373,
#12374,#12375,#12376,#12377,#12378),.UNSPECIFIED.,.F.,.F.,(4,3,3,4),(0.0598119405159174,
0.19268178991698,0.368335835803718,0.499968231683964),.UNSPECIFIED.);
#164=B_SPLINE_CURVE_WITH_KNOTS('',3,(#12382,#12383,#12384,#12385,#12386,
#12387,#12388,#12389,#12390,#12391),.UNSPECIFIED.,.F.,.F.,(4,3,3,4),(-5.27869343856258,
-3.51686521163665,-1.39013020290688,0.),.UNSPECIFIED.);
#165=B_SPLINE_CURVE_WITH_KNOTS('',3,(#12415,#12416,#12417,#12418,#12419,
#12420,#12421),.UNSPECIFIED.,.F.,.F.,(4,3,4),(-0.237942964436486,-0.19268178991698,
-0.0598119405159176),.UNSPECIFIED.);
#166=B_SPLINE_CURVE_WITH_KNOTS('',3,(#12426,#12427,#12428,#12429,#12430,
#12431,#12432),.UNSPECIFIED.,.F.,.F.,(4,3,4),(-1.52023681716795,-0.474642077493724,
0.),.UNSPECIFIED.);
#167=B_SPLINE_CURVE_WITH_KNOTS('',3,(#12457,#12458,#12459,#12460,#12461,
#12462,#12463,#12464,#12465,#12466),.UNSPECIFIED.,.F.,.F.,(4,3,3,4),(-0.499984354570679,
-0.356282497272242,-0.182817362552883,-0.0694327039400937),
 .UNSPECIFIED.);
#168=B_SPLINE_CURVE_WITH_KNOTS('',3,(#12485,#12486,#12487,#12488,#12489,
#12490,#12491),.UNSPECIFIED.,.F.,.F.,(4,3,4),(0.069432703940094,0.182817362552883,
0.234287715145378),.UNSPECIFIED.);
#169=B_SPLINE_CURVE_WITH_KNOTS('',3,(#12500,#12501,#12502,#12503,#12504,
#12505,#12506),.UNSPECIFIED.,.F.,.F.,(4,3,4),(-1.60366371748135,-0.407473677465014,
0.),.UNSPECIFIED.);
#170=B_SPLINE_CURVE_WITH_KNOTS('',3,(#12513,#12514,#12515,#12516,#12517,
#12518,#12519,#12520,#12521,#12522),.UNSPECIFIED.,.F.,.F.,(4,3,3,4),(-4.93203789874697,
-3.45707098764953,-1.48883282142309,0.),.UNSPECIFIED.);
#171=B_SPLINE_CURVE_WITH_KNOTS('',3,(#12653,#12654,#12655,#12656,#12657,
#12658,#12659,#12660,#12661,#12662,#12663,#12664,#12665,#12666,#12667,#12668,
#12669,#12670,#12671,#12672),.UNSPECIFIED.,.F.,.F.,(4,2,2,2,2,2,2,2,2,4),
(0.,0.0902862825195283,0.199870897485239,0.272615506413385,0.321425436037248,
0.357038230564094,0.38810965438127,0.422141759063476,0.461820218830199,
0.51007575915153),.UNSPECIFIED.);
#172=B_SPLINE_CURVE_WITH_KNOTS('',3,(#12675,#12676,#12677,#12678,#12679,
#12680,#12681,#12682,#12683,#12684,#12685,#12686,#12687,#12688,#12689,#12690,
#12691,#12692,#12693,#12694,#12695,#12696,#12697,#12698,#12699,#12700,#12701,
#12702,#12703,#12704,#12705),.UNSPECIFIED.,.F.,.F.,(4,3,3,3,3,3,3,3,3,3,
4),(-0.000519208255983603,0.,0.0154818675769645,0.0298428350072458,0.0444289039705018,
0.0506946781015973,0.05738500211384,0.0727426839726637,0.0774866157228152,
0.0928538212202502,0.0975103837603417),.UNSPECIFIED.);
#173=B_SPLINE_CURVE_WITH_KNOTS('',3,(#12710,#12711,#12712,#12713,#12714,
#12715,#12716,#12717,#12718,#12719),.UNSPECIFIED.,.F.,.F.,(4,2,2,2,4),(0.402366483604742,
0.435451738045445,0.470619930235478,0.508367693079539,0.5461154559236),
 .UNSPECIFIED.);
#174=B_SPLINE_CURVE_WITH_KNOTS('',3,(#12722,#12723,#12724,#12725,#12726,
#12727),.UNSPECIFIED.,.F.,.F.,(4,2,4),(0.,0.0369329739274253,0.0718525068464703),
 .UNSPECIFIED.);
#175=B_SPLINE_CURVE_WITH_KNOTS('',3,(#12736,#12737,#12738,#12739,#12740,
#12741,#12742,#12743,#12744,#12745,#12746,#12747,#12748,#12749,#12750,#12751,
#12752,#12753,#12754,#12755),.UNSPECIFIED.,.F.,.F.,(4,2,2,2,2,2,2,2,2,4),
(0.,0.0292372514714788,0.0463513563153614,0.0594197609927205,0.0723086469055514,
0.0888591629776941,0.112946181251724,0.148195579169251,0.183223506152245,
0.238807255581364),.UNSPECIFIED.);
#176=B_SPLINE_CURVE_WITH_KNOTS('',3,(#12812,#12813,#12814,#12815,#12816,
#12817,#12818,#12819,#12820,#12821,#12822,#12823,#12824,#12825,#12826,#12827,
#12828,#12829,#12830,#12831,#12832,#12833,#12834,#12835,#12836,#12837,#12838,
#12839,#12840,#12841,#12842),.UNSPECIFIED.,.F.,.F.,(4,3,3,3,3,3,3,3,3,3,
4),(0.,0.0123606055916955,0.0162024826208704,0.0286366349525251,0.0324679549605426,
0.0378815144031477,0.0497679662399321,0.0547540443107443,0.0672971875198207,
0.0789017479531854,0.0793218718105031),.UNSPECIFIED.);
#177=B_SPLINE_CURVE_WITH_KNOTS('',3,(#12848,#12849,#12850,#12851,#12852,
#12853,#12854,#12855,#12856,#12857),.UNSPECIFIED.,.F.,.F.,(4,2,2,2,4),(0.545994893432275,
0.586319400084609,0.626643906736943,0.658977463710099,0.689888910192386),
 .UNSPECIFIED.);
#178=B_SPLINE_CURVE_WITH_KNOTS('',3,(#12859,#12860,#12861,#12862,#12863,
#12864),.UNSPECIFIED.,.F.,.F.,(4,2,4),(0.454711111701625,0.489630644620667,
0.526563618548092),.UNSPECIFIED.);
#179=B_SPLINE_CURVE_WITH_KNOTS('',3,(#12897,#12898,#12899,#12900,#12901,
#12902,#12903,#12904,#12905,#12906),.UNSPECIFIED.,.F.,.F.,(4,3,3,4),(0.0598119405159174,
0.19268178991698,0.368335835803718,0.499968231683964),.UNSPECIFIED.);
#180=B_SPLINE_CURVE_WITH_KNOTS('',3,(#12909,#12910,#12911,#12912,#12913,
#12914,#12915,#12916,#12917,#12918),.UNSPECIFIED.,.F.,.F.,(4,3,3,4),(-5.27869343856258,
-3.51686521163665,-1.39013020290688,0.),.UNSPECIFIED.);
#181=B_SPLINE_CURVE_WITH_KNOTS('',3,(#12941,#12942,#12943,#12944,#12945,
#12946,#12947),.UNSPECIFIED.,.F.,.F.,(4,3,4),(-0.237942964436486,-0.19268178991698,
-0.0598119405159176),.UNSPECIFIED.);
#182=B_SPLINE_CURVE_WITH_KNOTS('',3,(#12955,#12956,#12957,#12958,#12959,
#12960,#12961),.UNSPECIFIED.,.F.,.F.,(4,3,4),(-1.52023681716795,-0.474642077493724,
0.),.UNSPECIFIED.);
#183=B_SPLINE_CURVE_WITH_KNOTS('',3,(#12985,#12986,#12987,#12988,#12989,
#12990,#12991,#12992,#12993,#12994),.UNSPECIFIED.,.F.,.F.,(4,3,3,4),(-0.499984354570679,
-0.356282497272242,-0.182817362552883,-0.0694327039400937),
 .UNSPECIFIED.);
#184=B_SPLINE_CURVE_WITH_KNOTS('',3,(#13012,#13013,#13014,#13015,#13016,
#13017,#13018),.UNSPECIFIED.,.F.,.F.,(4,3,4),(0.069432703940094,0.182817362552883,
0.234287715145378),.UNSPECIFIED.);
#185=B_SPLINE_CURVE_WITH_KNOTS('',3,(#13027,#13028,#13029,#13030,#13031,
#13032,#13033),.UNSPECIFIED.,.F.,.F.,(4,3,4),(-1.60366371748135,-0.407473677465014,
0.),.UNSPECIFIED.);
#186=B_SPLINE_CURVE_WITH_KNOTS('',3,(#13041,#13042,#13043,#13044,#13045,
#13046,#13047,#13048,#13049,#13050),.UNSPECIFIED.,.F.,.F.,(4,3,3,4),(-4.93203789874697,
-3.45707098764953,-1.48883282142309,0.),.UNSPECIFIED.);
#187=FACE_BOUND('',#797,.T.);
#188=FACE_BOUND('',#799,.T.);
#189=FACE_BOUND('',#803,.T.);
#190=FACE_BOUND('',#804,.T.);
#191=FACE_BOUND('',#805,.T.);
#192=FACE_BOUND('',#806,.T.);
#193=FACE_BOUND('',#807,.T.);
#194=FACE_BOUND('',#808,.T.);
#195=FACE_BOUND('',#809,.T.);
#196=FACE_BOUND('',#811,.T.);
#197=FACE_BOUND('',#813,.T.);
#198=FACE_BOUND('',#814,.T.);
#199=FACE_BOUND('',#815,.T.);
#200=FACE_BOUND('',#816,.T.);
#201=FACE_BOUND('',#817,.T.);
#202=FACE_BOUND('',#819,.T.);
#203=FACE_BOUND('',#833,.T.);
#204=FACE_BOUND('',#838,.T.);
#205=FACE_BOUND('',#853,.T.);
#206=FACE_BOUND('',#854,.T.);
#207=FACE_BOUND('',#855,.T.);
#208=FACE_BOUND('',#856,.T.);
#209=FACE_BOUND('',#861,.T.);
#210=FACE_BOUND('',#865,.T.);
#211=FACE_BOUND('',#870,.T.);
#212=FACE_BOUND('',#875,.T.);
#213=FACE_BOUND('',#951,.T.);
#214=FACE_BOUND('',#952,.T.);
#215=FACE_BOUND('',#953,.T.);
#216=FACE_BOUND('',#954,.T.);
#217=FACE_BOUND('',#955,.T.);
#218=FACE_BOUND('',#956,.T.);
#219=FACE_BOUND('',#957,.T.);
#220=FACE_BOUND('',#1151,.T.);
#221=FACE_BOUND('',#1152,.T.);
#222=FACE_BOUND('',#1154,.T.);
#223=FACE_BOUND('',#1155,.T.);
#224=FACE_BOUND('',#1156,.T.);
#225=FACE_BOUND('',#1157,.T.);
#226=FACE_BOUND('',#1158,.T.);
#227=FACE_BOUND('',#1159,.T.);
#228=FACE_BOUND('',#1176,.T.);
#229=FACE_BOUND('',#1177,.T.);
#230=FACE_BOUND('',#1180,.T.);
#231=FACE_BOUND('',#1181,.T.);
#232=PLANE('',#6977);
#233=PLANE('',#6978);
#234=PLANE('',#6979);
#235=PLANE('',#6984);
#236=PLANE('',#6985);
#237=PLANE('',#6990);
#238=PLANE('',#6995);
#239=PLANE('',#6996);
#240=PLANE('',#6997);
#241=PLANE('',#6998);
#242=PLANE('',#6999);
#243=PLANE('',#7000);
#244=PLANE('',#7005);
#245=PLANE('',#7030);
#246=PLANE('',#7039);
#247=PLANE('',#7058);
#248=PLANE('',#7059);
#249=PLANE('',#7060);
#250=PLANE('',#7061);
#251=PLANE('',#7062);
#252=PLANE('',#7063);
#253=PLANE('',#7064);
#254=PLANE('',#7065);
#255=PLANE('',#7066);
#256=PLANE('',#7067);
#257=PLANE('',#7068);
#258=PLANE('',#7074);
#259=PLANE('',#7075);
#260=PLANE('',#7081);
#261=PLANE('',#7086);
#262=PLANE('',#7088);
#263=PLANE('',#7090);
#264=PLANE('',#7093);
#265=PLANE('',#7094);
#266=PLANE('',#7124);
#267=PLANE('',#7130);
#268=PLANE('',#7131);
#269=PLANE('',#7137);
#270=PLANE('',#7138);
#271=PLANE('',#7144);
#272=PLANE('',#7145);
#273=PLANE('',#7146);
#274=PLANE('',#7148);
#275=PLANE('',#7150);
#276=PLANE('',#7152);
#277=PLANE('',#7155);
#278=PLANE('',#7157);
#279=PLANE('',#7159);
#280=PLANE('',#7161);
#281=PLANE('',#7163);
#282=PLANE('',#7165);
#283=PLANE('',#7167);
#284=PLANE('',#7169);
#285=PLANE('',#7171);
#286=PLANE('',#7173);
#287=PLANE('',#7175);
#288=PLANE('',#7177);
#289=PLANE('',#7181);
#290=PLANE('',#7185);
#291=PLANE('',#7192);
#292=PLANE('',#7196);
#293=PLANE('',#7200);
#294=PLANE('',#7204);
#295=PLANE('',#7208);
#296=PLANE('',#7212);
#297=PLANE('',#7216);
#298=PLANE('',#7220);
#299=PLANE('',#7224);
#300=PLANE('',#7228);
#301=PLANE('',#7235);
#302=PLANE('',#7239);
#303=PLANE('',#7240);
#304=PLANE('',#7241);
#305=PLANE('',#7250);
#306=PLANE('',#7261);
#307=PLANE('',#7264);
#308=PLANE('',#7267);
#309=PLANE('',#7270);
#310=PLANE('',#7271);
#311=PLANE('',#7298);
#312=PLANE('',#7301);
#313=PLANE('',#7304);
#314=PLANE('',#7307);
#315=PLANE('',#7310);
#316=PLANE('',#7315);
#317=PLANE('',#7318);
#318=PLANE('',#7321);
#319=PLANE('',#7324);
#320=PLANE('',#7327);
#321=PLANE('',#7330);
#322=PLANE('',#7331);
#323=PLANE('',#7335);
#324=PLANE('',#7337);
#325=PLANE('',#7344);
#326=PLANE('',#7347);
#327=PLANE('',#7348);
#328=PLANE('',#7349);
#329=PLANE('',#7352);
#330=PLANE('',#7353);
#331=PLANE('',#7356);
#332=PLANE('',#7357);
#333=PLANE('',#7368);
#334=PLANE('',#7370);
#335=PLANE('',#7377);
#336=PLANE('',#7380);
#337=PLANE('',#7381);
#338=PLANE('',#7382);
#339=PLANE('',#7385);
#340=PLANE('',#7386);
#341=PLANE('',#7389);
#342=PLANE('',#7390);
#343=PLANE('',#7401);
#344=PLANE('',#7403);
#345=PLANE('',#7410);
#346=PLANE('',#7413);
#347=PLANE('',#7414);
#348=PLANE('',#7416);
#349=PLANE('',#7417);
#350=PLANE('',#7420);
#351=PLANE('',#7421);
#352=PLANE('',#7424);
#353=PLANE('',#7426);
#354=PLANE('',#7427);
#355=PLANE('',#7428);
#356=PLANE('',#7437);
#357=PLANE('',#7439);
#358=PLANE('',#7446);
#359=PLANE('',#7449);
#360=PLANE('',#7450);
#361=PLANE('',#7452);
#362=PLANE('',#7453);
#363=PLANE('',#7456);
#364=PLANE('',#7457);
#365=PLANE('',#7460);
#366=PLANE('',#7462);
#367=PLANE('',#7463);
#368=PLANE('',#7464);
#369=PLANE('',#7470);
#370=PLANE('',#7471);
#371=PLANE('',#7472);
#372=PLANE('',#7473);
#373=PLANE('',#7474);
#374=PLANE('',#7475);
#375=PLANE('',#7476);
#376=PLANE('',#7477);
#377=PLANE('',#7478);
#378=PLANE('',#7479);
#379=PLANE('',#7480);
#380=PLANE('',#7481);
#381=PLANE('',#7482);
#382=PLANE('',#7483);
#383=PLANE('',#7484);
#384=PLANE('',#7485);
#385=PLANE('',#7486);
#386=PLANE('',#7487);
#387=PLANE('',#7488);
#388=PLANE('',#7489);
#389=PLANE('',#7490);
#390=PLANE('',#7491);
#391=PLANE('',#7492);
#392=PLANE('',#7493);
#393=PLANE('',#7494);
#394=PLANE('',#7495);
#395=PLANE('',#7496);
#396=PLANE('',#7497);
#397=PLANE('',#7498);
#398=PLANE('',#7499);
#399=PLANE('',#7500);
#400=PLANE('',#7501);
#401=PLANE('',#7502);
#402=PLANE('',#7503);
#403=PLANE('',#7504);
#404=PLANE('',#7505);
#405=PLANE('',#7506);
#406=PLANE('',#7507);
#407=PLANE('',#7508);
#408=PLANE('',#7509);
#409=PLANE('',#7510);
#410=PLANE('',#7511);
#411=PLANE('',#7512);
#412=PLANE('',#7513);
#413=PLANE('',#7514);
#414=PLANE('',#7515);
#415=PLANE('',#7516);
#416=PLANE('',#7517);
#417=PLANE('',#7518);
#418=PLANE('',#7519);
#419=PLANE('',#7520);
#420=PLANE('',#7521);
#421=PLANE('',#7522);
#422=PLANE('',#7523);
#423=PLANE('',#7524);
#424=PLANE('',#7525);
#425=PLANE('',#7526);
#426=PLANE('',#7527);
#427=PLANE('',#7528);
#428=PLANE('',#7529);
#429=PLANE('',#7543);
#430=PLANE('',#7547);
#431=FACE_OUTER_BOUND('',#784,.T.);
#432=FACE_OUTER_BOUND('',#785,.T.);
#433=FACE_OUTER_BOUND('',#786,.T.);
#434=FACE_OUTER_BOUND('',#787,.T.);
#435=FACE_OUTER_BOUND('',#788,.T.);
#436=FACE_OUTER_BOUND('',#789,.T.);
#437=FACE_OUTER_BOUND('',#790,.T.);
#438=FACE_OUTER_BOUND('',#791,.T.);
#439=FACE_OUTER_BOUND('',#792,.T.);
#440=FACE_OUTER_BOUND('',#793,.T.);
#441=FACE_OUTER_BOUND('',#794,.T.);
#442=FACE_OUTER_BOUND('',#795,.T.);
#443=FACE_OUTER_BOUND('',#796,.T.);
#444=FACE_OUTER_BOUND('',#798,.T.);
#445=FACE_OUTER_BOUND('',#800,.T.);
#446=FACE_OUTER_BOUND('',#801,.T.);
#447=FACE_OUTER_BOUND('',#802,.T.);
#448=FACE_OUTER_BOUND('',#810,.T.);
#449=FACE_OUTER_BOUND('',#812,.T.);
#450=FACE_OUTER_BOUND('',#818,.T.);
#451=FACE_OUTER_BOUND('',#820,.T.);
#452=FACE_OUTER_BOUND('',#821,.T.);
#453=FACE_OUTER_BOUND('',#822,.T.);
#454=FACE_OUTER_BOUND('',#823,.T.);
#455=FACE_OUTER_BOUND('',#824,.T.);
#456=FACE_OUTER_BOUND('',#825,.T.);
#457=FACE_OUTER_BOUND('',#826,.T.);
#458=FACE_OUTER_BOUND('',#827,.T.);
#459=FACE_OUTER_BOUND('',#828,.T.);
#460=FACE_OUTER_BOUND('',#829,.T.);
#461=FACE_OUTER_BOUND('',#830,.T.);
#462=FACE_OUTER_BOUND('',#831,.T.);
#463=FACE_OUTER_BOUND('',#832,.T.);
#464=FACE_OUTER_BOUND('',#834,.T.);
#465=FACE_OUTER_BOUND('',#835,.T.);
#466=FACE_OUTER_BOUND('',#836,.T.);
#467=FACE_OUTER_BOUND('',#837,.T.);
#468=FACE_OUTER_BOUND('',#839,.T.);
#469=FACE_OUTER_BOUND('',#840,.T.);
#470=FACE_OUTER_BOUND('',#841,.T.);
#471=FACE_OUTER_BOUND('',#842,.T.);
#472=FACE_OUTER_BOUND('',#843,.T.);
#473=FACE_OUTER_BOUND('',#844,.T.);
#474=FACE_OUTER_BOUND('',#845,.T.);
#475=FACE_OUTER_BOUND('',#846,.T.);
#476=FACE_OUTER_BOUND('',#847,.T.);
#477=FACE_OUTER_BOUND('',#848,.T.);
#478=FACE_OUTER_BOUND('',#849,.T.);
#479=FACE_OUTER_BOUND('',#850,.T.);
#480=FACE_OUTER_BOUND('',#851,.T.);
#481=FACE_OUTER_BOUND('',#852,.T.);
#482=FACE_OUTER_BOUND('',#857,.T.);
#483=FACE_OUTER_BOUND('',#858,.T.);
#484=FACE_OUTER_BOUND('',#859,.T.);
#485=FACE_OUTER_BOUND('',#860,.T.);
#486=FACE_OUTER_BOUND('',#862,.T.);
#487=FACE_OUTER_BOUND('',#863,.T.);
#488=FACE_OUTER_BOUND('',#864,.T.);
#489=FACE_OUTER_BOUND('',#866,.T.);
#490=FACE_OUTER_BOUND('',#867,.T.);
#491=FACE_OUTER_BOUND('',#868,.T.);
#492=FACE_OUTER_BOUND('',#869,.T.);
#493=FACE_OUTER_BOUND('',#871,.T.);
#494=FACE_OUTER_BOUND('',#872,.T.);
#495=FACE_OUTER_BOUND('',#873,.T.);
#496=FACE_OUTER_BOUND('',#874,.T.);
#497=FACE_OUTER_BOUND('',#876,.T.);
#498=FACE_OUTER_BOUND('',#877,.T.);
#499=FACE_OUTER_BOUND('',#878,.T.);
#500=FACE_OUTER_BOUND('',#879,.T.);
#501=FACE_OUTER_BOUND('',#880,.T.);
#502=FACE_OUTER_BOUND('',#881,.T.);
#503=FACE_OUTER_BOUND('',#882,.T.);
#504=FACE_OUTER_BOUND('',#883,.T.);
#505=FACE_OUTER_BOUND('',#884,.T.);
#506=FACE_OUTER_BOUND('',#885,.T.);
#507=FACE_OUTER_BOUND('',#886,.T.);
#508=FACE_OUTER_BOUND('',#887,.T.);
#509=FACE_OUTER_BOUND('',#888,.T.);
#510=FACE_OUTER_BOUND('',#889,.T.);
#511=FACE_OUTER_BOUND('',#890,.T.);
#512=FACE_OUTER_BOUND('',#891,.T.);
#513=FACE_OUTER_BOUND('',#892,.T.);
#514=FACE_OUTER_BOUND('',#893,.T.);
#515=FACE_OUTER_BOUND('',#894,.T.);
#516=FACE_OUTER_BOUND('',#895,.T.);
#517=FACE_OUTER_BOUND('',#896,.T.);
#518=FACE_OUTER_BOUND('',#897,.T.);
#519=FACE_OUTER_BOUND('',#898,.T.);
#520=FACE_OUTER_BOUND('',#899,.T.);
#521=FACE_OUTER_BOUND('',#900,.T.);
#522=FACE_OUTER_BOUND('',#901,.T.);
#523=FACE_OUTER_BOUND('',#902,.T.);
#524=FACE_OUTER_BOUND('',#903,.T.);
#525=FACE_OUTER_BOUND('',#904,.T.);
#526=FACE_OUTER_BOUND('',#905,.T.);
#527=FACE_OUTER_BOUND('',#906,.T.);
#528=FACE_OUTER_BOUND('',#907,.T.);
#529=FACE_OUTER_BOUND('',#908,.T.);
#530=FACE_OUTER_BOUND('',#909,.T.);
#531=FACE_OUTER_BOUND('',#910,.T.);
#532=FACE_OUTER_BOUND('',#911,.T.);
#533=FACE_OUTER_BOUND('',#912,.T.);
#534=FACE_OUTER_BOUND('',#913,.T.);
#535=FACE_OUTER_BOUND('',#914,.T.);
#536=FACE_OUTER_BOUND('',#915,.T.);
#537=FACE_OUTER_BOUND('',#916,.T.);
#538=FACE_OUTER_BOUND('',#917,.T.);
#539=FACE_OUTER_BOUND('',#918,.T.);
#540=FACE_OUTER_BOUND('',#919,.T.);
#541=FACE_OUTER_BOUND('',#920,.T.);
#542=FACE_OUTER_BOUND('',#921,.T.);
#543=FACE_OUTER_BOUND('',#922,.T.);
#544=FACE_OUTER_BOUND('',#923,.T.);
#545=FACE_OUTER_BOUND('',#924,.T.);
#546=FACE_OUTER_BOUND('',#925,.T.);
#547=FACE_OUTER_BOUND('',#926,.T.);
#548=FACE_OUTER_BOUND('',#927,.T.);
#549=FACE_OUTER_BOUND('',#928,.T.);
#550=FACE_OUTER_BOUND('',#929,.T.);
#551=FACE_OUTER_BOUND('',#930,.T.);
#552=FACE_OUTER_BOUND('',#931,.T.);
#553=FACE_OUTER_BOUND('',#932,.T.);
#554=FACE_OUTER_BOUND('',#933,.T.);
#555=FACE_OUTER_BOUND('',#934,.T.);
#556=FACE_OUTER_BOUND('',#935,.T.);
#557=FACE_OUTER_BOUND('',#936,.T.);
#558=FACE_OUTER_BOUND('',#937,.T.);
#559=FACE_OUTER_BOUND('',#938,.T.);
#560=FACE_OUTER_BOUND('',#939,.T.);
#561=FACE_OUTER_BOUND('',#940,.T.);
#562=FACE_OUTER_BOUND('',#941,.T.);
#563=FACE_OUTER_BOUND('',#942,.T.);
#564=FACE_OUTER_BOUND('',#943,.T.);
#565=FACE_OUTER_BOUND('',#944,.T.);
#566=FACE_OUTER_BOUND('',#945,.T.);
#567=FACE_OUTER_BOUND('',#946,.T.);
#568=FACE_OUTER_BOUND('',#947,.T.);
#569=FACE_OUTER_BOUND('',#948,.T.);
#570=FACE_OUTER_BOUND('',#949,.T.);
#571=FACE_OUTER_BOUND('',#950,.T.);
#572=FACE_OUTER_BOUND('',#958,.T.);
#573=FACE_OUTER_BOUND('',#959,.T.);
#574=FACE_OUTER_BOUND('',#960,.T.);
#575=FACE_OUTER_BOUND('',#961,.T.);
#576=FACE_OUTER_BOUND('',#962,.T.);
#577=FACE_OUTER_BOUND('',#963,.T.);
#578=FACE_OUTER_BOUND('',#964,.T.);
#579=FACE_OUTER_BOUND('',#965,.T.);
#580=FACE_OUTER_BOUND('',#966,.T.);
#581=FACE_OUTER_BOUND('',#967,.T.);
#582=FACE_OUTER_BOUND('',#968,.T.);
#583=FACE_OUTER_BOUND('',#969,.T.);
#584=FACE_OUTER_BOUND('',#970,.T.);
#585=FACE_OUTER_BOUND('',#971,.T.);
#586=FACE_OUTER_BOUND('',#972,.T.);
#587=FACE_OUTER_BOUND('',#973,.T.);
#588=FACE_OUTER_BOUND('',#974,.T.);
#589=FACE_OUTER_BOUND('',#975,.T.);
#590=FACE_OUTER_BOUND('',#976,.T.);
#591=FACE_OUTER_BOUND('',#977,.T.);
#592=FACE_OUTER_BOUND('',#978,.T.);
#593=FACE_OUTER_BOUND('',#979,.T.);
#594=FACE_OUTER_BOUND('',#980,.T.);
#595=FACE_OUTER_BOUND('',#981,.T.);
#596=FACE_OUTER_BOUND('',#982,.T.);
#597=FACE_OUTER_BOUND('',#983,.T.);
#598=FACE_OUTER_BOUND('',#984,.T.);
#599=FACE_OUTER_BOUND('',#985,.T.);
#600=FACE_OUTER_BOUND('',#986,.T.);
#601=FACE_OUTER_BOUND('',#987,.T.);
#602=FACE_OUTER_BOUND('',#988,.T.);
#603=FACE_OUTER_BOUND('',#989,.T.);
#604=FACE_OUTER_BOUND('',#990,.T.);
#605=FACE_OUTER_BOUND('',#991,.T.);
#606=FACE_OUTER_BOUND('',#992,.T.);
#607=FACE_OUTER_BOUND('',#993,.T.);
#608=FACE_OUTER_BOUND('',#994,.T.);
#609=FACE_OUTER_BOUND('',#995,.T.);
#610=FACE_OUTER_BOUND('',#996,.T.);
#611=FACE_OUTER_BOUND('',#997,.T.);
#612=FACE_OUTER_BOUND('',#998,.T.);
#613=FACE_OUTER_BOUND('',#999,.T.);
#614=FACE_OUTER_BOUND('',#1000,.T.);
#615=FACE_OUTER_BOUND('',#1001,.T.);
#616=FACE_OUTER_BOUND('',#1002,.T.);
#617=FACE_OUTER_BOUND('',#1003,.T.);
#618=FACE_OUTER_BOUND('',#1004,.T.);
#619=FACE_OUTER_BOUND('',#1005,.T.);
#620=FACE_OUTER_BOUND('',#1006,.T.);
#621=FACE_OUTER_BOUND('',#1007,.T.);
#622=FACE_OUTER_BOUND('',#1008,.T.);
#623=FACE_OUTER_BOUND('',#1009,.T.);
#624=FACE_OUTER_BOUND('',#1010,.T.);
#625=FACE_OUTER_BOUND('',#1011,.T.);
#626=FACE_OUTER_BOUND('',#1012,.T.);
#627=FACE_OUTER_BOUND('',#1013,.T.);
#628=FACE_OUTER_BOUND('',#1014,.T.);
#629=FACE_OUTER_BOUND('',#1015,.T.);
#630=FACE_OUTER_BOUND('',#1016,.T.);
#631=FACE_OUTER_BOUND('',#1017,.T.);
#632=FACE_OUTER_BOUND('',#1018,.T.);
#633=FACE_OUTER_BOUND('',#1019,.T.);
#634=FACE_OUTER_BOUND('',#1020,.T.);
#635=FACE_OUTER_BOUND('',#1021,.T.);
#636=FACE_OUTER_BOUND('',#1022,.T.);
#637=FACE_OUTER_BOUND('',#1023,.T.);
#638=FACE_OUTER_BOUND('',#1024,.T.);
#639=FACE_OUTER_BOUND('',#1025,.T.);
#640=FACE_OUTER_BOUND('',#1026,.T.);
#641=FACE_OUTER_BOUND('',#1027,.T.);
#642=FACE_OUTER_BOUND('',#1028,.T.);
#643=FACE_OUTER_BOUND('',#1029,.T.);
#644=FACE_OUTER_BOUND('',#1030,.T.);
#645=FACE_OUTER_BOUND('',#1031,.T.);
#646=FACE_OUTER_BOUND('',#1032,.T.);
#647=FACE_OUTER_BOUND('',#1033,.T.);
#648=FACE_OUTER_BOUND('',#1034,.T.);
#649=FACE_OUTER_BOUND('',#1035,.T.);
#650=FACE_OUTER_BOUND('',#1036,.T.);
#651=FACE_OUTER_BOUND('',#1037,.T.);
#652=FACE_OUTER_BOUND('',#1038,.T.);
#653=FACE_OUTER_BOUND('',#1039,.T.);
#654=FACE_OUTER_BOUND('',#1040,.T.);
#655=FACE_OUTER_BOUND('',#1041,.T.);
#656=FACE_OUTER_BOUND('',#1042,.T.);
#657=FACE_OUTER_BOUND('',#1043,.T.);
#658=FACE_OUTER_BOUND('',#1044,.T.);
#659=FACE_OUTER_BOUND('',#1045,.T.);
#660=FACE_OUTER_BOUND('',#1046,.T.);
#661=FACE_OUTER_BOUND('',#1047,.T.);
#662=FACE_OUTER_BOUND('',#1048,.T.);
#663=FACE_OUTER_BOUND('',#1049,.T.);
#664=FACE_OUTER_BOUND('',#1050,.T.);
#665=FACE_OUTER_BOUND('',#1051,.T.);
#666=FACE_OUTER_BOUND('',#1052,.T.);
#667=FACE_OUTER_BOUND('',#1053,.T.);
#668=FACE_OUTER_BOUND('',#1054,.T.);
#669=FACE_OUTER_BOUND('',#1055,.T.);
#670=FACE_OUTER_BOUND('',#1056,.T.);
#671=FACE_OUTER_BOUND('',#1057,.T.);
#672=FACE_OUTER_BOUND('',#1058,.T.);
#673=FACE_OUTER_BOUND('',#1059,.T.);
#674=FACE_OUTER_BOUND('',#1060,.T.);
#675=FACE_OUTER_BOUND('',#1061,.T.);
#676=FACE_OUTER_BOUND('',#1062,.T.);
#677=FACE_OUTER_BOUND('',#1063,.T.);
#678=FACE_OUTER_BOUND('',#1064,.T.);
#679=FACE_OUTER_BOUND('',#1065,.T.);
#680=FACE_OUTER_BOUND('',#1066,.T.);
#681=FACE_OUTER_BOUND('',#1067,.T.);
#682=FACE_OUTER_BOUND('',#1068,.T.);
#683=FACE_OUTER_BOUND('',#1069,.T.);
#684=FACE_OUTER_BOUND('',#1070,.T.);
#685=FACE_OUTER_BOUND('',#1071,.T.);
#686=FACE_OUTER_BOUND('',#1072,.T.);
#687=FACE_OUTER_BOUND('',#1073,.T.);
#688=FACE_OUTER_BOUND('',#1074,.T.);
#689=FACE_OUTER_BOUND('',#1075,.T.);
#690=FACE_OUTER_BOUND('',#1076,.T.);
#691=FACE_OUTER_BOUND('',#1077,.T.);
#692=FACE_OUTER_BOUND('',#1078,.T.);
#693=FACE_OUTER_BOUND('',#1079,.T.);
#694=FACE_OUTER_BOUND('',#1080,.T.);
#695=FACE_OUTER_BOUND('',#1081,.T.);
#696=FACE_OUTER_BOUND('',#1082,.T.);
#697=FACE_OUTER_BOUND('',#1083,.T.);
#698=FACE_OUTER_BOUND('',#1084,.T.);
#699=FACE_OUTER_BOUND('',#1085,.T.);
#700=FACE_OUTER_BOUND('',#1086,.T.);
#701=FACE_OUTER_BOUND('',#1087,.T.);
#702=FACE_OUTER_BOUND('',#1088,.T.);
#703=FACE_OUTER_BOUND('',#1089,.T.);
#704=FACE_OUTER_BOUND('',#1090,.T.);
#705=FACE_OUTER_BOUND('',#1091,.T.);
#706=FACE_OUTER_BOUND('',#1092,.T.);
#707=FACE_OUTER_BOUND('',#1093,.T.);
#708=FACE_OUTER_BOUND('',#1094,.T.);
#709=FACE_OUTER_BOUND('',#1095,.T.);
#710=FACE_OUTER_BOUND('',#1096,.T.);
#711=FACE_OUTER_BOUND('',#1097,.T.);
#712=FACE_OUTER_BOUND('',#1098,.T.);
#713=FACE_OUTER_BOUND('',#1099,.T.);
#714=FACE_OUTER_BOUND('',#1100,.T.);
#715=FACE_OUTER_BOUND('',#1101,.T.);
#716=FACE_OUTER_BOUND('',#1102,.T.);
#717=FACE_OUTER_BOUND('',#1103,.T.);
#718=FACE_OUTER_BOUND('',#1104,.T.);
#719=FACE_OUTER_BOUND('',#1105,.T.);
#720=FACE_OUTER_BOUND('',#1106,.T.);
#721=FACE_OUTER_BOUND('',#1107,.T.);
#722=FACE_OUTER_BOUND('',#1108,.T.);
#723=FACE_OUTER_BOUND('',#1109,.T.);
#724=FACE_OUTER_BOUND('',#1110,.T.);
#725=FACE_OUTER_BOUND('',#1111,.T.);
#726=FACE_OUTER_BOUND('',#1112,.T.);
#727=FACE_OUTER_BOUND('',#1113,.T.);
#728=FACE_OUTER_BOUND('',#1114,.T.);
#729=FACE_OUTER_BOUND('',#1115,.T.);
#730=FACE_OUTER_BOUND('',#1116,.T.);
#731=FACE_OUTER_BOUND('',#1117,.T.);
#732=FACE_OUTER_BOUND('',#1118,.T.);
#733=FACE_OUTER_BOUND('',#1119,.T.);
#734=FACE_OUTER_BOUND('',#1120,.T.);
#735=FACE_OUTER_BOUND('',#1121,.T.);
#736=FACE_OUTER_BOUND('',#1122,.T.);
#737=FACE_OUTER_BOUND('',#1123,.T.);
#738=FACE_OUTER_BOUND('',#1124,.T.);
#739=FACE_OUTER_BOUND('',#1125,.T.);
#740=FACE_OUTER_BOUND('',#1126,.T.);
#741=FACE_OUTER_BOUND('',#1127,.T.);
#742=FACE_OUTER_BOUND('',#1128,.T.);
#743=FACE_OUTER_BOUND('',#1129,.T.);
#744=FACE_OUTER_BOUND('',#1130,.T.);
#745=FACE_OUTER_BOUND('',#1131,.T.);
#746=FACE_OUTER_BOUND('',#1132,.T.);
#747=FACE_OUTER_BOUND('',#1133,.T.);
#748=FACE_OUTER_BOUND('',#1134,.T.);
#749=FACE_OUTER_BOUND('',#1135,.T.);
#750=FACE_OUTER_BOUND('',#1136,.T.);
#751=FACE_OUTER_BOUND('',#1137,.T.);
#752=FACE_OUTER_BOUND('',#1138,.T.);
#753=FACE_OUTER_BOUND('',#1139,.T.);
#754=FACE_OUTER_BOUND('',#1140,.T.);
#755=FACE_OUTER_BOUND('',#1141,.T.);
#756=FACE_OUTER_BOUND('',#1142,.T.);
#757=FACE_OUTER_BOUND('',#1143,.T.);
#758=FACE_OUTER_BOUND('',#1144,.T.);
#759=FACE_OUTER_BOUND('',#1145,.T.);
#760=FACE_OUTER_BOUND('',#1146,.T.);
#761=FACE_OUTER_BOUND('',#1147,.T.);
#762=FACE_OUTER_BOUND('',#1148,.T.);
#763=FACE_OUTER_BOUND('',#1149,.T.);
#764=FACE_OUTER_BOUND('',#1150,.T.);
#765=FACE_OUTER_BOUND('',#1153,.T.);
#766=FACE_OUTER_BOUND('',#1160,.T.);
#767=FACE_OUTER_BOUND('',#1161,.T.);
#768=FACE_OUTER_BOUND('',#1162,.T.);
#769=FACE_OUTER_BOUND('',#1163,.T.);
#770=FACE_OUTER_BOUND('',#1164,.T.);
#771=FACE_OUTER_BOUND('',#1165,.T.);
#772=FACE_OUTER_BOUND('',#1166,.T.);
#773=FACE_OUTER_BOUND('',#1167,.T.);
#774=FACE_OUTER_BOUND('',#1168,.T.);
#775=FACE_OUTER_BOUND('',#1169,.T.);
#776=FACE_OUTER_BOUND('',#1170,.T.);
#777=FACE_OUTER_BOUND('',#1171,.T.);
#778=FACE_OUTER_BOUND('',#1172,.T.);
#779=FACE_OUTER_BOUND('',#1173,.T.);
#780=FACE_OUTER_BOUND('',#1174,.T.);
#781=FACE_OUTER_BOUND('',#1175,.T.);
#782=FACE_OUTER_BOUND('',#1178,.T.);
#783=FACE_OUTER_BOUND('',#1179,.T.);
#784=EDGE_LOOP('',(#4452,#4453,#4454,#4455,#4456,#4457));
#785=EDGE_LOOP('',(#4458,#4459,#4460,#4461,#4462,#4463));
#786=EDGE_LOOP('',(#4464,#4465,#4466,#4467));
#787=EDGE_LOOP('',(#4468,#4469,#4470,#4471,#4472,#4473));
#788=EDGE_LOOP('',(#4474,#4475,#4476,#4477,#4478,#4479));
#789=EDGE_LOOP('',(#4480,#4481,#4482,#4483));
#790=EDGE_LOOP('',(#4484,#4485,#4486,#4487,#4488,#4489));
#791=EDGE_LOOP('',(#4490,#4491,#4492,#4493,#4494,#4495));
#792=EDGE_LOOP('',(#4496,#4497,#4498,#4499));
#793=EDGE_LOOP('',(#4500,#4501,#4502,#4503,#4504,#4505));
#794=EDGE_LOOP('',(#4506,#4507,#4508,#4509,#4510,#4511));
#795=EDGE_LOOP('',(#4512,#4513,#4514,#4515));
#796=EDGE_LOOP('',(#4516,#4517,#4518,#4519,#4520,#4521,#4522,#4523,#4524,
#4525,#4526,#4527));
#797=EDGE_LOOP('',(#4528,#4529,#4530,#4531));
#798=EDGE_LOOP('',(#4532,#4533,#4534,#4535));
#799=EDGE_LOOP('',(#4536,#4537,#4538,#4539));
#800=EDGE_LOOP('',(#4540,#4541,#4542,#4543,#4544,#4545,#4546,#4547));
#801=EDGE_LOOP('',(#4548,#4549,#4550,#4551,#4552,#4553,#4554,#4555,#4556,
#4557,#4558,#4559,#4560,#4561,#4562,#4563));
#802=EDGE_LOOP('',(#4564,#4565,#4566,#4567,#4568,#4569,#4570,#4571,#4572,
#4573,#4574,#4575,#4576,#4577,#4578,#4579,#4580,#4581,#4582,#4583));
#803=EDGE_LOOP('',(#4584));
#804=EDGE_LOOP('',(#4585));
#805=EDGE_LOOP('',(#4586,#4587,#4588,#4589,#4590,#4591,#4592,#4593,#4594,
#4595,#4596,#4597,#4598,#4599));
#806=EDGE_LOOP('',(#4600,#4601,#4602,#4603,#4604,#4605,#4606,#4607));
#807=EDGE_LOOP('',(#4608));
#808=EDGE_LOOP('',(#4609));
#809=EDGE_LOOP('',(#4610,#4611,#4612,#4613,#4614,#4615,#4616,#4617,#4618,
#4619,#4620,#4621,#4622,#4623,#4624,#4625,#4626,#4627,#4628,#4629));
#810=EDGE_LOOP('',(#4630,#4631,#4632,#4633,#4634,#4635,#4636,#4637,#4638,
#4639));
#811=EDGE_LOOP('',(#4640,#4641,#4642,#4643,#4644,#4645,#4646,#4647));
#812=EDGE_LOOP('',(#4648,#4649,#4650,#4651,#4652,#4653,#4654,#4655,#4656,
#4657,#4658,#4659,#4660,#4661,#4662,#4663));
#813=EDGE_LOOP('',(#4664,#4665,#4666,#4667,#4668,#4669,#4670,#4671));
#814=EDGE_LOOP('',(#4672,#4673,#4674,#4675,#4676,#4677,#4678,#4679));
#815=EDGE_LOOP('',(#4680));
#816=EDGE_LOOP('',(#4681));
#817=EDGE_LOOP('',(#4682,#4683,#4684,#4685,#4686,#4687,#4688,#4689,#4690,
#4691,#4692,#4693,#4694,#4695,#4696,#4697,#4698,#4699,#4700,#4701));
#818=EDGE_LOOP('',(#4702,#4703,#4704,#4705,#4706,#4707,#4708,#4709,#4710,
#4711,#4712,#4713));
#819=EDGE_LOOP('',(#4714,#4715,#4716,#4717));
#820=EDGE_LOOP('',(#4718,#4719,#4720,#4721));
#821=EDGE_LOOP('',(#4722,#4723,#4724,#4725));
#822=EDGE_LOOP('',(#4726,#4727,#4728,#4729));
#823=EDGE_LOOP('',(#4730,#4731,#4732,#4733));
#824=EDGE_LOOP('',(#4734,#4735,#4736,#4737));
#825=EDGE_LOOP('',(#4738,#4739,#4740,#4741));
#826=EDGE_LOOP('',(#4742,#4743,#4744,#4745));
#827=EDGE_LOOP('',(#4746,#4747,#4748,#4749));
#828=EDGE_LOOP('',(#4750,#4751,#4752,#4753,#4754,#4755,#4756,#4757,#4758,
#4759,#4760,#4761));
#829=EDGE_LOOP('',(#4762,#4763));
#830=EDGE_LOOP('',(#4764,#4765,#4766,#4767));
#831=EDGE_LOOP('',(#4768,#4769,#4770,#4771,#4772,#4773));
#832=EDGE_LOOP('',(#4774));
#833=EDGE_LOOP('',(#4775));
#834=EDGE_LOOP('',(#4776,#4777));
#835=EDGE_LOOP('',(#4778,#4779,#4780,#4781));
#836=EDGE_LOOP('',(#4782,#4783,#4784,#4785,#4786,#4787));
#837=EDGE_LOOP('',(#4788));
#838=EDGE_LOOP('',(#4789));
#839=EDGE_LOOP('',(#4790,#4791,#4792,#4793));
#840=EDGE_LOOP('',(#4794,#4795,#4796,#4797));
#841=EDGE_LOOP('',(#4798,#4799,#4800,#4801));
#842=EDGE_LOOP('',(#4802,#4803,#4804,#4805));
#843=EDGE_LOOP('',(#4806,#4807,#4808,#4809));
#844=EDGE_LOOP('',(#4810,#4811,#4812,#4813));
#845=EDGE_LOOP('',(#4814,#4815,#4816,#4817));
#846=EDGE_LOOP('',(#4818,#4819,#4820,#4821));
#847=EDGE_LOOP('',(#4822,#4823,#4824,#4825));
#848=EDGE_LOOP('',(#4826,#4827,#4828,#4829));
#849=EDGE_LOOP('',(#4830,#4831,#4832,#4833));
#850=EDGE_LOOP('',(#4834,#4835,#4836,#4837,#4838));
#851=EDGE_LOOP('',(#4839,#4840,#4841,#4842,#4843,#4844,#4845));
#852=EDGE_LOOP('',(#4846,#4847,#4848,#4849,#4850,#4851,#4852,#4853,#4854,
#4855,#4856,#4857,#4858,#4859,#4860,#4861,#4862,#4863,#4864,#4865,#4866,
#4867,#4868,#4869,#4870,#4871,#4872,#4873,#4874,#4875,#4876,#4877,#4878,
#4879,#4880,#4881,#4882,#4883,#4884,#4885,#4886,#4887,#4888,#4889,#4890,
#4891,#4892,#4893,#4894,#4895,#4896,#4897,#4898,#4899,#4900,#4901,#4902,
#4903,#4904,#4905,#4906,#4907,#4908,#4909,#4910,#4911,#4912,#4913,#4914,
#4915,#4916,#4917,#4918,#4919,#4920,#4921,#4922));
#853=EDGE_LOOP('',(#4923));
#854=EDGE_LOOP('',(#4924));
#855=EDGE_LOOP('',(#4925));
#856=EDGE_LOOP('',(#4926));
#857=EDGE_LOOP('',(#4927,#4928,#4929,#4930,#4931,#4932,#4933));
#858=EDGE_LOOP('',(#4934,#4935,#4936,#4937));
#859=EDGE_LOOP('',(#4938,#4939,#4940,#4941));
#860=EDGE_LOOP('',(#4942));
#861=EDGE_LOOP('',(#4943));
#862=EDGE_LOOP('',(#4944,#4945,#4946,#4947));
#863=EDGE_LOOP('',(#4948,#4949,#4950,#4951));
#864=EDGE_LOOP('',(#4952));
#865=EDGE_LOOP('',(#4953));
#866=EDGE_LOOP('',(#4954));
#867=EDGE_LOOP('',(#4955,#4956,#4957,#4958));
#868=EDGE_LOOP('',(#4959,#4960,#4961,#4962));
#869=EDGE_LOOP('',(#4963));
#870=EDGE_LOOP('',(#4964));
#871=EDGE_LOOP('',(#4965));
#872=EDGE_LOOP('',(#4966,#4967,#4968,#4969));
#873=EDGE_LOOP('',(#4970,#4971,#4972,#4973));
#874=EDGE_LOOP('',(#4974));
#875=EDGE_LOOP('',(#4975));
#876=EDGE_LOOP('',(#4976));
#877=EDGE_LOOP('',(#4977,#4978,#4979,#4980));
#878=EDGE_LOOP('',(#4981,#4982,#4983,#4984));
#879=EDGE_LOOP('',(#4985,#4986,#4987,#4988));
#880=EDGE_LOOP('',(#4989,#4990,#4991,#4992));
#881=EDGE_LOOP('',(#4993,#4994,#4995,#4996));
#882=EDGE_LOOP('',(#4997,#4998,#4999,#5000));
#883=EDGE_LOOP('',(#5001,#5002,#5003,#5004));
#884=EDGE_LOOP('',(#5005,#5006,#5007,#5008));
#885=EDGE_LOOP('',(#5009,#5010,#5011,#5012));
#886=EDGE_LOOP('',(#5013,#5014,#5015,#5016));
#887=EDGE_LOOP('',(#5017,#5018,#5019,#5020));
#888=EDGE_LOOP('',(#5021,#5022,#5023,#5024));
#889=EDGE_LOOP('',(#5025,#5026,#5027,#5028));
#890=EDGE_LOOP('',(#5029,#5030,#5031,#5032));
#891=EDGE_LOOP('',(#5033,#5034,#5035,#5036));
#892=EDGE_LOOP('',(#5037,#5038,#5039,#5040));
#893=EDGE_LOOP('',(#5041,#5042,#5043,#5044));
#894=EDGE_LOOP('',(#5045,#5046,#5047,#5048));
#895=EDGE_LOOP('',(#5049,#5050,#5051,#5052));
#896=EDGE_LOOP('',(#5053,#5054,#5055,#5056));
#897=EDGE_LOOP('',(#5057,#5058,#5059,#5060));
#898=EDGE_LOOP('',(#5061,#5062,#5063,#5064));
#899=EDGE_LOOP('',(#5065,#5066,#5067,#5068));
#900=EDGE_LOOP('',(#5069,#5070,#5071,#5072));
#901=EDGE_LOOP('',(#5073,#5074,#5075,#5076));
#902=EDGE_LOOP('',(#5077,#5078,#5079,#5080));
#903=EDGE_LOOP('',(#5081,#5082,#5083,#5084));
#904=EDGE_LOOP('',(#5085,#5086,#5087,#5088,#5089,#5090,#5091,#5092));
#905=EDGE_LOOP('',(#5093,#5094,#5095,#5096));
#906=EDGE_LOOP('',(#5097,#5098,#5099,#5100));
#907=EDGE_LOOP('',(#5101,#5102,#5103,#5104));
#908=EDGE_LOOP('',(#5105,#5106,#5107,#5108));
#909=EDGE_LOOP('',(#5109,#5110,#5111,#5112));
#910=EDGE_LOOP('',(#5113,#5114,#5115,#5116));
#911=EDGE_LOOP('',(#5117,#5118,#5119,#5120));
#912=EDGE_LOOP('',(#5121,#5122,#5123,#5124));
#913=EDGE_LOOP('',(#5125,#5126,#5127,#5128));
#914=EDGE_LOOP('',(#5129,#5130,#5131,#5132));
#915=EDGE_LOOP('',(#5133,#5134,#5135,#5136));
#916=EDGE_LOOP('',(#5137,#5138,#5139,#5140));
#917=EDGE_LOOP('',(#5141,#5142,#5143,#5144));
#918=EDGE_LOOP('',(#5145,#5146,#5147,#5148));
#919=EDGE_LOOP('',(#5149,#5150,#5151,#5152));
#920=EDGE_LOOP('',(#5153,#5154,#5155,#5156));
#921=EDGE_LOOP('',(#5157,#5158,#5159,#5160));
#922=EDGE_LOOP('',(#5161,#5162,#5163,#5164));
#923=EDGE_LOOP('',(#5165,#5166,#5167,#5168,#5169,#5170,#5171,#5172,#5173,
#5174,#5175,#5176,#5177,#5178,#5179,#5180));
#924=EDGE_LOOP('',(#5181,#5182,#5183,#5184));
#925=EDGE_LOOP('',(#5185,#5186,#5187,#5188));
#926=EDGE_LOOP('',(#5189,#5190,#5191,#5192));
#927=EDGE_LOOP('',(#5193,#5194,#5195,#5196));
#928=EDGE_LOOP('',(#5197,#5198,#5199,#5200));
#929=EDGE_LOOP('',(#5201,#5202,#5203,#5204));
#930=EDGE_LOOP('',(#5205,#5206,#5207,#5208));
#931=EDGE_LOOP('',(#5209,#5210,#5211,#5212));
#932=EDGE_LOOP('',(#5213,#5214,#5215,#5216));
#933=EDGE_LOOP('',(#5217,#5218,#5219,#5220));
#934=EDGE_LOOP('',(#5221,#5222,#5223,#5224));
#935=EDGE_LOOP('',(#5225,#5226,#5227,#5228));
#936=EDGE_LOOP('',(#5229,#5230,#5231,#5232));
#937=EDGE_LOOP('',(#5233,#5234,#5235,#5236));
#938=EDGE_LOOP('',(#5237,#5238,#5239,#5240));
#939=EDGE_LOOP('',(#5241,#5242,#5243,#5244,#5245,#5246,#5247,#5248,#5249,
#5250,#5251,#5252,#5253,#5254,#5255,#5256));
#940=EDGE_LOOP('',(#5257,#5258,#5259,#5260,#5261,#5262,#5263,#5264,#5265,
#5266,#5267,#5268,#5269,#5270,#5271,#5272));
#941=EDGE_LOOP('',(#5273,#5274,#5275,#5276,#5277,#5278,#5279,#5280,#5281,
#5282,#5283,#5284,#5285,#5286,#5287,#5288));
#942=EDGE_LOOP('',(#5289,#5290,#5291,#5292));
#943=EDGE_LOOP('',(#5293,#5294,#5295,#5296));
#944=EDGE_LOOP('',(#5297,#5298,#5299,#5300));
#945=EDGE_LOOP('',(#5301,#5302,#5303,#5304));
#946=EDGE_LOOP('',(#5305,#5306,#5307,#5308));
#947=EDGE_LOOP('',(#5309,#5310,#5311,#5312));
#948=EDGE_LOOP('',(#5313,#5314,#5315,#5316));
#949=EDGE_LOOP('',(#5317,#5318,#5319,#5320));
#950=EDGE_LOOP('',(#5321,#5322,#5323,#5324,#5325,#5326,#5327,#5328,#5329,
#5330,#5331,#5332));
#951=EDGE_LOOP('',(#5333,#5334,#5335,#5336));
#952=EDGE_LOOP('',(#5337));
#953=EDGE_LOOP('',(#5338));
#954=EDGE_LOOP('',(#5339));
#955=EDGE_LOOP('',(#5340));
#956=EDGE_LOOP('',(#5341,#5342,#5343,#5344,#5345,#5346,#5347,#5348,#5349,
#5350,#5351,#5352,#5353,#5354,#5355,#5356,#5357,#5358,#5359,#5360,#5361,
#5362,#5363,#5364,#5365,#5366,#5367,#5368,#5369,#5370,#5371,#5372,#5373,
#5374,#5375));
#957=EDGE_LOOP('',(#5376,#5377,#5378,#5379,#5380,#5381,#5382,#5383,#5384,
#5385,#5386,#5387,#5388,#5389,#5390,#5391,#5392,#5393,#5394,#5395,#5396,
#5397,#5398,#5399,#5400,#5401,#5402,#5403,#5404,#5405,#5406,#5407,#5408,
#5409,#5410));
#958=EDGE_LOOP('',(#5411,#5412,#5413,#5414));
#959=EDGE_LOOP('',(#5415,#5416,#5417,#5418));
#960=EDGE_LOOP('',(#5419,#5420,#5421,#5422));
#961=EDGE_LOOP('',(#5423,#5424,#5425,#5426));
#962=EDGE_LOOP('',(#5427,#5428,#5429,#5430));
#963=EDGE_LOOP('',(#5431,#5432,#5433,#5434));
#964=EDGE_LOOP('',(#5435,#5436,#5437,#5438));
#965=EDGE_LOOP('',(#5439,#5440,#5441,#5442));
#966=EDGE_LOOP('',(#5443,#5444,#5445,#5446));
#967=EDGE_LOOP('',(#5447,#5448,#5449,#5450));
#968=EDGE_LOOP('',(#5451,#5452,#5453,#5454));
#969=EDGE_LOOP('',(#5455,#5456,#5457,#5458));
#970=EDGE_LOOP('',(#5459,#5460,#5461,#5462));
#971=EDGE_LOOP('',(#5463,#5464,#5465,#5466));
#972=EDGE_LOOP('',(#5467,#5468,#5469,#5470,#5471,#5472,#5473,#5474,#5475,
#5476,#5477,#5478,#5479,#5480,#5481,#5482));
#973=EDGE_LOOP('',(#5483,#5484,#5485,#5486));
#974=EDGE_LOOP('',(#5487,#5488,#5489,#5490));
#975=EDGE_LOOP('',(#5491,#5492,#5493,#5494));
#976=EDGE_LOOP('',(#5495,#5496,#5497,#5498));
#977=EDGE_LOOP('',(#5499,#5500,#5501,#5502));
#978=EDGE_LOOP('',(#5503,#5504,#5505,#5506));
#979=EDGE_LOOP('',(#5507,#5508,#5509,#5510));
#980=EDGE_LOOP('',(#5511,#5512,#5513,#5514));
#981=EDGE_LOOP('',(#5515,#5516,#5517,#5518,#5519,#5520,#5521,#5522,#5523,
#5524,#5525,#5526,#5527,#5528,#5529,#5530));
#982=EDGE_LOOP('',(#5531,#5532,#5533,#5534));
#983=EDGE_LOOP('',(#5535,#5536,#5537,#5538,#5539));
#984=EDGE_LOOP('',(#5540,#5541,#5542,#5543));
#985=EDGE_LOOP('',(#5544,#5545,#5546,#5547,#5548,#5549));
#986=EDGE_LOOP('',(#5550,#5551,#5552,#5553));
#987=EDGE_LOOP('',(#5554,#5555,#5556,#5557,#5558));
#988=EDGE_LOOP('',(#5559,#5560,#5561,#5562,#5563,#5564,#5565,#5566));
#989=EDGE_LOOP('',(#5567,#5568,#5569,#5570));
#990=EDGE_LOOP('',(#5571,#5572,#5573,#5574,#5575,#5576,#5577,#5578));
#991=EDGE_LOOP('',(#5579,#5580,#5581,#5582,#5583,#5584));
#992=EDGE_LOOP('',(#5585,#5586,#5587,#5588));
#993=EDGE_LOOP('',(#5589,#5590,#5591,#5592));
#994=EDGE_LOOP('',(#5593,#5594,#5595,#5596));
#995=EDGE_LOOP('',(#5597,#5598,#5599,#5600,#5601,#5602));
#996=EDGE_LOOP('',(#5603,#5604,#5605,#5606));
#997=EDGE_LOOP('',(#5607,#5608,#5609,#5610));
#998=EDGE_LOOP('',(#5611,#5612,#5613,#5614));
#999=EDGE_LOOP('',(#5615,#5616,#5617,#5618,#5619,#5620));
#1000=EDGE_LOOP('',(#5621,#5622,#5623,#5624,#5625,#5626));
#1001=EDGE_LOOP('',(#5627,#5628,#5629,#5630));
#1002=EDGE_LOOP('',(#5631,#5632,#5633,#5634));
#1003=EDGE_LOOP('',(#5635,#5636,#5637,#5638,#5639,#5640,#5641,#5642));
#1004=EDGE_LOOP('',(#5643,#5644,#5645,#5646,#5647,#5648,#5649,#5650));
#1005=EDGE_LOOP('',(#5651,#5652,#5653,#5654));
#1006=EDGE_LOOP('',(#5655,#5656,#5657,#5658));
#1007=EDGE_LOOP('',(#5659,#5660,#5661,#5662));
#1008=EDGE_LOOP('',(#5663,#5664,#5665,#5666));
#1009=EDGE_LOOP('',(#5667,#5668,#5669,#5670));
#1010=EDGE_LOOP('',(#5671,#5672,#5673,#5674,#5675,#5676,#5677,#5678));
#1011=EDGE_LOOP('',(#5679,#5680,#5681,#5682));
#1012=EDGE_LOOP('',(#5683,#5684,#5685,#5686,#5687));
#1013=EDGE_LOOP('',(#5688,#5689,#5690,#5691));
#1014=EDGE_LOOP('',(#5692,#5693,#5694,#5695,#5696,#5697));
#1015=EDGE_LOOP('',(#5698,#5699,#5700,#5701));
#1016=EDGE_LOOP('',(#5702,#5703,#5704,#5705,#5706));
#1017=EDGE_LOOP('',(#5707,#5708,#5709,#5710,#5711,#5712,#5713,#5714));
#1018=EDGE_LOOP('',(#5715,#5716,#5717,#5718));
#1019=EDGE_LOOP('',(#5719,#5720,#5721,#5722,#5723,#5724,#5725,#5726));
#1020=EDGE_LOOP('',(#5727,#5728,#5729,#5730,#5731,#5732));
#1021=EDGE_LOOP('',(#5733,#5734,#5735,#5736));
#1022=EDGE_LOOP('',(#5737,#5738,#5739,#5740));
#1023=EDGE_LOOP('',(#5741,#5742,#5743,#5744));
#1024=EDGE_LOOP('',(#5745,#5746,#5747,#5748,#5749,#5750));
#1025=EDGE_LOOP('',(#5751,#5752,#5753,#5754));
#1026=EDGE_LOOP('',(#5755,#5756,#5757,#5758));
#1027=EDGE_LOOP('',(#5759,#5760,#5761,#5762));
#1028=EDGE_LOOP('',(#5763,#5764,#5765,#5766,#5767,#5768));
#1029=EDGE_LOOP('',(#5769,#5770,#5771,#5772,#5773,#5774));
#1030=EDGE_LOOP('',(#5775,#5776,#5777,#5778));
#1031=EDGE_LOOP('',(#5779,#5780,#5781,#5782));
#1032=EDGE_LOOP('',(#5783,#5784,#5785,#5786,#5787,#5788,#5789,#5790));
#1033=EDGE_LOOP('',(#5791,#5792,#5793,#5794,#5795,#5796,#5797,#5798));
#1034=EDGE_LOOP('',(#5799,#5800,#5801,#5802));
#1035=EDGE_LOOP('',(#5803,#5804,#5805,#5806));
#1036=EDGE_LOOP('',(#5807,#5808,#5809,#5810));
#1037=EDGE_LOOP('',(#5811,#5812,#5813,#5814));
#1038=EDGE_LOOP('',(#5815,#5816,#5817,#5818));
#1039=EDGE_LOOP('',(#5819,#5820,#5821,#5822,#5823,#5824,#5825,#5826));
#1040=EDGE_LOOP('',(#5827,#5828,#5829,#5830));
#1041=EDGE_LOOP('',(#5831,#5832,#5833,#5834,#5835));
#1042=EDGE_LOOP('',(#5836,#5837,#5838,#5839));
#1043=EDGE_LOOP('',(#5840,#5841,#5842,#5843,#5844,#5845));
#1044=EDGE_LOOP('',(#5846,#5847,#5848,#5849));
#1045=EDGE_LOOP('',(#5850,#5851,#5852,#5853,#5854));
#1046=EDGE_LOOP('',(#5855,#5856,#5857,#5858,#5859,#5860,#5861,#5862));
#1047=EDGE_LOOP('',(#5863,#5864,#5865,#5866));
#1048=EDGE_LOOP('',(#5867,#5868,#5869,#5870,#5871,#5872,#5873,#5874));
#1049=EDGE_LOOP('',(#5875,#5876,#5877,#5878,#5879,#5880));
#1050=EDGE_LOOP('',(#5881,#5882,#5883,#5884));
#1051=EDGE_LOOP('',(#5885,#5886,#5887,#5888,#5889,#5890));
#1052=EDGE_LOOP('',(#5891,#5892,#5893,#5894));
#1053=EDGE_LOOP('',(#5895,#5896,#5897,#5898));
#1054=EDGE_LOOP('',(#5899,#5900,#5901,#5902,#5903,#5904));
#1055=EDGE_LOOP('',(#5905,#5906,#5907,#5908));
#1056=EDGE_LOOP('',(#5909,#5910,#5911,#5912));
#1057=EDGE_LOOP('',(#5913,#5914,#5915,#5916));
#1058=EDGE_LOOP('',(#5917,#5918,#5919,#5920,#5921,#5922));
#1059=EDGE_LOOP('',(#5923,#5924,#5925,#5926,#5927,#5928));
#1060=EDGE_LOOP('',(#5929,#5930,#5931,#5932,#5933,#5934,#5935,#5936));
#1061=EDGE_LOOP('',(#5937,#5938,#5939,#5940,#5941,#5942));
#1062=EDGE_LOOP('',(#5943,#5944,#5945,#5946));
#1063=EDGE_LOOP('',(#5947,#5948,#5949,#5950));
#1064=EDGE_LOOP('',(#5951,#5952,#5953,#5954,#5955,#5956,#5957,#5958));
#1065=EDGE_LOOP('',(#5959,#5960,#5961,#5962,#5963,#5964,#5965,#5966));
#1066=EDGE_LOOP('',(#5967,#5968,#5969,#5970));
#1067=EDGE_LOOP('',(#5971,#5972,#5973,#5974));
#1068=EDGE_LOOP('',(#5975,#5976,#5977,#5978));
#1069=EDGE_LOOP('',(#5979,#5980,#5981,#5982));
#1070=EDGE_LOOP('',(#5983,#5984,#5985,#5986,#5987,#5988,#5989,#5990));
#1071=EDGE_LOOP('',(#5991,#5992,#5993,#5994));
#1072=EDGE_LOOP('',(#5995,#5996,#5997,#5998,#5999));
#1073=EDGE_LOOP('',(#6000,#6001,#6002,#6003));
#1074=EDGE_LOOP('',(#6004,#6005,#6006,#6007,#6008,#6009));
#1075=EDGE_LOOP('',(#6010,#6011,#6012,#6013));
#1076=EDGE_LOOP('',(#6014,#6015,#6016,#6017,#6018));
#1077=EDGE_LOOP('',(#6019,#6020,#6021,#6022,#6023,#6024,#6025,#6026));
#1078=EDGE_LOOP('',(#6027,#6028,#6029,#6030));
#1079=EDGE_LOOP('',(#6031,#6032,#6033,#6034,#6035,#6036,#6037,#6038));
#1080=EDGE_LOOP('',(#6039,#6040,#6041,#6042,#6043,#6044));
#1081=EDGE_LOOP('',(#6045,#6046,#6047,#6048));
#1082=EDGE_LOOP('',(#6049,#6050,#6051,#6052,#6053,#6054));
#1083=EDGE_LOOP('',(#6055,#6056,#6057,#6058));
#1084=EDGE_LOOP('',(#6059,#6060,#6061,#6062));
#1085=EDGE_LOOP('',(#6063,#6064,#6065,#6066,#6067,#6068));
#1086=EDGE_LOOP('',(#6069,#6070,#6071,#6072));
#1087=EDGE_LOOP('',(#6073,#6074,#6075,#6076));
#1088=EDGE_LOOP('',(#6077,#6078,#6079,#6080));
#1089=EDGE_LOOP('',(#6081,#6082,#6083,#6084,#6085,#6086));
#1090=EDGE_LOOP('',(#6087,#6088,#6089,#6090,#6091,#6092));
#1091=EDGE_LOOP('',(#6093));
#1092=EDGE_LOOP('',(#6094,#6095,#6096,#6097,#6098,#6099));
#1093=EDGE_LOOP('',(#6100,#6101,#6102,#6103));
#1094=EDGE_LOOP('',(#6104,#6105,#6106,#6107));
#1095=EDGE_LOOP('',(#6108,#6109,#6110,#6111,#6112,#6113,#6114,#6115));
#1096=EDGE_LOOP('',(#6116,#6117,#6118,#6119,#6120,#6121,#6122,#6123));
#1097=EDGE_LOOP('',(#6124,#6125,#6126,#6127));
#1098=EDGE_LOOP('',(#6128,#6129,#6130,#6131));
#1099=EDGE_LOOP('',(#6132,#6133,#6134,#6135));
#1100=EDGE_LOOP('',(#6136,#6137,#6138,#6139));
#1101=EDGE_LOOP('',(#6140,#6141,#6142,#6143,#6144,#6145,#6146,#6147));
#1102=EDGE_LOOP('',(#6148,#6149,#6150,#6151));
#1103=EDGE_LOOP('',(#6152,#6153,#6154,#6155));
#1104=EDGE_LOOP('',(#6156,#6157,#6158,#6159));
#1105=EDGE_LOOP('',(#6160,#6161,#6162,#6163));
#1106=EDGE_LOOP('',(#6164,#6165,#6166,#6167));
#1107=EDGE_LOOP('',(#6168,#6169,#6170,#6171));
#1108=EDGE_LOOP('',(#6172,#6173,#6174,#6175,#6176,#6177));
#1109=EDGE_LOOP('',(#6178,#6179,#6180,#6181));
#1110=EDGE_LOOP('',(#6182,#6183,#6184,#6185));
#1111=EDGE_LOOP('',(#6186,#6187,#6188,#6189));
#1112=EDGE_LOOP('',(#6190,#6191,#6192,#6193));
#1113=EDGE_LOOP('',(#6194,#6195,#6196,#6197));
#1114=EDGE_LOOP('',(#6198,#6199,#6200,#6201));
#1115=EDGE_LOOP('',(#6202,#6203,#6204,#6205,#6206,#6207));
#1116=EDGE_LOOP('',(#6208,#6209,#6210,#6211));
#1117=EDGE_LOOP('',(#6212,#6213,#6214,#6215));
#1118=EDGE_LOOP('',(#6216,#6217,#6218,#6219));
#1119=EDGE_LOOP('',(#6220,#6221,#6222,#6223));
#1120=EDGE_LOOP('',(#6224,#6225,#6226,#6227));
#1121=EDGE_LOOP('',(#6228,#6229,#6230,#6231));
#1122=EDGE_LOOP('',(#6232,#6233,#6234,#6235,#6236,#6237));
#1123=EDGE_LOOP('',(#6238,#6239,#6240,#6241));
#1124=EDGE_LOOP('',(#6242,#6243,#6244,#6245));
#1125=EDGE_LOOP('',(#6246,#6247,#6248,#6249));
#1126=EDGE_LOOP('',(#6250,#6251,#6252,#6253));
#1127=EDGE_LOOP('',(#6254,#6255,#6256,#6257));
#1128=EDGE_LOOP('',(#6258,#6259,#6260,#6261));
#1129=EDGE_LOOP('',(#6262,#6263,#6264,#6265,#6266,#6267));
#1130=EDGE_LOOP('',(#6268,#6269,#6270,#6271));
#1131=EDGE_LOOP('',(#6272,#6273,#6274,#6275));
#1132=EDGE_LOOP('',(#6276,#6277,#6278,#6279));
#1133=EDGE_LOOP('',(#6280,#6281,#6282,#6283));
#1134=EDGE_LOOP('',(#6284,#6285,#6286,#6287));
#1135=EDGE_LOOP('',(#6288,#6289,#6290,#6291));
#1136=EDGE_LOOP('',(#6292,#6293,#6294,#6295));
#1137=EDGE_LOOP('',(#6296,#6297,#6298,#6299));
#1138=EDGE_LOOP('',(#6300,#6301,#6302,#6303));
#1139=EDGE_LOOP('',(#6304,#6305,#6306,#6307));
#1140=EDGE_LOOP('',(#6308,#6309,#6310,#6311));
#1141=EDGE_LOOP('',(#6312,#6313,#6314,#6315));
#1142=EDGE_LOOP('',(#6316,#6317,#6318,#6319));
#1143=EDGE_LOOP('',(#6320,#6321,#6322,#6323));
#1144=EDGE_LOOP('',(#6324,#6325,#6326,#6327));
#1145=EDGE_LOOP('',(#6328,#6329,#6330,#6331));
#1146=EDGE_LOOP('',(#6332,#6333,#6334,#6335));
#1147=EDGE_LOOP('',(#6336,#6337,#6338,#6339));
#1148=EDGE_LOOP('',(#6340,#6341,#6342,#6343));
#1149=EDGE_LOOP('',(#6344,#6345,#6346,#6347));
#1150=EDGE_LOOP('',(#6348,#6349,#6350,#6351,#6352,#6353,#6354,#6355));
#1151=EDGE_LOOP('',(#6356,#6357,#6358,#6359,#6360,#6361));
#1152=EDGE_LOOP('',(#6362,#6363,#6364,#6365,#6366,#6367));
#1153=EDGE_LOOP('',(#6368,#6369,#6370,#6371,#6372,#6373,#6374,#6375));
#1154=EDGE_LOOP('',(#6376,#6377,#6378,#6379,#6380,#6381));
#1155=EDGE_LOOP('',(#6382,#6383,#6384,#6385,#6386,#6387));
#1156=EDGE_LOOP('',(#6388,#6389,#6390,#6391,#6392,#6393));
#1157=EDGE_LOOP('',(#6394,#6395,#6396,#6397,#6398,#6399));
#1158=EDGE_LOOP('',(#6400,#6401,#6402,#6403,#6404,#6405));
#1159=EDGE_LOOP('',(#6406,#6407,#6408,#6409,#6410,#6411));
#1160=EDGE_LOOP('',(#6412,#6413,#6414,#6415));
#1161=EDGE_LOOP('',(#6416,#6417,#6418,#6419));
#1162=EDGE_LOOP('',(#6420,#6421,#6422,#6423));
#1163=EDGE_LOOP('',(#6424,#6425,#6426,#6427));
#1164=EDGE_LOOP('',(#6428,#6429,#6430,#6431));
#1165=EDGE_LOOP('',(#6432,#6433,#6434,#6435));
#1166=EDGE_LOOP('',(#6436,#6437,#6438,#6439));
#1167=EDGE_LOOP('',(#6440,#6441,#6442,#6443));
#1168=EDGE_LOOP('',(#6444,#6445,#6446,#6447));
#1169=EDGE_LOOP('',(#6448,#6449,#6450,#6451));
#1170=EDGE_LOOP('',(#6452,#6453,#6454,#6455));
#1171=EDGE_LOOP('',(#6456,#6457,#6458,#6459));
#1172=EDGE_LOOP('',(#6460,#6461,#6462,#6463));
#1173=EDGE_LOOP('',(#6464,#6465,#6466,#6467));
#1174=EDGE_LOOP('',(#6468,#6469,#6470,#6471));
#1175=EDGE_LOOP('',(#6472,#6473,#6474,#6475,#6476,#6477,#6478,#6479,#6480,
#6481,#6482,#6483));
#1176=EDGE_LOOP('',(#6484));
#1177=EDGE_LOOP('',(#6485));
#1178=EDGE_LOOP('',(#6486,#6487,#6488,#6489));
#1179=EDGE_LOOP('',(#6490,#6491,#6492,#6493,#6494,#6495,#6496,#6497,#6498,
#6499,#6500,#6501));
#1180=EDGE_LOOP('',(#6502));
#1181=EDGE_LOOP('',(#6503));
#1182=CIRCLE('',#6974,2.);
#1183=CIRCLE('',#6975,2.);
#1184=CIRCLE('',#6976,2.);
#1185=CIRCLE('',#6981,2.);
#1186=CIRCLE('',#6982,2.);
#1187=CIRCLE('',#6983,2.);
#1188=CIRCLE('',#6987,2.);
#1189=CIRCLE('',#6988,2.);
#1190=CIRCLE('',#6989,2.);
#1191=CIRCLE('',#6992,2.);
#1192=CIRCLE('',#6993,2.);
#1193=CIRCLE('',#6994,2.);
#1194=CIRCLE('',#7001,1.1);
#1195=CIRCLE('',#7002,1.1);
#1196=CIRCLE('',#7003,1.1);
#1197=CIRCLE('',#7004,1.1);
#1198=CIRCLE('',#7006,2.);
#1199=CIRCLE('',#7007,2.);
#1200=CIRCLE('',#7008,2.5);
#1201=CIRCLE('',#7009,2.5);
#1202=CIRCLE('',#7010,2.5);
#1203=CIRCLE('',#7011,2.5);
#1204=CIRCLE('',#7012,1.);
#1205=CIRCLE('',#7013,1.);
#1206=CIRCLE('',#7014,1.);
#1207=CIRCLE('',#7015,1.);
#1208=CIRCLE('',#7016,1.);
#1209=CIRCLE('',#7017,1.);
#1210=CIRCLE('',#7018,1.);
#1211=CIRCLE('',#7019,1.);
#1212=CIRCLE('',#7020,2.);
#1213=CIRCLE('',#7021,2.);
#1214=CIRCLE('',#7022,1.);
#1215=CIRCLE('',#7023,1.);
#1216=CIRCLE('',#7024,1.);
#1217=CIRCLE('',#7025,1.);
#1218=CIRCLE('',#7026,1.);
#1219=CIRCLE('',#7027,1.);
#1220=CIRCLE('',#7028,1.);
#1221=CIRCLE('',#7029,1.);
#1222=CIRCLE('',#7031,1.);
#1223=CIRCLE('',#7032,1.6);
#1224=CIRCLE('',#7033,1.6);
#1225=CIRCLE('',#7034,1.);
#1226=CIRCLE('',#7035,1.1);
#1227=CIRCLE('',#7036,1.1);
#1228=CIRCLE('',#7037,1.1);
#1229=CIRCLE('',#7038,1.1);
#1230=CIRCLE('',#7040,1.);
#1231=CIRCLE('',#7041,1.);
#1232=CIRCLE('',#7042,1.);
#1233=CIRCLE('',#7043,1.);
#1234=CIRCLE('',#7044,1.);
#1235=CIRCLE('',#7045,1.);
#1236=CIRCLE('',#7046,1.);
#1237=CIRCLE('',#7047,1.);
#1238=CIRCLE('',#7048,1.5);
#1239=CIRCLE('',#7049,1.5);
#1240=CIRCLE('',#7050,1.);
#1241=CIRCLE('',#7051,1.);
#1242=CIRCLE('',#7052,1.);
#1243=CIRCLE('',#7053,1.);
#1244=CIRCLE('',#7054,1.);
#1245=CIRCLE('',#7055,1.);
#1246=CIRCLE('',#7056,1.);
#1247=CIRCLE('',#7057,1.);
#1248=CIRCLE('',#7069,2.5);
#1249=CIRCLE('',#7071,1.5);
#1250=CIRCLE('',#7073,2.5);
#1251=CIRCLE('',#7076,2.5);
#1252=CIRCLE('',#7078,1.5);
#1253=CIRCLE('',#7080,2.5);
#1254=CIRCLE('',#7095,2.05);
#1255=CIRCLE('',#7096,6.8);
#1256=CIRCLE('',#7097,5.8);
#1257=CIRCLE('',#7098,6.8);
#1258=CIRCLE('',#7099,6.8);
#1259=CIRCLE('',#7100,5.8);
#1260=CIRCLE('',#7101,6.8);
#1261=CIRCLE('',#7102,2.05);
#1262=CIRCLE('',#7103,6.8);
#1263=CIRCLE('',#7104,6.8);
#1264=CIRCLE('',#7105,6.8);
#1265=CIRCLE('',#7106,6.8);
#1266=CIRCLE('',#7107,2.05);
#1267=CIRCLE('',#7108,6.8);
#1268=CIRCLE('',#7109,5.8);
#1269=CIRCLE('',#7110,6.8);
#1270=CIRCLE('',#7111,6.8);
#1271=CIRCLE('',#7112,5.8);
#1272=CIRCLE('',#7113,6.8);
#1273=CIRCLE('',#7114,2.05);
#1274=CIRCLE('',#7115,1.05);
#1275=CIRCLE('',#7116,1.05);
#1276=CIRCLE('',#7117,1.05);
#1277=CIRCLE('',#7118,1.05);
#1278=CIRCLE('',#7120,1.05);
#1279=CIRCLE('',#7121,1.05);
#1280=CIRCLE('',#7123,2.);
#1281=CIRCLE('',#7126,1.05);
#1282=CIRCLE('',#7127,1.05);
#1283=CIRCLE('',#7129,2.);
#1284=CIRCLE('',#7133,1.05);
#1285=CIRCLE('',#7134,1.05);
#1286=CIRCLE('',#7136,2.);
#1287=CIRCLE('',#7140,1.05);
#1288=CIRCLE('',#7141,1.05);
#1289=CIRCLE('',#7143,2.);
#1290=CIRCLE('',#7179,0.4);
#1291=CIRCLE('',#7180,0.4);
#1292=CIRCLE('',#7183,0.4);
#1293=CIRCLE('',#7184,0.4);
#1294=CIRCLE('',#7187,0.4);
#1295=CIRCLE('',#7188,0.4);
#1296=CIRCLE('',#7190,0.400000000000003);
#1297=CIRCLE('',#7191,0.400000000000003);
#1298=CIRCLE('',#7194,0.4);
#1299=CIRCLE('',#7195,0.4);
#1300=CIRCLE('',#7198,0.4);
#1301=CIRCLE('',#7199,0.4);
#1302=CIRCLE('',#7202,0.4);
#1303=CIRCLE('',#7203,0.4);
#1304=CIRCLE('',#7206,0.400000000000005);
#1305=CIRCLE('',#7207,0.400000000000005);
#1306=CIRCLE('',#7210,0.4);
#1307=CIRCLE('',#7211,0.4);
#1308=CIRCLE('',#7214,0.400000000000005);
#1309=CIRCLE('',#7215,0.400000000000005);
#1310=CIRCLE('',#7218,0.400000000000011);
#1311=CIRCLE('',#7219,0.400000000000011);
#1312=CIRCLE('',#7222,0.4);
#1313=CIRCLE('',#7223,0.4);
#1314=CIRCLE('',#7226,0.4);
#1315=CIRCLE('',#7227,0.4);
#1316=CIRCLE('',#7230,0.399999999999998);
#1317=CIRCLE('',#7231,0.399999999999998);
#1318=CIRCLE('',#7233,0.400000000000003);
#1319=CIRCLE('',#7234,0.400000000000003);
#1320=CIRCLE('',#7237,0.4);
#1321=CIRCLE('',#7238,0.4);
#1322=CIRCLE('',#7242,0.4);
#1323=CIRCLE('',#7243,0.400000000000005);
#1324=CIRCLE('',#7244,0.400000000000011);
#1325=CIRCLE('',#7245,0.4);
#1326=CIRCLE('',#7246,0.4);
#1327=CIRCLE('',#7247,0.399999999999998);
#1328=CIRCLE('',#7248,0.400000000000003);
#1329=CIRCLE('',#7249,0.4);
#1330=CIRCLE('',#7251,0.400000000000005);
#1331=CIRCLE('',#7252,0.4);
#1332=CIRCLE('',#7253,0.4);
#1333=CIRCLE('',#7254,0.4);
#1334=CIRCLE('',#7255,0.400000000000003);
#1335=CIRCLE('',#7256,0.4);
#1336=CIRCLE('',#7257,0.4);
#1337=CIRCLE('',#7258,0.4);
#1338=CIRCLE('',#7260,0.4);
#1339=CIRCLE('',#7263,0.400000000000011);
#1340=CIRCLE('',#7266,0.400000000000005);
#1341=CIRCLE('',#7269,0.4);
#1342=CIRCLE('',#7272,6.8);
#1343=CIRCLE('',#7273,6.8);
#1344=CIRCLE('',#7274,6.8);
#1345=CIRCLE('',#7275,6.8);
#1346=CIRCLE('',#7276,1.05);
#1347=CIRCLE('',#7277,1.05);
#1348=CIRCLE('',#7278,1.05);
#1349=CIRCLE('',#7279,1.05);
#1350=CIRCLE('',#7280,2.05);
#1351=CIRCLE('',#7281,6.8);
#1352=CIRCLE('',#7282,4.1);
#1353=CIRCLE('',#7283,6.8);
#1354=CIRCLE('',#7284,6.8);
#1355=CIRCLE('',#7285,4.1);
#1356=CIRCLE('',#7286,6.8);
#1357=CIRCLE('',#7287,2.05);
#1358=CIRCLE('',#7288,2.05);
#1359=CIRCLE('',#7289,6.8);
#1360=CIRCLE('',#7290,4.1);
#1361=CIRCLE('',#7291,6.8);
#1362=CIRCLE('',#7292,6.8);
#1363=CIRCLE('',#7293,4.1);
#1364=CIRCLE('',#7294,6.8);
#1365=CIRCLE('',#7295,2.05);
#1366=CIRCLE('',#7297,0.4);
#1367=CIRCLE('',#7300,0.4);
#1368=CIRCLE('',#7303,0.4);
#1369=CIRCLE('',#7306,0.400000000000005);
#1370=CIRCLE('',#7309,0.4);
#1371=CIRCLE('',#7312,0.399999999999998);
#1372=CIRCLE('',#7314,0.400000000000003);
#1373=CIRCLE('',#7317,0.4);
#1374=CIRCLE('',#7320,0.400000000000003);
#1375=CIRCLE('',#7323,0.4);
#1376=CIRCLE('',#7326,0.4);
#1377=CIRCLE('',#7329,0.4);
#1378=CIRCLE('',#7338,5.8);
#1379=CIRCLE('',#7339,4.1);
#1380=CIRCLE('',#7350,2.05);
#1381=CIRCLE('',#7351,6.8);
#1382=CIRCLE('',#7354,6.8);
#1383=CIRCLE('',#7355,2.05);
#1384=CIRCLE('',#7360,6.8);
#1385=CIRCLE('',#7361,6.8);
#1386=CIRCLE('',#7371,4.1);
#1387=CIRCLE('',#7372,5.8);
#1388=CIRCLE('',#7383,6.8);
#1389=CIRCLE('',#7384,2.05);
#1390=CIRCLE('',#7387,2.05);
#1391=CIRCLE('',#7388,6.8);
#1392=CIRCLE('',#7393,6.8);
#1393=CIRCLE('',#7394,6.8);
#1394=CIRCLE('',#7404,4.1);
#1395=CIRCLE('',#7405,5.8);
#1396=CIRCLE('',#7415,6.8);
#1397=CIRCLE('',#7418,6.8);
#1398=CIRCLE('',#7419,2.05);
#1399=CIRCLE('',#7422,2.05);
#1400=CIRCLE('',#7423,6.8);
#1401=CIRCLE('',#7425,6.8);
#1402=CIRCLE('',#7440,5.8);
#1403=CIRCLE('',#7441,4.1);
#1404=CIRCLE('',#7451,6.8);
#1405=CIRCLE('',#7454,2.05);
#1406=CIRCLE('',#7455,6.8);
#1407=CIRCLE('',#7458,6.8);
#1408=CIRCLE('',#7459,2.05);
#1409=CIRCLE('',#7461,6.8);
#1410=CIRCLE('',#7531,2.);
#1411=CIRCLE('',#7532,2.);
#1412=CIRCLE('',#7534,1.75);
#1413=CIRCLE('',#7535,1.25);
#1414=CIRCLE('',#7537,1.25);
#1415=CIRCLE('',#7539,1.75);
#1416=CIRCLE('',#7540,1.25);
#1417=CIRCLE('',#7542,1.25);
#1418=CIRCLE('',#7544,2.);
#1419=CIRCLE('',#7546,2.);
#1420=LINE('',#9366,#2082);
#1421=LINE('',#9370,#2083);
#1422=LINE('',#9374,#2084);
#1423=LINE('',#9378,#2085);
#1424=LINE('',#9380,#2086);
#1425=LINE('',#9382,#2087);
#1426=LINE('',#9384,#2088);
#1427=LINE('',#9385,#2089);
#1428=LINE('',#9388,#2090);
#1429=LINE('',#9390,#2091);
#1430=LINE('',#9391,#2092);
#1431=LINE('',#9395,#2093);
#1432=LINE('',#9397,#2094);
#1433=LINE('',#9399,#2095);
#1434=LINE('',#9401,#2096);
#1435=LINE('',#9403,#2097);
#1436=LINE('',#9404,#2098);
#1437=LINE('',#9408,#2099);
#1438=LINE('',#9413,#2100);
#1439=LINE('',#9417,#2101);
#1440=LINE('',#9419,#2102);
#1441=LINE('',#9420,#2103);
#1442=LINE('',#9424,#2104);
#1443=LINE('',#9426,#2105);
#1444=LINE('',#9428,#2106);
#1445=LINE('',#9430,#2107);
#1446=LINE('',#9432,#2108);
#1447=LINE('',#9433,#2109);
#1448=LINE('',#9437,#2110);
#1449=LINE('',#9442,#2111);
#1450=LINE('',#9446,#2112);
#1451=LINE('',#9448,#2113);
#1452=LINE('',#9449,#2114);
#1453=LINE('',#9453,#2115);
#1454=LINE('',#9457,#2116);
#1455=LINE('',#9461,#2117);
#1456=LINE('',#9466,#2118);
#1457=LINE('',#9467,#2119);
#1458=LINE('',#9469,#2120);
#1459=LINE('',#9471,#2121);
#1460=LINE('',#9472,#2122);
#1461=LINE('',#9475,#2123);
#1462=LINE('',#9477,#2124);
#1463=LINE('',#9478,#2125);
#1464=LINE('',#9481,#2126);
#1465=LINE('',#9483,#2127);
#1466=LINE('',#9485,#2128);
#1467=LINE('',#9487,#2129);
#1468=LINE('',#9489,#2130);
#1469=LINE('',#9491,#2131);
#1470=LINE('',#9493,#2132);
#1471=LINE('',#9495,#2133);
#1472=LINE('',#9496,#2134);
#1473=LINE('',#9497,#2135);
#1474=LINE('',#9500,#2136);
#1475=LINE('',#9502,#2137);
#1476=LINE('',#9504,#2138);
#1477=LINE('',#9505,#2139);
#1478=LINE('',#9507,#2140);
#1479=LINE('',#9508,#2141);
#1480=LINE('',#9511,#2142);
#1481=LINE('',#9513,#2143);
#1482=LINE('',#9515,#2144);
#1483=LINE('',#9516,#2145);
#1484=LINE('',#9519,#2146);
#1485=LINE('',#9521,#2147);
#1486=LINE('',#9523,#2148);
#1487=LINE('',#9525,#2149);
#1488=LINE('',#9526,#2150);
#1489=LINE('',#9527,#2151);
#1490=LINE('',#9530,#2152);
#1491=LINE('',#9532,#2153);
#1492=LINE('',#9536,#2154);
#1493=LINE('',#9540,#2155);
#1494=LINE('',#9544,#2156);
#1495=LINE('',#9547,#2157);
#1496=LINE('',#9548,#2158);
#1497=LINE('',#9550,#2159);
#1498=LINE('',#9551,#2160);
#1499=LINE('',#9554,#2161);
#1500=LINE('',#9555,#2162);
#1501=LINE('',#9557,#2163);
#1502=LINE('',#9558,#2164);
#1503=LINE('',#9560,#2165);
#1504=LINE('',#9562,#2166);
#1505=LINE('',#9563,#2167);
#1506=LINE('',#9564,#2168);
#1507=LINE('',#9575,#2169);
#1508=LINE('',#9581,#2170);
#1509=LINE('',#9585,#2171);
#1510=LINE('',#9589,#2172);
#1511=LINE('',#9593,#2173);
#1512=LINE('',#9596,#2174);
#1513=LINE('',#9599,#2175);
#1514=LINE('',#9603,#2176);
#1515=LINE('',#9607,#2177);
#1516=LINE('',#9611,#2178);
#1517=LINE('',#9619,#2179);
#1518=LINE('',#9621,#2180);
#1519=LINE('',#9625,#2181);
#1520=LINE('',#9629,#2182);
#1521=LINE('',#9633,#2183);
#1522=LINE('',#9637,#2184);
#1523=LINE('',#9639,#2185);
#1524=LINE('',#9641,#2186);
#1525=LINE('',#9645,#2187);
#1526=LINE('',#9649,#2188);
#1527=LINE('',#9653,#2189);
#1528=LINE('',#9656,#2190);
#1529=LINE('',#9659,#2191);
#1530=LINE('',#9665,#2192);
#1531=LINE('',#9670,#2193);
#1532=LINE('',#9671,#2194);
#1533=LINE('',#9676,#2195);
#1534=LINE('',#9681,#2196);
#1535=LINE('',#9684,#2197);
#1536=LINE('',#9686,#2198);
#1537=LINE('',#9689,#2199);
#1538=LINE('',#9693,#2200);
#1539=LINE('',#9697,#2201);
#1540=LINE('',#9701,#2202);
#1541=LINE('',#9705,#2203);
#1542=LINE('',#9709,#2204);
#1543=LINE('',#9713,#2205);
#1544=LINE('',#9717,#2206);
#1545=LINE('',#9725,#2207);
#1546=LINE('',#9727,#2208);
#1547=LINE('',#9731,#2209);
#1548=LINE('',#9735,#2210);
#1549=LINE('',#9739,#2211);
#1550=LINE('',#9743,#2212);
#1551=LINE('',#9745,#2213);
#1552=LINE('',#9747,#2214);
#1553=LINE('',#9751,#2215);
#1554=LINE('',#9755,#2216);
#1555=LINE('',#9759,#2217);
#1556=LINE('',#9762,#2218);
#1557=LINE('',#9765,#2219);
#1558=LINE('',#9767,#2220);
#1559=LINE('',#9769,#2221);
#1560=LINE('',#9771,#2222);
#1561=LINE('',#9773,#2223);
#1562=LINE('',#9775,#2224);
#1563=LINE('',#9777,#2225);
#1564=LINE('',#9779,#2226);
#1565=LINE('',#9780,#2227);
#1566=LINE('',#9783,#2228);
#1567=LINE('',#9785,#2229);
#1568=LINE('',#9787,#2230);
#1569=LINE('',#9788,#2231);
#1570=LINE('',#9790,#2232);
#1571=LINE('',#9791,#2233);
#1572=LINE('',#9793,#2234);
#1573=LINE('',#9794,#2235);
#1574=LINE('',#9796,#2236);
#1575=LINE('',#9798,#2237);
#1576=LINE('',#9800,#2238);
#1577=LINE('',#9803,#2239);
#1578=LINE('',#9804,#2240);
#1579=LINE('',#9807,#2241);
#1580=LINE('',#9808,#2242);
#1581=LINE('',#9810,#2243);
#1582=LINE('',#9813,#2244);
#1583=LINE('',#9815,#2245);
#1584=LINE('',#9816,#2246);
#1585=LINE('',#9817,#2247);
#1586=LINE('',#9819,#2248);
#1587=LINE('',#9824,#2249);
#1588=LINE('',#9828,#2250);
#1589=LINE('',#9831,#2251);
#1590=LINE('',#9836,#2252);
#1591=LINE('',#9840,#2253);
#1592=LINE('',#9870,#2254);
#1593=LINE('',#9871,#2255);
#1594=LINE('',#9874,#2256);
#1595=LINE('',#9901,#2257);
#1596=LINE('',#9904,#2258);
#1597=LINE('',#9924,#2259);
#1598=LINE('',#9926,#2260);
#1599=LINE('',#9928,#2261);
#1600=LINE('',#9930,#2262);
#1601=LINE('',#9932,#2263);
#1602=LINE('',#9934,#2264);
#1603=LINE('',#9954,#2265);
#1604=LINE('',#10015,#2266);
#1605=LINE('',#10027,#2267);
#1606=LINE('',#10032,#2268);
#1607=LINE('',#10044,#2269);
#1608=LINE('',#10048,#2270);
#1609=LINE('',#10076,#2271);
#1610=LINE('',#10080,#2272);
#1611=LINE('',#10092,#2273);
#1612=LINE('',#10178,#2274);
#1613=LINE('',#10182,#2275);
#1614=LINE('',#10194,#2276);
#1615=LINE('',#10198,#2277);
#1616=LINE('',#10226,#2278);
#1617=LINE('',#10230,#2279);
#1618=LINE('',#10242,#2280);
#1619=LINE('',#10244,#2281);
#1620=LINE('',#10284,#2282);
#1621=LINE('',#10289,#2283);
#1622=LINE('',#10294,#2284);
#1623=LINE('',#10300,#2285);
#1624=LINE('',#10305,#2286);
#1625=LINE('',#10312,#2287);
#1626=LINE('',#10317,#2288);
#1627=LINE('',#10324,#2289);
#1628=LINE('',#10329,#2290);
#1629=LINE('',#10333,#2291);
#1630=LINE('',#10334,#2292);
#1631=LINE('',#10336,#2293);
#1632=LINE('',#10338,#2294);
#1633=LINE('',#10341,#2295);
#1634=LINE('',#10343,#2296);
#1635=LINE('',#10345,#2297);
#1636=LINE('',#10348,#2298);
#1637=LINE('',#10350,#2299);
#1638=LINE('',#10352,#2300);
#1639=LINE('',#10354,#2301);
#1640=LINE('',#10356,#2302);
#1641=LINE('',#10358,#2303);
#1642=LINE('',#10361,#2304);
#1643=LINE('',#10362,#2305);
#1644=LINE('',#10364,#2306);
#1645=LINE('',#10366,#2307);
#1646=LINE('',#10368,#2308);
#1647=LINE('',#10370,#2309);
#1648=LINE('',#10372,#2310);
#1649=LINE('',#10374,#2311);
#1650=LINE('',#10377,#2312);
#1651=LINE('',#10378,#2313);
#1652=LINE('',#10380,#2314);
#1653=LINE('',#10382,#2315);
#1654=LINE('',#10384,#2316);
#1655=LINE('',#10386,#2317);
#1656=LINE('',#10388,#2318);
#1657=LINE('',#10390,#2319);
#1658=LINE('',#10395,#2320);
#1659=LINE('',#10397,#2321);
#1660=LINE('',#10399,#2322);
#1661=LINE('',#10400,#2323);
#1662=LINE('',#10406,#2324);
#1663=LINE('',#10409,#2325);
#1664=LINE('',#10411,#2326);
#1665=LINE('',#10412,#2327);
#1666=LINE('',#10418,#2328);
#1667=LINE('',#10421,#2329);
#1668=LINE('',#10423,#2330);
#1669=LINE('',#10424,#2331);
#1670=LINE('',#10433,#2332);
#1671=LINE('',#10436,#2333);
#1672=LINE('',#10438,#2334);
#1673=LINE('',#10439,#2335);
#1674=LINE('',#10445,#2336);
#1675=LINE('',#10448,#2337);
#1676=LINE('',#10450,#2338);
#1677=LINE('',#10451,#2339);
#1678=LINE('',#10457,#2340);
#1679=LINE('',#10460,#2341);
#1680=LINE('',#10462,#2342);
#1681=LINE('',#10463,#2343);
#1682=LINE('',#10469,#2344);
#1683=LINE('',#10472,#2345);
#1684=LINE('',#10474,#2346);
#1685=LINE('',#10475,#2347);
#1686=LINE('',#10485,#2348);
#1687=LINE('',#10488,#2349);
#1688=LINE('',#10491,#2350);
#1689=LINE('',#10493,#2351);
#1690=LINE('',#10494,#2352);
#1691=LINE('',#10500,#2353);
#1692=LINE('',#10503,#2354);
#1693=LINE('',#10505,#2355);
#1694=LINE('',#10506,#2356);
#1695=LINE('',#10512,#2357);
#1696=LINE('',#10515,#2358);
#1697=LINE('',#10517,#2359);
#1698=LINE('',#10518,#2360);
#1699=LINE('',#10524,#2361);
#1700=LINE('',#10527,#2362);
#1701=LINE('',#10529,#2363);
#1702=LINE('',#10530,#2364);
#1703=LINE('',#10536,#2365);
#1704=LINE('',#10539,#2366);
#1705=LINE('',#10541,#2367);
#1706=LINE('',#10542,#2368);
#1707=LINE('',#10551,#2369);
#1708=LINE('',#10554,#2370);
#1709=LINE('',#10556,#2371);
#1710=LINE('',#10557,#2372);
#1711=LINE('',#10563,#2373);
#1712=LINE('',#10565,#2374);
#1713=LINE('',#10566,#2375);
#1714=LINE('',#10571,#2376);
#1715=LINE('',#10575,#2377);
#1716=LINE('',#10579,#2378);
#1717=LINE('',#10583,#2379);
#1718=LINE('',#10587,#2380);
#1719=LINE('',#10591,#2381);
#1720=LINE('',#10596,#2382);
#1721=LINE('',#10603,#2383);
#1722=LINE('',#10607,#2384);
#1723=LINE('',#10611,#2385);
#1724=LINE('',#10616,#2386);
#1725=LINE('',#10620,#2387);
#1726=LINE('',#10624,#2388);
#1727=LINE('',#10627,#2389);
#1728=LINE('',#10630,#2390);
#1729=LINE('',#10633,#2391);
#1730=LINE('',#10636,#2392);
#1731=LINE('',#10637,#2393);
#1732=LINE('',#10640,#2394);
#1733=LINE('',#10644,#2395);
#1734=LINE('',#10645,#2396);
#1735=LINE('',#10648,#2397);
#1736=LINE('',#10652,#2398);
#1737=LINE('',#10653,#2399);
#1738=LINE('',#10656,#2400);
#1739=LINE('',#10660,#2401);
#1740=LINE('',#10661,#2402);
#1741=LINE('',#10736,#2403);
#1742=LINE('',#10748,#2404);
#1743=LINE('',#10760,#2405);
#1744=LINE('',#10764,#2406);
#1745=LINE('',#10792,#2407);
#1746=LINE('',#10796,#2408);
#1747=LINE('',#10808,#2409);
#1748=LINE('',#10813,#2410);
#1749=LINE('',#10825,#2411);
#1750=LINE('',#10829,#2412);
#1751=LINE('',#10857,#2413);
#1752=LINE('',#10861,#2414);
#1753=LINE('',#10873,#2415);
#1754=LINE('',#10877,#2416);
#1755=LINE('',#10881,#2417);
#1756=LINE('',#10882,#2418);
#1757=LINE('',#10885,#2419);
#1758=LINE('',#10889,#2420);
#1759=LINE('',#10890,#2421);
#1760=LINE('',#10893,#2422);
#1761=LINE('',#10897,#2423);
#1762=LINE('',#10898,#2424);
#1763=LINE('',#10901,#2425);
#1764=LINE('',#10905,#2426);
#1765=LINE('',#10906,#2427);
#1766=LINE('',#10910,#2428);
#1767=LINE('',#10913,#2429);
#1768=LINE('',#10914,#2430);
#1769=LINE('',#10920,#2431);
#1770=LINE('',#10923,#2432);
#1771=LINE('',#10924,#2433);
#1772=LINE('',#10931,#2434);
#1773=LINE('',#10934,#2435);
#1774=LINE('',#10935,#2436);
#1775=LINE('',#10939,#2437);
#1776=LINE('',#10942,#2438);
#1777=LINE('',#10943,#2439);
#1778=LINE('',#10947,#2440);
#1779=LINE('',#10950,#2441);
#1780=LINE('',#10951,#2442);
#1781=LINE('',#10955,#2443);
#1782=LINE('',#10957,#2444);
#1783=LINE('',#11074,#2445);
#1784=LINE('',#11087,#2446);
#1785=LINE('',#11096,#2447);
#1786=LINE('',#11123,#2448);
#1787=LINE('',#11212,#2449);
#1788=LINE('',#11224,#2450);
#1789=LINE('',#11232,#2451);
#1790=LINE('',#11233,#2452);
#1791=LINE('',#11237,#2453);
#1792=LINE('',#11238,#2454);
#1793=LINE('',#11240,#2455);
#1794=LINE('',#11262,#2456);
#1795=LINE('',#11274,#2457);
#1796=LINE('',#11277,#2458);
#1797=LINE('',#11279,#2459);
#1798=LINE('',#11280,#2460);
#1799=LINE('',#11303,#2461);
#1800=LINE('',#11308,#2462);
#1801=LINE('',#11351,#2463);
#1802=LINE('',#11363,#2464);
#1803=LINE('',#11379,#2465);
#1804=LINE('',#11388,#2466);
#1805=LINE('',#11391,#2467);
#1806=LINE('',#11392,#2468);
#1807=LINE('',#11406,#2469);
#1808=LINE('',#11408,#2470);
#1809=LINE('',#11410,#2471);
#1810=LINE('',#11411,#2472);
#1811=LINE('',#11426,#2473);
#1812=LINE('',#11431,#2474);
#1813=LINE('',#11464,#2475);
#1814=LINE('',#11485,#2476);
#1815=LINE('',#11486,#2477);
#1816=LINE('',#11488,#2478);
#1817=LINE('',#11509,#2479);
#1818=LINE('',#11511,#2480);
#1819=LINE('',#11628,#2481);
#1820=LINE('',#11637,#2482);
#1821=LINE('',#11651,#2483);
#1822=LINE('',#11656,#2484);
#1823=LINE('',#11766,#2485);
#1824=LINE('',#11774,#2486);
#1825=LINE('',#11786,#2487);
#1826=LINE('',#11787,#2488);
#1827=LINE('',#11791,#2489);
#1828=LINE('',#11792,#2490);
#1829=LINE('',#11794,#2491);
#1830=LINE('',#11816,#2492);
#1831=LINE('',#11828,#2493);
#1832=LINE('',#11831,#2494);
#1833=LINE('',#11833,#2495);
#1834=LINE('',#11834,#2496);
#1835=LINE('',#11850,#2497);
#1836=LINE('',#11870,#2498);
#1837=LINE('',#11905,#2499);
#1838=LINE('',#11917,#2500);
#1839=LINE('',#11933,#2501);
#1840=LINE('',#11942,#2502);
#1841=LINE('',#11945,#2503);
#1842=LINE('',#11946,#2504);
#1843=LINE('',#11958,#2505);
#1844=LINE('',#11962,#2506);
#1845=LINE('',#11964,#2507);
#1846=LINE('',#11965,#2508);
#1847=LINE('',#11980,#2509);
#1848=LINE('',#11985,#2510);
#1849=LINE('',#12018,#2511);
#1850=LINE('',#12039,#2512);
#1851=LINE('',#12040,#2513);
#1852=LINE('',#12042,#2514);
#1853=LINE('',#12064,#2515);
#1854=LINE('',#12181,#2516);
#1855=LINE('',#12190,#2517);
#1856=LINE('',#12204,#2518);
#1857=LINE('',#12209,#2519);
#1858=LINE('',#12319,#2520);
#1859=LINE('',#12327,#2521);
#1860=LINE('',#12339,#2522);
#1861=LINE('',#12340,#2523);
#1862=LINE('',#12344,#2524);
#1863=LINE('',#12345,#2525);
#1864=LINE('',#12347,#2526);
#1865=LINE('',#12379,#2527);
#1866=LINE('',#12395,#2528);
#1867=LINE('',#12397,#2529);
#1868=LINE('',#12398,#2530);
#1869=LINE('',#12414,#2531);
#1870=LINE('',#12434,#2532);
#1871=LINE('',#12467,#2533);
#1872=LINE('',#12483,#2534);
#1873=LINE('',#12492,#2535);
#1874=LINE('',#12495,#2536);
#1875=LINE('',#12496,#2537);
#1876=LINE('',#12508,#2538);
#1877=LINE('',#12526,#2539);
#1878=LINE('',#12528,#2540);
#1879=LINE('',#12529,#2541);
#1880=LINE('',#12544,#2542);
#1881=LINE('',#12547,#2543);
#1882=LINE('',#12588,#2544);
#1883=LINE('',#12591,#2545);
#1884=LINE('',#12708,#2546);
#1885=LINE('',#12721,#2547);
#1886=LINE('',#12730,#2548);
#1887=LINE('',#12757,#2549);
#1888=LINE('',#12846,#2550);
#1889=LINE('',#12858,#2551);
#1890=LINE('',#12866,#2552);
#1891=LINE('',#12867,#2553);
#1892=LINE('',#12871,#2554);
#1893=LINE('',#12872,#2555);
#1894=LINE('',#12874,#2556);
#1895=LINE('',#12896,#2557);
#1896=LINE('',#12922,#2558);
#1897=LINE('',#12924,#2559);
#1898=LINE('',#12925,#2560);
#1899=LINE('',#12948,#2561);
#1900=LINE('',#12953,#2562);
#1901=LINE('',#12984,#2563);
#1902=LINE('',#13010,#2564);
#1903=LINE('',#13019,#2565);
#1904=LINE('',#13022,#2566);
#1905=LINE('',#13023,#2567);
#1906=LINE('',#13037,#2568);
#1907=LINE('',#13053,#2569);
#1908=LINE('',#13055,#2570);
#1909=LINE('',#13056,#2571);
#1910=LINE('',#13071,#2572);
#1911=LINE('',#13074,#2573);
#1912=LINE('',#13115,#2574);
#1913=LINE('',#13118,#2575);
#1914=LINE('',#13123,#2576);
#1915=LINE('',#13125,#2577);
#1916=LINE('',#13127,#2578);
#1917=LINE('',#13128,#2579);
#1918=LINE('',#13131,#2580);
#1919=LINE('',#13133,#2581);
#1920=LINE('',#13134,#2582);
#1921=LINE('',#13137,#2583);
#1922=LINE('',#13139,#2584);
#1923=LINE('',#13140,#2585);
#1924=LINE('',#13143,#2586);
#1925=LINE('',#13145,#2587);
#1926=LINE('',#13146,#2588);
#1927=LINE('',#13149,#2589);
#1928=LINE('',#13151,#2590);
#1929=LINE('',#13152,#2591);
#1930=LINE('',#13154,#2592);
#1931=LINE('',#13155,#2593);
#1932=LINE('',#13160,#2594);
#1933=LINE('',#13162,#2595);
#1934=LINE('',#13164,#2596);
#1935=LINE('',#13165,#2597);
#1936=LINE('',#13168,#2598);
#1937=LINE('',#13170,#2599);
#1938=LINE('',#13171,#2600);
#1939=LINE('',#13174,#2601);
#1940=LINE('',#13176,#2602);
#1941=LINE('',#13177,#2603);
#1942=LINE('',#13180,#2604);
#1943=LINE('',#13182,#2605);
#1944=LINE('',#13183,#2606);
#1945=LINE('',#13186,#2607);
#1946=LINE('',#13188,#2608);
#1947=LINE('',#13189,#2609);
#1948=LINE('',#13191,#2610);
#1949=LINE('',#13192,#2611);
#1950=LINE('',#13197,#2612);
#1951=LINE('',#13199,#2613);
#1952=LINE('',#13201,#2614);
#1953=LINE('',#13202,#2615);
#1954=LINE('',#13205,#2616);
#1955=LINE('',#13207,#2617);
#1956=LINE('',#13208,#2618);
#1957=LINE('',#13211,#2619);
#1958=LINE('',#13213,#2620);
#1959=LINE('',#13214,#2621);
#1960=LINE('',#13217,#2622);
#1961=LINE('',#13219,#2623);
#1962=LINE('',#13220,#2624);
#1963=LINE('',#13223,#2625);
#1964=LINE('',#13225,#2626);
#1965=LINE('',#13226,#2627);
#1966=LINE('',#13228,#2628);
#1967=LINE('',#13229,#2629);
#1968=LINE('',#13234,#2630);
#1969=LINE('',#13236,#2631);
#1970=LINE('',#13238,#2632);
#1971=LINE('',#13239,#2633);
#1972=LINE('',#13242,#2634);
#1973=LINE('',#13244,#2635);
#1974=LINE('',#13245,#2636);
#1975=LINE('',#13248,#2637);
#1976=LINE('',#13250,#2638);
#1977=LINE('',#13251,#2639);
#1978=LINE('',#13254,#2640);
#1979=LINE('',#13256,#2641);
#1980=LINE('',#13257,#2642);
#1981=LINE('',#13260,#2643);
#1982=LINE('',#13262,#2644);
#1983=LINE('',#13263,#2645);
#1984=LINE('',#13265,#2646);
#1985=LINE('',#13266,#2647);
#1986=LINE('',#13271,#2648);
#1987=LINE('',#13273,#2649);
#1988=LINE('',#13275,#2650);
#1989=LINE('',#13276,#2651);
#1990=LINE('',#13279,#2652);
#1991=LINE('',#13281,#2653);
#1992=LINE('',#13282,#2654);
#1993=LINE('',#13285,#2655);
#1994=LINE('',#13287,#2656);
#1995=LINE('',#13288,#2657);
#1996=LINE('',#13291,#2658);
#1997=LINE('',#13293,#2659);
#1998=LINE('',#13294,#2660);
#1999=LINE('',#13297,#2661);
#2000=LINE('',#13299,#2662);
#2001=LINE('',#13300,#2663);
#2002=LINE('',#13302,#2664);
#2003=LINE('',#13303,#2665);
#2004=LINE('',#13307,#2666);
#2005=LINE('',#13309,#2667);
#2006=LINE('',#13311,#2668);
#2007=LINE('',#13312,#2669);
#2008=LINE('',#13315,#2670);
#2009=LINE('',#13317,#2671);
#2010=LINE('',#13318,#2672);
#2011=LINE('',#13321,#2673);
#2012=LINE('',#13323,#2674);
#2013=LINE('',#13324,#2675);
#2014=LINE('',#13327,#2676);
#2015=LINE('',#13329,#2677);
#2016=LINE('',#13330,#2678);
#2017=LINE('',#13333,#2679);
#2018=LINE('',#13335,#2680);
#2019=LINE('',#13336,#2681);
#2020=LINE('',#13338,#2682);
#2021=LINE('',#13339,#2683);
#2022=LINE('',#13343,#2684);
#2023=LINE('',#13345,#2685);
#2024=LINE('',#13347,#2686);
#2025=LINE('',#13348,#2687);
#2026=LINE('',#13351,#2688);
#2027=LINE('',#13353,#2689);
#2028=LINE('',#13354,#2690);
#2029=LINE('',#13357,#2691);
#2030=LINE('',#13359,#2692);
#2031=LINE('',#13360,#2693);
#2032=LINE('',#13363,#2694);
#2033=LINE('',#13365,#2695);
#2034=LINE('',#13366,#2696);
#2035=LINE('',#13369,#2697);
#2036=LINE('',#13371,#2698);
#2037=LINE('',#13372,#2699);
#2038=LINE('',#13375,#2700);
#2039=LINE('',#13377,#2701);
#2040=LINE('',#13378,#2702);
#2041=LINE('',#13381,#2703);
#2042=LINE('',#13383,#2704);
#2043=LINE('',#13384,#2705);
#2044=LINE('',#13386,#2706);
#2045=LINE('',#13387,#2707);
#2046=LINE('',#13393,#2708);
#2047=LINE('',#13395,#2709);
#2048=LINE('',#13397,#2710);
#2049=LINE('',#13398,#2711);
#2050=LINE('',#13401,#2712);
#2051=LINE('',#13403,#2713);
#2052=LINE('',#13404,#2714);
#2053=LINE('',#13407,#2715);
#2054=LINE('',#13409,#2716);
#2055=LINE('',#13410,#2717);
#2056=LINE('',#13414,#2718);
#2057=LINE('',#13416,#2719);
#2058=LINE('',#13418,#2720);
#2059=LINE('',#13419,#2721);
#2060=LINE('',#13422,#2722);
#2061=LINE('',#13424,#2723);
#2062=LINE('',#13425,#2724);
#2063=LINE('',#13428,#2725);
#2064=LINE('',#13430,#2726);
#2065=LINE('',#13431,#2727);
#2066=LINE('',#13435,#2728);
#2067=LINE('',#13437,#2729);
#2068=LINE('',#13439,#2730);
#2069=LINE('',#13440,#2731);
#2070=LINE('',#13443,#2732);
#2071=LINE('',#13445,#2733);
#2072=LINE('',#13446,#2734);
#2073=LINE('',#13449,#2735);
#2074=LINE('',#13451,#2736);
#2075=LINE('',#13452,#2737);
#2076=LINE('',#13454,#2738);
#2077=LINE('',#13455,#2739);
#2078=LINE('',#13463,#2740);
#2079=LINE('',#13467,#2741);
#2080=LINE('',#13473,#2742);
#2081=LINE('',#13477,#2743);
#2082=VECTOR('',#7552,10.);
#2083=VECTOR('',#7555,10.);
#2084=VECTOR('',#7558,10.);
#2085=VECTOR('',#7563,10.);
#2086=VECTOR('',#7564,10.);
#2087=VECTOR('',#7565,10.);
#2088=VECTOR('',#7566,10.);
#2089=VECTOR('',#7567,10.);
#2090=VECTOR('',#7570,10.);
#2091=VECTOR('',#7571,10.);
#2092=VECTOR('',#7572,10.);
#2093=VECTOR('',#7575,10.);
#2094=VECTOR('',#7576,10.);
#2095=VECTOR('',#7577,10.);
#2096=VECTOR('',#7578,10.);
#2097=VECTOR('',#7579,10.);
#2098=VECTOR('',#7580,10.);
#2099=VECTOR('',#7583,10.);
#2100=VECTOR('',#7588,10.);
#2101=VECTOR('',#7593,10.);
#2102=VECTOR('',#7594,10.);
#2103=VECTOR('',#7595,10.);
#2104=VECTOR('',#7598,10.);
#2105=VECTOR('',#7599,10.);
#2106=VECTOR('',#7600,10.);
#2107=VECTOR('',#7601,10.);
#2108=VECTOR('',#7602,10.);
#2109=VECTOR('',#7603,10.);
#2110=VECTOR('',#7606,10.);
#2111=VECTOR('',#7611,10.);
#2112=VECTOR('',#7616,10.);
#2113=VECTOR('',#7617,10.);
#2114=VECTOR('',#7618,10.);
#2115=VECTOR('',#7621,10.);
#2116=VECTOR('',#7624,10.);
#2117=VECTOR('',#7627,10.);
#2118=VECTOR('',#7632,10.);
#2119=VECTOR('',#7633,10.);
#2120=VECTOR('',#7634,10.);
#2121=VECTOR('',#7635,10.);
#2122=VECTOR('',#7636,10.);
#2123=VECTOR('',#7639,10.);
#2124=VECTOR('',#7640,10.);
#2125=VECTOR('',#7641,10.);
#2126=VECTOR('',#7644,10.);
#2127=VECTOR('',#7645,10.);
#2128=VECTOR('',#7646,10.);
#2129=VECTOR('',#7647,10.);
#2130=VECTOR('',#7648,10.);
#2131=VECTOR('',#7649,10.);
#2132=VECTOR('',#7650,10.);
#2133=VECTOR('',#7651,10.);
#2134=VECTOR('',#7652,10.);
#2135=VECTOR('',#7653,10.);
#2136=VECTOR('',#7654,10.);
#2137=VECTOR('',#7655,10.);
#2138=VECTOR('',#7656,10.);
#2139=VECTOR('',#7657,10.);
#2140=VECTOR('',#7660,10.);
#2141=VECTOR('',#7661,10.);
#2142=VECTOR('',#7662,10.);
#2143=VECTOR('',#7663,10.);
#2144=VECTOR('',#7664,10.);
#2145=VECTOR('',#7665,10.);
#2146=VECTOR('',#7668,10.);
#2147=VECTOR('',#7669,10.);
#2148=VECTOR('',#7670,10.);
#2149=VECTOR('',#7671,10.);
#2150=VECTOR('',#7672,10.);
#2151=VECTOR('',#7673,10.);
#2152=VECTOR('',#7676,10.);
#2153=VECTOR('',#7677,10.);
#2154=VECTOR('',#7680,10.);
#2155=VECTOR('',#7683,10.);
#2156=VECTOR('',#7686,10.);
#2157=VECTOR('',#7689,10.);
#2158=VECTOR('',#7690,10.);
#2159=VECTOR('',#7691,10.);
#2160=VECTOR('',#7692,10.);
#2161=VECTOR('',#7695,10.);
#2162=VECTOR('',#7696,10.);
#2163=VECTOR('',#7697,10.);
#2164=VECTOR('',#7698,10.);
#2165=VECTOR('',#7699,10.);
#2166=VECTOR('',#7700,10.);
#2167=VECTOR('',#7701,10.);
#2168=VECTOR('',#7702,10.);
#2169=VECTOR('',#7711,10.);
#2170=VECTOR('',#7716,10.);
#2171=VECTOR('',#7719,10.);
#2172=VECTOR('',#7722,10.);
#2173=VECTOR('',#7725,10.);
#2174=VECTOR('',#7728,10.);
#2175=VECTOR('',#7729,10.);
#2176=VECTOR('',#7732,10.);
#2177=VECTOR('',#7735,10.);
#2178=VECTOR('',#7738,10.);
#2179=VECTOR('',#7745,10.);
#2180=VECTOR('',#7746,10.);
#2181=VECTOR('',#7749,10.);
#2182=VECTOR('',#7752,10.);
#2183=VECTOR('',#7755,10.);
#2184=VECTOR('',#7758,10.);
#2185=VECTOR('',#7759,10.);
#2186=VECTOR('',#7760,10.);
#2187=VECTOR('',#7763,10.);
#2188=VECTOR('',#7766,10.);
#2189=VECTOR('',#7769,10.);
#2190=VECTOR('',#7772,10.);
#2191=VECTOR('',#7775,10.);
#2192=VECTOR('',#7780,10.);
#2193=VECTOR('',#7785,10.);
#2194=VECTOR('',#7786,10.);
#2195=VECTOR('',#7789,10.);
#2196=VECTOR('',#7794,10.);
#2197=VECTOR('',#7797,10.);
#2198=VECTOR('',#7800,10.);
#2199=VECTOR('',#7801,10.);
#2200=VECTOR('',#7804,10.);
#2201=VECTOR('',#7807,10.);
#2202=VECTOR('',#7810,10.);
#2203=VECTOR('',#7813,10.);
#2204=VECTOR('',#7816,10.);
#2205=VECTOR('',#7819,10.);
#2206=VECTOR('',#7822,10.);
#2207=VECTOR('',#7829,10.);
#2208=VECTOR('',#7830,10.);
#2209=VECTOR('',#7833,10.);
#2210=VECTOR('',#7836,10.);
#2211=VECTOR('',#7839,10.);
#2212=VECTOR('',#7842,10.);
#2213=VECTOR('',#7843,10.);
#2214=VECTOR('',#7844,10.);
#2215=VECTOR('',#7847,10.);
#2216=VECTOR('',#7850,10.);
#2217=VECTOR('',#7853,10.);
#2218=VECTOR('',#7856,10.);
#2219=VECTOR('',#7859,10.);
#2220=VECTOR('',#7860,10.);
#2221=VECTOR('',#7861,10.);
#2222=VECTOR('',#7862,10.);
#2223=VECTOR('',#7863,10.);
#2224=VECTOR('',#7864,10.);
#2225=VECTOR('',#7865,10.);
#2226=VECTOR('',#7866,10.);
#2227=VECTOR('',#7867,10.);
#2228=VECTOR('',#7868,10.);
#2229=VECTOR('',#7869,10.);
#2230=VECTOR('',#7870,10.);
#2231=VECTOR('',#7871,10.);
#2232=VECTOR('',#7874,10.);
#2233=VECTOR('',#7875,10.);
#2234=VECTOR('',#7878,10.);
#2235=VECTOR('',#7879,10.);
#2236=VECTOR('',#7882,10.);
#2237=VECTOR('',#7885,10.);
#2238=VECTOR('',#7888,10.);
#2239=VECTOR('',#7891,10.);
#2240=VECTOR('',#7892,10.);
#2241=VECTOR('',#7895,10.);
#2242=VECTOR('',#7896,10.);
#2243=VECTOR('',#7899,10.);
#2244=VECTOR('',#7902,10.);
#2245=VECTOR('',#7903,10.);
#2246=VECTOR('',#7904,10.);
#2247=VECTOR('',#7905,10.);
#2248=VECTOR('',#7908,10.);
#2249=VECTOR('',#7915,1.5);
#2250=VECTOR('',#7920,2.5);
#2251=VECTOR('',#7925,10.);
#2252=VECTOR('',#7932,1.5);
#2253=VECTOR('',#7937,2.5);
#2254=VECTOR('',#7942,1.);
#2255=VECTOR('',#7943,1.);
#2256=VECTOR('',#7946,1.);
#2257=VECTOR('',#7947,1.);
#2258=VECTOR('',#7950,10.);
#2259=VECTOR('',#7953,10.);
#2260=VECTOR('',#7956,10.);
#2261=VECTOR('',#7959,10.);
#2262=VECTOR('',#7962,10.);
#2263=VECTOR('',#7965,10.);
#2264=VECTOR('',#7968,10.);
#2265=VECTOR('',#7973,10.);
#2266=VECTOR('',#7976,10.);
#2267=VECTOR('',#7977,10.);
#2268=VECTOR('',#7982,10.);
#2269=VECTOR('',#7985,10.);
#2270=VECTOR('',#7988,10.);
#2271=VECTOR('',#7993,10.);
#2272=VECTOR('',#7996,10.);
#2273=VECTOR('',#7999,10.);
#2274=VECTOR('',#8010,10.);
#2275=VECTOR('',#8013,10.);
#2276=VECTOR('',#8016,10.);
#2277=VECTOR('',#8019,10.);
#2278=VECTOR('',#8024,10.);
#2279=VECTOR('',#8027,10.);
#2280=VECTOR('',#8030,10.);
#2281=VECTOR('',#8033,10.);
#2282=VECTOR('',#8042,10.);
#2283=VECTOR('',#8047,1.05);
#2284=VECTOR('',#8054,2.);
#2285=VECTOR('',#8061,1.05);
#2286=VECTOR('',#8068,2.);
#2287=VECTOR('',#8077,1.05);
#2288=VECTOR('',#8084,2.);
#2289=VECTOR('',#8093,1.05);
#2290=VECTOR('',#8100,2.);
#2291=VECTOR('',#8107,10.);
#2292=VECTOR('',#8108,10.);
#2293=VECTOR('',#8111,10.);
#2294=VECTOR('',#8114,10.);
#2295=VECTOR('',#8119,10.);
#2296=VECTOR('',#8122,10.);
#2297=VECTOR('',#8125,10.);
#2298=VECTOR('',#8130,10.);
#2299=VECTOR('',#8133,10.);
#2300=VECTOR('',#8136,10.);
#2301=VECTOR('',#8139,10.);
#2302=VECTOR('',#8142,10.);
#2303=VECTOR('',#8145,10.);
#2304=VECTOR('',#8150,10.);
#2305=VECTOR('',#8151,10.);
#2306=VECTOR('',#8154,10.);
#2307=VECTOR('',#8157,10.);
#2308=VECTOR('',#8160,10.);
#2309=VECTOR('',#8163,10.);
#2310=VECTOR('',#8166,10.);
#2311=VECTOR('',#8169,10.);
#2312=VECTOR('',#8174,10.);
#2313=VECTOR('',#8175,10.);
#2314=VECTOR('',#8178,10.);
#2315=VECTOR('',#8181,10.);
#2316=VECTOR('',#8184,10.);
#2317=VECTOR('',#8187,10.);
#2318=VECTOR('',#8190,10.);
#2319=VECTOR('',#8193,10.);
#2320=VECTOR('',#8198,10.);
#2321=VECTOR('',#8199,10.);
#2322=VECTOR('',#8200,10.);
#2323=VECTOR('',#8201,10.);
#2324=VECTOR('',#8208,10.);
#2325=VECTOR('',#8211,10.);
#2326=VECTOR('',#8212,10.);
#2327=VECTOR('',#8213,10.);
#2328=VECTOR('',#8220,10.);
#2329=VECTOR('',#8223,10.);
#2330=VECTOR('',#8224,10.);
#2331=VECTOR('',#8225,10.);
#2332=VECTOR('',#8238,10.);
#2333=VECTOR('',#8241,10.);
#2334=VECTOR('',#8242,10.);
#2335=VECTOR('',#8243,10.);
#2336=VECTOR('',#8250,10.);
#2337=VECTOR('',#8253,10.);
#2338=VECTOR('',#8254,10.);
#2339=VECTOR('',#8255,10.);
#2340=VECTOR('',#8262,10.);
#2341=VECTOR('',#8265,10.);
#2342=VECTOR('',#8266,10.);
#2343=VECTOR('',#8267,10.);
#2344=VECTOR('',#8274,10.);
#2345=VECTOR('',#8277,10.);
#2346=VECTOR('',#8278,10.);
#2347=VECTOR('',#8279,10.);
#2348=VECTOR('',#8292,10.);
#2349=VECTOR('',#8295,10.);
#2350=VECTOR('',#8298,10.);
#2351=VECTOR('',#8299,10.);
#2352=VECTOR('',#8300,10.);
#2353=VECTOR('',#8307,10.);
#2354=VECTOR('',#8310,10.);
#2355=VECTOR('',#8311,10.);
#2356=VECTOR('',#8312,10.);
#2357=VECTOR('',#8319,10.);
#2358=VECTOR('',#8322,10.);
#2359=VECTOR('',#8323,10.);
#2360=VECTOR('',#8324,10.);
#2361=VECTOR('',#8331,10.);
#2362=VECTOR('',#8334,10.);
#2363=VECTOR('',#8335,10.);
#2364=VECTOR('',#8336,10.);
#2365=VECTOR('',#8343,10.);
#2366=VECTOR('',#8346,10.);
#2367=VECTOR('',#8347,10.);
#2368=VECTOR('',#8348,10.);
#2369=VECTOR('',#8361,10.);
#2370=VECTOR('',#8364,10.);
#2371=VECTOR('',#8365,10.);
#2372=VECTOR('',#8366,10.);
#2373=VECTOR('',#8373,10.);
#2374=VECTOR('',#8376,10.);
#2375=VECTOR('',#8377,10.);
#2376=VECTOR('',#8382,10.);
#2377=VECTOR('',#8385,10.);
#2378=VECTOR('',#8388,10.);
#2379=VECTOR('',#8391,10.);
#2380=VECTOR('',#8394,10.);
#2381=VECTOR('',#8397,10.);
#2382=VECTOR('',#8402,10.);
#2383=VECTOR('',#8409,10.);
#2384=VECTOR('',#8412,10.);
#2385=VECTOR('',#8415,10.);
#2386=VECTOR('',#8420,10.);
#2387=VECTOR('',#8423,10.);
#2388=VECTOR('',#8426,10.);
#2389=VECTOR('',#8429,10.);
#2390=VECTOR('',#8432,10.);
#2391=VECTOR('',#8435,10.);
#2392=VECTOR('',#8438,10.);
#2393=VECTOR('',#8439,10.);
#2394=VECTOR('',#8442,10.);
#2395=VECTOR('',#8447,10.);
#2396=VECTOR('',#8448,10.);
#2397=VECTOR('',#8451,10.);
#2398=VECTOR('',#8456,10.);
#2399=VECTOR('',#8457,10.);
#2400=VECTOR('',#8460,10.);
#2401=VECTOR('',#8465,10.);
#2402=VECTOR('',#8466,10.);
#2403=VECTOR('',#8477,10.);
#2404=VECTOR('',#8488,10.);
#2405=VECTOR('',#8491,10.);
#2406=VECTOR('',#8494,10.);
#2407=VECTOR('',#8499,10.);
#2408=VECTOR('',#8502,10.);
#2409=VECTOR('',#8505,10.);
#2410=VECTOR('',#8510,10.);
#2411=VECTOR('',#8513,10.);
#2412=VECTOR('',#8516,10.);
#2413=VECTOR('',#8521,10.);
#2414=VECTOR('',#8524,10.);
#2415=VECTOR('',#8527,10.);
#2416=VECTOR('',#8532,10.);
#2417=VECTOR('',#8537,10.);
#2418=VECTOR('',#8538,10.);
#2419=VECTOR('',#8541,10.);
#2420=VECTOR('',#8546,10.);
#2421=VECTOR('',#8547,10.);
#2422=VECTOR('',#8550,10.);
#2423=VECTOR('',#8555,10.);
#2424=VECTOR('',#8556,10.);
#2425=VECTOR('',#8559,10.);
#2426=VECTOR('',#8564,10.);
#2427=VECTOR('',#8565,10.);
#2428=VECTOR('',#8570,10.);
#2429=VECTOR('',#8573,10.);
#2430=VECTOR('',#8574,10.);
#2431=VECTOR('',#8583,10.);
#2432=VECTOR('',#8586,10.);
#2433=VECTOR('',#8587,10.);
#2434=VECTOR('',#8598,10.);
#2435=VECTOR('',#8601,10.);
#2436=VECTOR('',#8602,10.);
#2437=VECTOR('',#8607,10.);
#2438=VECTOR('',#8610,10.);
#2439=VECTOR('',#8611,10.);
#2440=VECTOR('',#8616,10.);
#2441=VECTOR('',#8619,10.);
#2442=VECTOR('',#8620,10.);
#2443=VECTOR('',#8625,10.);
#2444=VECTOR('',#8628,10.);
#2445=VECTOR('',#8637,10.);
#2446=VECTOR('',#8638,10.);
#2447=VECTOR('',#8641,10.);
#2448=VECTOR('',#8648,10.);
#2449=VECTOR('',#8657,10.);
#2450=VECTOR('',#8658,10.);
#2451=VECTOR('',#8661,10.);
#2452=VECTOR('',#8662,10.);
#2453=VECTOR('',#8669,10.);
#2454=VECTOR('',#8670,10.);
#2455=VECTOR('',#8673,10.);
#2456=VECTOR('',#8674,10.);
#2457=VECTOR('',#8675,10.);
#2458=VECTOR('',#8678,10.);
#2459=VECTOR('',#8679,10.);
#2460=VECTOR('',#8680,10.);
#2461=VECTOR('',#8681,10.);
#2462=VECTOR('',#8686,10.);
#2463=VECTOR('',#8689,10.);
#2464=VECTOR('',#8690,10.);
#2465=VECTOR('',#8691,10.);
#2466=VECTOR('',#8692,10.);
#2467=VECTOR('',#8695,10.);
#2468=VECTOR('',#8696,10.);
#2469=VECTOR('',#8703,10.);
#2470=VECTOR('',#8706,10.);
#2471=VECTOR('',#8709,10.);
#2472=VECTOR('',#8710,10.);
#2473=VECTOR('',#8711,10.);
#2474=VECTOR('',#8718,10.);
#2475=VECTOR('',#8721,10.);
#2476=VECTOR('',#8722,10.);
#2477=VECTOR('',#8723,10.);
#2478=VECTOR('',#8726,10.);
#2479=VECTOR('',#8727,10.);
#2480=VECTOR('',#8730,1.25);
#2481=VECTOR('',#8739,10.);
#2482=VECTOR('',#8740,10.);
#2483=VECTOR('',#8745,10.);
#2484=VECTOR('',#8750,10.);
#2485=VECTOR('',#8759,10.);
#2486=VECTOR('',#8760,10.);
#2487=VECTOR('',#8763,10.);
#2488=VECTOR('',#8764,10.);
#2489=VECTOR('',#8771,10.);
#2490=VECTOR('',#8772,10.);
#2491=VECTOR('',#8775,10.);
#2492=VECTOR('',#8776,10.);
#2493=VECTOR('',#8777,10.);
#2494=VECTOR('',#8780,10.);
#2495=VECTOR('',#8781,10.);
#2496=VECTOR('',#8782,10.);
#2497=VECTOR('',#8783,10.);
#2498=VECTOR('',#8788,10.);
#2499=VECTOR('',#8791,10.);
#2500=VECTOR('',#8792,10.);
#2501=VECTOR('',#8793,10.);
#2502=VECTOR('',#8794,10.);
#2503=VECTOR('',#8797,10.);
#2504=VECTOR('',#8798,10.);
#2505=VECTOR('',#8801,10.);
#2506=VECTOR('',#8808,10.);
#2507=VECTOR('',#8811,10.);
#2508=VECTOR('',#8812,10.);
#2509=VECTOR('',#8813,10.);
#2510=VECTOR('',#8820,10.);
#2511=VECTOR('',#8823,10.);
#2512=VECTOR('',#8824,10.);
#2513=VECTOR('',#8825,10.);
#2514=VECTOR('',#8828,10.);
#2515=VECTOR('',#8831,1.25);
#2516=VECTOR('',#8840,10.);
#2517=VECTOR('',#8841,10.);
#2518=VECTOR('',#8846,10.);
#2519=VECTOR('',#8851,10.);
#2520=VECTOR('',#8860,10.);
#2521=VECTOR('',#8861,10.);
#2522=VECTOR('',#8864,10.);
#2523=VECTOR('',#8865,10.);
#2524=VECTOR('',#8872,10.);
#2525=VECTOR('',#8873,10.);
#2526=VECTOR('',#8876,10.);
#2527=VECTOR('',#8877,10.);
#2528=VECTOR('',#8884,10.);
#2529=VECTOR('',#8885,10.);
#2530=VECTOR('',#8886,10.);
#2531=VECTOR('',#8887,10.);
#2532=VECTOR('',#8892,10.);
#2533=VECTOR('',#8895,10.);
#2534=VECTOR('',#8896,10.);
#2535=VECTOR('',#8897,10.);
#2536=VECTOR('',#8900,10.);
#2537=VECTOR('',#8901,10.);
#2538=VECTOR('',#8904,10.);
#2539=VECTOR('',#8917,10.);
#2540=VECTOR('',#8920,10.);
#2541=VECTOR('',#8921,10.);
#2542=VECTOR('',#8922,10.);
#2543=VECTOR('',#8927,10.);
#2544=VECTOR('',#8928,10.);
#2545=VECTOR('',#8933,1.25);
#2546=VECTOR('',#8942,10.);
#2547=VECTOR('',#8943,10.);
#2548=VECTOR('',#8946,10.);
#2549=VECTOR('',#8953,10.);
#2550=VECTOR('',#8962,10.);
#2551=VECTOR('',#8963,10.);
#2552=VECTOR('',#8966,10.);
#2553=VECTOR('',#8967,10.);
#2554=VECTOR('',#8974,10.);
#2555=VECTOR('',#8975,10.);
#2556=VECTOR('',#8978,10.);
#2557=VECTOR('',#8979,10.);
#2558=VECTOR('',#8986,10.);
#2559=VECTOR('',#8987,10.);
#2560=VECTOR('',#8988,10.);
#2561=VECTOR('',#8989,10.);
#2562=VECTOR('',#8994,10.);
#2563=VECTOR('',#8997,10.);
#2564=VECTOR('',#8998,10.);
#2565=VECTOR('',#8999,10.);
#2566=VECTOR('',#9002,10.);
#2567=VECTOR('',#9003,10.);
#2568=VECTOR('',#9010,10.);
#2569=VECTOR('',#9019,10.);
#2570=VECTOR('',#9022,10.);
#2571=VECTOR('',#9023,10.);
#2572=VECTOR('',#9024,10.);
#2573=VECTOR('',#9029,10.);
#2574=VECTOR('',#9030,10.);
#2575=VECTOR('',#9035,1.25);
#2576=VECTOR('',#9040,10.);
#2577=VECTOR('',#9041,10.);
#2578=VECTOR('',#9042,10.);
#2579=VECTOR('',#9043,10.);
#2580=VECTOR('',#9046,10.);
#2581=VECTOR('',#9047,10.);
#2582=VECTOR('',#9048,10.);
#2583=VECTOR('',#9051,10.);
#2584=VECTOR('',#9052,10.);
#2585=VECTOR('',#9053,10.);
#2586=VECTOR('',#9056,10.);
#2587=VECTOR('',#9057,10.);
#2588=VECTOR('',#9058,10.);
#2589=VECTOR('',#9061,10.);
#2590=VECTOR('',#9062,10.);
#2591=VECTOR('',#9063,10.);
#2592=VECTOR('',#9066,10.);
#2593=VECTOR('',#9067,10.);
#2594=VECTOR('',#9072,10.);
#2595=VECTOR('',#9073,10.);
#2596=VECTOR('',#9074,10.);
#2597=VECTOR('',#9075,10.);
#2598=VECTOR('',#9078,10.);
#2599=VECTOR('',#9079,10.);
#2600=VECTOR('',#9080,10.);
#2601=VECTOR('',#9083,10.);
#2602=VECTOR('',#9084,10.);
#2603=VECTOR('',#9085,10.);
#2604=VECTOR('',#9088,10.);
#2605=VECTOR('',#9089,10.);
#2606=VECTOR('',#9090,10.);
#2607=VECTOR('',#9093,10.);
#2608=VECTOR('',#9094,10.);
#2609=VECTOR('',#9095,10.);
#2610=VECTOR('',#9098,10.);
#2611=VECTOR('',#9099,10.);
#2612=VECTOR('',#9104,10.);
#2613=VECTOR('',#9105,10.);
#2614=VECTOR('',#9106,10.);
#2615=VECTOR('',#9107,10.);
#2616=VECTOR('',#9110,10.);
#2617=VECTOR('',#9111,10.);
#2618=VECTOR('',#9112,10.);
#2619=VECTOR('',#9115,10.);
#2620=VECTOR('',#9116,10.);
#2621=VECTOR('',#9117,10.);
#2622=VECTOR('',#9120,10.);
#2623=VECTOR('',#9121,10.);
#2624=VECTOR('',#9122,10.);
#2625=VECTOR('',#9125,10.);
#2626=VECTOR('',#9126,10.);
#2627=VECTOR('',#9127,10.);
#2628=VECTOR('',#9130,10.);
#2629=VECTOR('',#9131,10.);
#2630=VECTOR('',#9136,10.);
#2631=VECTOR('',#9137,10.);
#2632=VECTOR('',#9138,10.);
#2633=VECTOR('',#9139,10.);
#2634=VECTOR('',#9142,10.);
#2635=VECTOR('',#9143,10.);
#2636=VECTOR('',#9144,10.);
#2637=VECTOR('',#9147,10.);
#2638=VECTOR('',#9148,10.);
#2639=VECTOR('',#9149,10.);
#2640=VECTOR('',#9152,10.);
#2641=VECTOR('',#9153,10.);
#2642=VECTOR('',#9154,10.);
#2643=VECTOR('',#9157,10.);
#2644=VECTOR('',#9158,10.);
#2645=VECTOR('',#9159,10.);
#2646=VECTOR('',#9162,10.);
#2647=VECTOR('',#9163,10.);
#2648=VECTOR('',#9168,10.);
#2649=VECTOR('',#9169,10.);
#2650=VECTOR('',#9170,10.);
#2651=VECTOR('',#9171,10.);
#2652=VECTOR('',#9174,10.);
#2653=VECTOR('',#9175,10.);
#2654=VECTOR('',#9176,10.);
#2655=VECTOR('',#9179,10.);
#2656=VECTOR('',#9180,10.);
#2657=VECTOR('',#9181,10.);
#2658=VECTOR('',#9184,10.);
#2659=VECTOR('',#9185,10.);
#2660=VECTOR('',#9186,10.);
#2661=VECTOR('',#9189,10.);
#2662=VECTOR('',#9190,10.);
#2663=VECTOR('',#9191,10.);
#2664=VECTOR('',#9194,10.);
#2665=VECTOR('',#9195,10.);
#2666=VECTOR('',#9198,10.);
#2667=VECTOR('',#9199,10.);
#2668=VECTOR('',#9200,10.);
#2669=VECTOR('',#9201,10.);
#2670=VECTOR('',#9204,10.);
#2671=VECTOR('',#9205,10.);
#2672=VECTOR('',#9206,10.);
#2673=VECTOR('',#9209,10.);
#2674=VECTOR('',#9210,10.);
#2675=VECTOR('',#9211,10.);
#2676=VECTOR('',#9214,10.);
#2677=VECTOR('',#9215,10.);
#2678=VECTOR('',#9216,10.);
#2679=VECTOR('',#9219,10.);
#2680=VECTOR('',#9220,10.);
#2681=VECTOR('',#9221,10.);
#2682=VECTOR('',#9224,10.);
#2683=VECTOR('',#9225,10.);
#2684=VECTOR('',#9228,10.);
#2685=VECTOR('',#9229,10.);
#2686=VECTOR('',#9230,10.);
#2687=VECTOR('',#9231,10.);
#2688=VECTOR('',#9234,10.);
#2689=VECTOR('',#9235,10.);
#2690=VECTOR('',#9236,10.);
#2691=VECTOR('',#9239,10.);
#2692=VECTOR('',#9240,10.);
#2693=VECTOR('',#9241,10.);
#2694=VECTOR('',#9244,10.);
#2695=VECTOR('',#9245,10.);
#2696=VECTOR('',#9246,10.);
#2697=VECTOR('',#9249,10.);
#2698=VECTOR('',#9250,10.);
#2699=VECTOR('',#9251,10.);
#2700=VECTOR('',#9254,10.);
#2701=VECTOR('',#9255,10.);
#2702=VECTOR('',#9256,10.);
#2703=VECTOR('',#9259,10.);
#2704=VECTOR('',#9260,10.);
#2705=VECTOR('',#9261,10.);
#2706=VECTOR('',#9264,10.);
#2707=VECTOR('',#9265,10.);
#2708=VECTOR('',#9272,10.);
#2709=VECTOR('',#9273,10.);
#2710=VECTOR('',#9274,10.);
#2711=VECTOR('',#9275,10.);
#2712=VECTOR('',#9278,10.);
#2713=VECTOR('',#9279,10.);
#2714=VECTOR('',#9280,10.);
#2715=VECTOR('',#9283,10.);
#2716=VECTOR('',#9284,10.);
#2717=VECTOR('',#9285,10.);
#2718=VECTOR('',#9288,10.);
#2719=VECTOR('',#9289,10.);
#2720=VECTOR('',#9290,10.);
#2721=VECTOR('',#9291,10.);
#2722=VECTOR('',#9294,10.);
#2723=VECTOR('',#9295,10.);
#2724=VECTOR('',#9296,10.);
#2725=VECTOR('',#9299,10.);
#2726=VECTOR('',#9300,10.);
#2727=VECTOR('',#9301,10.);
#2728=VECTOR('',#9304,10.);
#2729=VECTOR('',#9305,10.);
#2730=VECTOR('',#9306,10.);
#2731=VECTOR('',#9307,10.);
#2732=VECTOR('',#9310,10.);
#2733=VECTOR('',#9311,10.);
#2734=VECTOR('',#9312,10.);
#2735=VECTOR('',#9315,10.);
#2736=VECTOR('',#9316,10.);
#2737=VECTOR('',#9317,10.);
#2738=VECTOR('',#9320,10.);
#2739=VECTOR('',#9321,10.);
#2740=VECTOR('',#9332,1.5);
#2741=VECTOR('',#9337,1.25);
#2742=VECTOR('',#9344,1.5);
#2743=VECTOR('',#9349,1.25);
#2744=VERTEX_POINT('',#9364);
#2745=VERTEX_POINT('',#9365);
#2746=VERTEX_POINT('',#9367);
#2747=VERTEX_POINT('',#9369);
#2748=VERTEX_POINT('',#9371);
#2749=VERTEX_POINT('',#9373);
#2750=VERTEX_POINT('',#9377);
#2751=VERTEX_POINT('',#9379);
#2752=VERTEX_POINT('',#9381);
#2753=VERTEX_POINT('',#9383);
#2754=VERTEX_POINT('',#9387);
#2755=VERTEX_POINT('',#9389);
#2756=VERTEX_POINT('',#9393);
#2757=VERTEX_POINT('',#9394);
#2758=VERTEX_POINT('',#9396);
#2759=VERTEX_POINT('',#9398);
#2760=VERTEX_POINT('',#9400);
#2761=VERTEX_POINT('',#9402);
#2762=VERTEX_POINT('',#9406);
#2763=VERTEX_POINT('',#9407);
#2764=VERTEX_POINT('',#9410);
#2765=VERTEX_POINT('',#9412);
#2766=VERTEX_POINT('',#9416);
#2767=VERTEX_POINT('',#9418);
#2768=VERTEX_POINT('',#9422);
#2769=VERTEX_POINT('',#9423);
#2770=VERTEX_POINT('',#9425);
#2771=VERTEX_POINT('',#9427);
#2772=VERTEX_POINT('',#9429);
#2773=VERTEX_POINT('',#9431);
#2774=VERTEX_POINT('',#9435);
#2775=VERTEX_POINT('',#9436);
#2776=VERTEX_POINT('',#9439);
#2777=VERTEX_POINT('',#9441);
#2778=VERTEX_POINT('',#9445);
#2779=VERTEX_POINT('',#9447);
#2780=VERTEX_POINT('',#9451);
#2781=VERTEX_POINT('',#9452);
#2782=VERTEX_POINT('',#9454);
#2783=VERTEX_POINT('',#9456);
#2784=VERTEX_POINT('',#9458);
#2785=VERTEX_POINT('',#9460);
#2786=VERTEX_POINT('',#9464);
#2787=VERTEX_POINT('',#9465);
#2788=VERTEX_POINT('',#9468);
#2789=VERTEX_POINT('',#9470);
#2790=VERTEX_POINT('',#9474);
#2791=VERTEX_POINT('',#9476);
#2792=VERTEX_POINT('',#9480);
#2793=VERTEX_POINT('',#9482);
#2794=VERTEX_POINT('',#9484);
#2795=VERTEX_POINT('',#9486);
#2796=VERTEX_POINT('',#9488);
#2797=VERTEX_POINT('',#9490);
#2798=VERTEX_POINT('',#9492);
#2799=VERTEX_POINT('',#9494);
#2800=VERTEX_POINT('',#9498);
#2801=VERTEX_POINT('',#9499);
#2802=VERTEX_POINT('',#9501);
#2803=VERTEX_POINT('',#9503);
#2804=VERTEX_POINT('',#9509);
#2805=VERTEX_POINT('',#9510);
#2806=VERTEX_POINT('',#9512);
#2807=VERTEX_POINT('',#9514);
#2808=VERTEX_POINT('',#9518);
#2809=VERTEX_POINT('',#9520);
#2810=VERTEX_POINT('',#9522);
#2811=VERTEX_POINT('',#9524);
#2812=VERTEX_POINT('',#9529);
#2813=VERTEX_POINT('',#9531);
#2814=VERTEX_POINT('',#9533);
#2815=VERTEX_POINT('',#9535);
#2816=VERTEX_POINT('',#9537);
#2817=VERTEX_POINT('',#9539);
#2818=VERTEX_POINT('',#9541);
#2819=VERTEX_POINT('',#9543);
#2820=VERTEX_POINT('',#9545);
#2821=VERTEX_POINT('',#9549);
#2822=VERTEX_POINT('',#9553);
#2823=VERTEX_POINT('',#9556);
#2824=VERTEX_POINT('',#9559);
#2825=VERTEX_POINT('',#9561);
#2826=VERTEX_POINT('',#9565);
#2827=VERTEX_POINT('',#9567);
#2828=VERTEX_POINT('',#9569);
#2829=VERTEX_POINT('',#9570);
#2830=VERTEX_POINT('',#9572);
#2831=VERTEX_POINT('',#9574);
#2832=VERTEX_POINT('',#9576);
#2833=VERTEX_POINT('',#9578);
#2834=VERTEX_POINT('',#9580);
#2835=VERTEX_POINT('',#9582);
#2836=VERTEX_POINT('',#9584);
#2837=VERTEX_POINT('',#9586);
#2838=VERTEX_POINT('',#9588);
#2839=VERTEX_POINT('',#9590);
#2840=VERTEX_POINT('',#9592);
#2841=VERTEX_POINT('',#9594);
#2842=VERTEX_POINT('',#9597);
#2843=VERTEX_POINT('',#9598);
#2844=VERTEX_POINT('',#9600);
#2845=VERTEX_POINT('',#9602);
#2846=VERTEX_POINT('',#9604);
#2847=VERTEX_POINT('',#9606);
#2848=VERTEX_POINT('',#9608);
#2849=VERTEX_POINT('',#9610);
#2850=VERTEX_POINT('',#9613);
#2851=VERTEX_POINT('',#9615);
#2852=VERTEX_POINT('',#9617);
#2853=VERTEX_POINT('',#9618);
#2854=VERTEX_POINT('',#9620);
#2855=VERTEX_POINT('',#9622);
#2856=VERTEX_POINT('',#9624);
#2857=VERTEX_POINT('',#9626);
#2858=VERTEX_POINT('',#9628);
#2859=VERTEX_POINT('',#9630);
#2860=VERTEX_POINT('',#9632);
#2861=VERTEX_POINT('',#9634);
#2862=VERTEX_POINT('',#9636);
#2863=VERTEX_POINT('',#9638);
#2864=VERTEX_POINT('',#9640);
#2865=VERTEX_POINT('',#9642);
#2866=VERTEX_POINT('',#9644);
#2867=VERTEX_POINT('',#9646);
#2868=VERTEX_POINT('',#9648);
#2869=VERTEX_POINT('',#9650);
#2870=VERTEX_POINT('',#9652);
#2871=VERTEX_POINT('',#9654);
#2872=VERTEX_POINT('',#9658);
#2873=VERTEX_POINT('',#9660);
#2874=VERTEX_POINT('',#9662);
#2875=VERTEX_POINT('',#9664);
#2876=VERTEX_POINT('',#9666);
#2877=VERTEX_POINT('',#9668);
#2878=VERTEX_POINT('',#9672);
#2879=VERTEX_POINT('',#9673);
#2880=VERTEX_POINT('',#9675);
#2881=VERTEX_POINT('',#9678);
#2882=VERTEX_POINT('',#9680);
#2883=VERTEX_POINT('',#9682);
#2884=VERTEX_POINT('',#9687);
#2885=VERTEX_POINT('',#9688);
#2886=VERTEX_POINT('',#9690);
#2887=VERTEX_POINT('',#9692);
#2888=VERTEX_POINT('',#9694);
#2889=VERTEX_POINT('',#9696);
#2890=VERTEX_POINT('',#9698);
#2891=VERTEX_POINT('',#9700);
#2892=VERTEX_POINT('',#9703);
#2893=VERTEX_POINT('',#9704);
#2894=VERTEX_POINT('',#9706);
#2895=VERTEX_POINT('',#9708);
#2896=VERTEX_POINT('',#9710);
#2897=VERTEX_POINT('',#9712);
#2898=VERTEX_POINT('',#9714);
#2899=VERTEX_POINT('',#9716);
#2900=VERTEX_POINT('',#9719);
#2901=VERTEX_POINT('',#9721);
#2902=VERTEX_POINT('',#9723);
#2903=VERTEX_POINT('',#9724);
#2904=VERTEX_POINT('',#9726);
#2905=VERTEX_POINT('',#9728);
#2906=VERTEX_POINT('',#9730);
#2907=VERTEX_POINT('',#9732);
#2908=VERTEX_POINT('',#9734);
#2909=VERTEX_POINT('',#9736);
#2910=VERTEX_POINT('',#9738);
#2911=VERTEX_POINT('',#9740);
#2912=VERTEX_POINT('',#9742);
#2913=VERTEX_POINT('',#9744);
#2914=VERTEX_POINT('',#9746);
#2915=VERTEX_POINT('',#9748);
#2916=VERTEX_POINT('',#9750);
#2917=VERTEX_POINT('',#9752);
#2918=VERTEX_POINT('',#9754);
#2919=VERTEX_POINT('',#9756);
#2920=VERTEX_POINT('',#9758);
#2921=VERTEX_POINT('',#9760);
#2922=VERTEX_POINT('',#9764);
#2923=VERTEX_POINT('',#9766);
#2924=VERTEX_POINT('',#9768);
#2925=VERTEX_POINT('',#9770);
#2926=VERTEX_POINT('',#9772);
#2927=VERTEX_POINT('',#9774);
#2928=VERTEX_POINT('',#9776);
#2929=VERTEX_POINT('',#9778);
#2930=VERTEX_POINT('',#9781);
#2931=VERTEX_POINT('',#9782);
#2932=VERTEX_POINT('',#9784);
#2933=VERTEX_POINT('',#9786);
#2934=VERTEX_POINT('',#9802);
#2935=VERTEX_POINT('',#9806);
#2936=VERTEX_POINT('',#9812);
#2937=VERTEX_POINT('',#9814);
#2938=VERTEX_POINT('',#9822);
#2939=VERTEX_POINT('',#9826);
#2940=VERTEX_POINT('',#9834);
#2941=VERTEX_POINT('',#9838);
#2942=VERTEX_POINT('',#9843);
#2943=VERTEX_POINT('',#9844);
#2944=VERTEX_POINT('',#9873);
#2945=VERTEX_POINT('',#9875);
#2946=VERTEX_POINT('',#9903);
#2947=VERTEX_POINT('',#9937);
#2948=VERTEX_POINT('',#9956);
#2949=VERTEX_POINT('',#10003);
#2950=VERTEX_POINT('',#10014);
#2951=VERTEX_POINT('',#10016);
#2952=VERTEX_POINT('',#10029);
#2953=VERTEX_POINT('',#10031);
#2954=VERTEX_POINT('',#10033);
#2955=VERTEX_POINT('',#10041);
#2956=VERTEX_POINT('',#10043);
#2957=VERTEX_POINT('',#10045);
#2958=VERTEX_POINT('',#10047);
#2959=VERTEX_POINT('',#10049);
#2960=VERTEX_POINT('',#10051);
#2961=VERTEX_POINT('',#10062);
#2962=VERTEX_POINT('',#10073);
#2963=VERTEX_POINT('',#10075);
#2964=VERTEX_POINT('',#10077);
#2965=VERTEX_POINT('',#10079);
#2966=VERTEX_POINT('',#10081);
#2967=VERTEX_POINT('',#10083);
#2968=VERTEX_POINT('',#10091);
#2969=VERTEX_POINT('',#10094);
#2970=VERTEX_POINT('',#10105);
#2971=VERTEX_POINT('',#10107);
#2972=VERTEX_POINT('',#10118);
#2973=VERTEX_POINT('',#10129);
#2974=VERTEX_POINT('',#10131);
#2975=VERTEX_POINT('',#10142);
#2976=VERTEX_POINT('',#10153);
#2977=VERTEX_POINT('',#10155);
#2978=VERTEX_POINT('',#10166);
#2979=VERTEX_POINT('',#10179);
#2980=VERTEX_POINT('',#10181);
#2981=VERTEX_POINT('',#10183);
#2982=VERTEX_POINT('',#10191);
#2983=VERTEX_POINT('',#10193);
#2984=VERTEX_POINT('',#10195);
#2985=VERTEX_POINT('',#10197);
#2986=VERTEX_POINT('',#10199);
#2987=VERTEX_POINT('',#10201);
#2988=VERTEX_POINT('',#10212);
#2989=VERTEX_POINT('',#10223);
#2990=VERTEX_POINT('',#10225);
#2991=VERTEX_POINT('',#10227);
#2992=VERTEX_POINT('',#10229);
#2993=VERTEX_POINT('',#10231);
#2994=VERTEX_POINT('',#10233);
#2995=VERTEX_POINT('',#10241);
#2996=VERTEX_POINT('',#10245);
#2997=VERTEX_POINT('',#10247);
#2998=VERTEX_POINT('',#10249);
#2999=VERTEX_POINT('',#10251);
#3000=VERTEX_POINT('',#10273);
#3001=VERTEX_POINT('',#10286);
#3002=VERTEX_POINT('',#10288);
#3003=VERTEX_POINT('',#10292);
#3004=VERTEX_POINT('',#10297);
#3005=VERTEX_POINT('',#10299);
#3006=VERTEX_POINT('',#10303);
#3007=VERTEX_POINT('',#10309);
#3008=VERTEX_POINT('',#10311);
#3009=VERTEX_POINT('',#10315);
#3010=VERTEX_POINT('',#10321);
#3011=VERTEX_POINT('',#10323);
#3012=VERTEX_POINT('',#10327);
#3013=VERTEX_POINT('',#10393);
#3014=VERTEX_POINT('',#10394);
#3015=VERTEX_POINT('',#10396);
#3016=VERTEX_POINT('',#10398);
#3017=VERTEX_POINT('',#10402);
#3018=VERTEX_POINT('',#10404);
#3019=VERTEX_POINT('',#10408);
#3020=VERTEX_POINT('',#10410);
#3021=VERTEX_POINT('',#10414);
#3022=VERTEX_POINT('',#10416);
#3023=VERTEX_POINT('',#10420);
#3024=VERTEX_POINT('',#10422);
#3025=VERTEX_POINT('',#10429);
#3026=VERTEX_POINT('',#10431);
#3027=VERTEX_POINT('',#10435);
#3028=VERTEX_POINT('',#10437);
#3029=VERTEX_POINT('',#10441);
#3030=VERTEX_POINT('',#10443);
#3031=VERTEX_POINT('',#10447);
#3032=VERTEX_POINT('',#10449);
#3033=VERTEX_POINT('',#10453);
#3034=VERTEX_POINT('',#10455);
#3035=VERTEX_POINT('',#10459);
#3036=VERTEX_POINT('',#10461);
#3037=VERTEX_POINT('',#10465);
#3038=VERTEX_POINT('',#10467);
#3039=VERTEX_POINT('',#10471);
#3040=VERTEX_POINT('',#10473);
#3041=VERTEX_POINT('',#10481);
#3042=VERTEX_POINT('',#10482);
#3043=VERTEX_POINT('',#10484);
#3044=VERTEX_POINT('',#10486);
#3045=VERTEX_POINT('',#10490);
#3046=VERTEX_POINT('',#10492);
#3047=VERTEX_POINT('',#10496);
#3048=VERTEX_POINT('',#10498);
#3049=VERTEX_POINT('',#10502);
#3050=VERTEX_POINT('',#10504);
#3051=VERTEX_POINT('',#10508);
#3052=VERTEX_POINT('',#10510);
#3053=VERTEX_POINT('',#10514);
#3054=VERTEX_POINT('',#10516);
#3055=VERTEX_POINT('',#10520);
#3056=VERTEX_POINT('',#10522);
#3057=VERTEX_POINT('',#10526);
#3058=VERTEX_POINT('',#10528);
#3059=VERTEX_POINT('',#10532);
#3060=VERTEX_POINT('',#10534);
#3061=VERTEX_POINT('',#10538);
#3062=VERTEX_POINT('',#10540);
#3063=VERTEX_POINT('',#10547);
#3064=VERTEX_POINT('',#10549);
#3065=VERTEX_POINT('',#10553);
#3066=VERTEX_POINT('',#10555);
#3067=VERTEX_POINT('',#10559);
#3068=VERTEX_POINT('',#10561);
#3069=VERTEX_POINT('',#10569);
#3070=VERTEX_POINT('',#10570);
#3071=VERTEX_POINT('',#10572);
#3072=VERTEX_POINT('',#10574);
#3073=VERTEX_POINT('',#10576);
#3074=VERTEX_POINT('',#10578);
#3075=VERTEX_POINT('',#10580);
#3076=VERTEX_POINT('',#10582);
#3077=VERTEX_POINT('',#10584);
#3078=VERTEX_POINT('',#10586);
#3079=VERTEX_POINT('',#10588);
#3080=VERTEX_POINT('',#10590);
#3081=VERTEX_POINT('',#10593);
#3082=VERTEX_POINT('',#10595);
#3083=VERTEX_POINT('',#10599);
#3084=VERTEX_POINT('',#10600);
#3085=VERTEX_POINT('',#10602);
#3086=VERTEX_POINT('',#10604);
#3087=VERTEX_POINT('',#10606);
#3088=VERTEX_POINT('',#10608);
#3089=VERTEX_POINT('',#10610);
#3090=VERTEX_POINT('',#10613);
#3091=VERTEX_POINT('',#10615);
#3092=VERTEX_POINT('',#10617);
#3093=VERTEX_POINT('',#10619);
#3094=VERTEX_POINT('',#10621);
#3095=VERTEX_POINT('',#10623);
#3096=VERTEX_POINT('',#10625);
#3097=VERTEX_POINT('',#10629);
#3098=VERTEX_POINT('',#10631);
#3099=VERTEX_POINT('',#10635);
#3100=VERTEX_POINT('',#10639);
#3101=VERTEX_POINT('',#10643);
#3102=VERTEX_POINT('',#10647);
#3103=VERTEX_POINT('',#10651);
#3104=VERTEX_POINT('',#10655);
#3105=VERTEX_POINT('',#10659);
#3106=VERTEX_POINT('',#10663);
#3107=VERTEX_POINT('',#10664);
#3108=VERTEX_POINT('',#10675);
#3109=VERTEX_POINT('',#10677);
#3110=VERTEX_POINT('',#10688);
#3111=VERTEX_POINT('',#10699);
#3112=VERTEX_POINT('',#10701);
#3113=VERTEX_POINT('',#10712);
#3114=VERTEX_POINT('',#10724);
#3115=VERTEX_POINT('',#10737);
#3116=VERTEX_POINT('',#10739);
#3117=VERTEX_POINT('',#10741);
#3118=VERTEX_POINT('',#10743);
#3119=VERTEX_POINT('',#10745);
#3120=VERTEX_POINT('',#10747);
#3121=VERTEX_POINT('',#10749);
#3122=VERTEX_POINT('',#10757);
#3123=VERTEX_POINT('',#10759);
#3124=VERTEX_POINT('',#10761);
#3125=VERTEX_POINT('',#10763);
#3126=VERTEX_POINT('',#10765);
#3127=VERTEX_POINT('',#10767);
#3128=VERTEX_POINT('',#10778);
#3129=VERTEX_POINT('',#10789);
#3130=VERTEX_POINT('',#10791);
#3131=VERTEX_POINT('',#10793);
#3132=VERTEX_POINT('',#10795);
#3133=VERTEX_POINT('',#10797);
#3134=VERTEX_POINT('',#10799);
#3135=VERTEX_POINT('',#10807);
#3136=VERTEX_POINT('',#10810);
#3137=VERTEX_POINT('',#10812);
#3138=VERTEX_POINT('',#10814);
#3139=VERTEX_POINT('',#10822);
#3140=VERTEX_POINT('',#10824);
#3141=VERTEX_POINT('',#10826);
#3142=VERTEX_POINT('',#10828);
#3143=VERTEX_POINT('',#10830);
#3144=VERTEX_POINT('',#10832);
#3145=VERTEX_POINT('',#10843);
#3146=VERTEX_POINT('',#10854);
#3147=VERTEX_POINT('',#10856);
#3148=VERTEX_POINT('',#10858);
#3149=VERTEX_POINT('',#10860);
#3150=VERTEX_POINT('',#10862);
#3151=VERTEX_POINT('',#10864);
#3152=VERTEX_POINT('',#10872);
#3153=VERTEX_POINT('',#10876);
#3154=VERTEX_POINT('',#10880);
#3155=VERTEX_POINT('',#10884);
#3156=VERTEX_POINT('',#10888);
#3157=VERTEX_POINT('',#10892);
#3158=VERTEX_POINT('',#10896);
#3159=VERTEX_POINT('',#10900);
#3160=VERTEX_POINT('',#10904);
#3161=VERTEX_POINT('',#10908);
#3162=VERTEX_POINT('',#10912);
#3163=VERTEX_POINT('',#10918);
#3164=VERTEX_POINT('',#10922);
#3165=VERTEX_POINT('',#10929);
#3166=VERTEX_POINT('',#10933);
#3167=VERTEX_POINT('',#10937);
#3168=VERTEX_POINT('',#10941);
#3169=VERTEX_POINT('',#10945);
#3170=VERTEX_POINT('',#10949);
#3171=VERTEX_POINT('',#10953);
#3172=VERTEX_POINT('',#11015);
#3173=VERTEX_POINT('',#11016);
#3174=VERTEX_POINT('',#11018);
#3175=VERTEX_POINT('',#11039);
#3176=VERTEX_POINT('',#11073);
#3177=VERTEX_POINT('',#11075);
#3178=VERTEX_POINT('',#11086);
#3179=VERTEX_POINT('',#11095);
#3180=VERTEX_POINT('',#11099);
#3181=VERTEX_POINT('',#11101);
#3182=VERTEX_POINT('',#11122);
#3183=VERTEX_POINT('',#11174);
#3184=VERTEX_POINT('',#11176);
#3185=VERTEX_POINT('',#11210);
#3186=VERTEX_POINT('',#11211);
#3187=VERTEX_POINT('',#11213);
#3188=VERTEX_POINT('',#11261);
#3189=VERTEX_POINT('',#11263);
#3190=VERTEX_POINT('',#11276);
#3191=VERTEX_POINT('',#11278);
#3192=VERTEX_POINT('',#11295);
#3193=VERTEX_POINT('',#11305);
#3194=VERTEX_POINT('',#11307);
#3195=VERTEX_POINT('',#11309);
#3196=VERTEX_POINT('',#11338);
#3197=VERTEX_POINT('',#11339);
#3198=VERTEX_POINT('',#11350);
#3199=VERTEX_POINT('',#11352);
#3200=VERTEX_POINT('',#11378);
#3201=VERTEX_POINT('',#11380);
#3202=VERTEX_POINT('',#11390);
#3203=VERTEX_POINT('',#11394);
#3204=VERTEX_POINT('',#11395);
#3205=VERTEX_POINT('',#11404);
#3206=VERTEX_POINT('',#11430);
#3207=VERTEX_POINT('',#11453);
#3208=VERTEX_POINT('',#11569);
#3209=VERTEX_POINT('',#11570);
#3210=VERTEX_POINT('',#11572);
#3211=VERTEX_POINT('',#11604);
#3212=VERTEX_POINT('',#11627);
#3213=VERTEX_POINT('',#11629);
#3214=VERTEX_POINT('',#11636);
#3215=VERTEX_POINT('',#11649);
#3216=VERTEX_POINT('',#11653);
#3217=VERTEX_POINT('',#11655);
#3218=VERTEX_POINT('',#11657);
#3219=VERTEX_POINT('',#11728);
#3220=VERTEX_POINT('',#11730);
#3221=VERTEX_POINT('',#11764);
#3222=VERTEX_POINT('',#11765);
#3223=VERTEX_POINT('',#11773);
#3224=VERTEX_POINT('',#11815);
#3225=VERTEX_POINT('',#11817);
#3226=VERTEX_POINT('',#11830);
#3227=VERTEX_POINT('',#11832);
#3228=VERTEX_POINT('',#11849);
#3229=VERTEX_POINT('',#11859);
#3230=VERTEX_POINT('',#11861);
#3231=VERTEX_POINT('',#11869);
#3232=VERTEX_POINT('',#11892);
#3233=VERTEX_POINT('',#11893);
#3234=VERTEX_POINT('',#11904);
#3235=VERTEX_POINT('',#11906);
#3236=VERTEX_POINT('',#11932);
#3237=VERTEX_POINT('',#11934);
#3238=VERTEX_POINT('',#11944);
#3239=VERTEX_POINT('',#11948);
#3240=VERTEX_POINT('',#11949);
#3241=VERTEX_POINT('',#11957);
#3242=VERTEX_POINT('',#11983);
#3243=VERTEX_POINT('',#12007);
#3244=VERTEX_POINT('',#12122);
#3245=VERTEX_POINT('',#12123);
#3246=VERTEX_POINT('',#12125);
#3247=VERTEX_POINT('',#12157);
#3248=VERTEX_POINT('',#12180);
#3249=VERTEX_POINT('',#12182);
#3250=VERTEX_POINT('',#12189);
#3251=VERTEX_POINT('',#12202);
#3252=VERTEX_POINT('',#12206);
#3253=VERTEX_POINT('',#12208);
#3254=VERTEX_POINT('',#12210);
#3255=VERTEX_POINT('',#12281);
#3256=VERTEX_POINT('',#12283);
#3257=VERTEX_POINT('',#12317);
#3258=VERTEX_POINT('',#12318);
#3259=VERTEX_POINT('',#12326);
#3260=VERTEX_POINT('',#12368);
#3261=VERTEX_POINT('',#12381);
#3262=VERTEX_POINT('',#12394);
#3263=VERTEX_POINT('',#12396);
#3264=VERTEX_POINT('',#12413);
#3265=VERTEX_POINT('',#12423);
#3266=VERTEX_POINT('',#12425);
#3267=VERTEX_POINT('',#12433);
#3268=VERTEX_POINT('',#12456);
#3269=VERTEX_POINT('',#12482);
#3270=VERTEX_POINT('',#12484);
#3271=VERTEX_POINT('',#12494);
#3272=VERTEX_POINT('',#12498);
#3273=VERTEX_POINT('',#12499);
#3274=VERTEX_POINT('',#12507);
#3275=VERTEX_POINT('',#12512);
#3276=VERTEX_POINT('',#12649);
#3277=VERTEX_POINT('',#12650);
#3278=VERTEX_POINT('',#12652);
#3279=VERTEX_POINT('',#12673);
#3280=VERTEX_POINT('',#12707);
#3281=VERTEX_POINT('',#12709);
#3282=VERTEX_POINT('',#12720);
#3283=VERTEX_POINT('',#12729);
#3284=VERTEX_POINT('',#12733);
#3285=VERTEX_POINT('',#12735);
#3286=VERTEX_POINT('',#12756);
#3287=VERTEX_POINT('',#12808);
#3288=VERTEX_POINT('',#12810);
#3289=VERTEX_POINT('',#12844);
#3290=VERTEX_POINT('',#12845);
#3291=VERTEX_POINT('',#12847);
#3292=VERTEX_POINT('',#12895);
#3293=VERTEX_POINT('',#12908);
#3294=VERTEX_POINT('',#12921);
#3295=VERTEX_POINT('',#12923);
#3296=VERTEX_POINT('',#12940);
#3297=VERTEX_POINT('',#12950);
#3298=VERTEX_POINT('',#12952);
#3299=VERTEX_POINT('',#12954);
#3300=VERTEX_POINT('',#12983);
#3301=VERTEX_POINT('',#13009);
#3302=VERTEX_POINT('',#13011);
#3303=VERTEX_POINT('',#13021);
#3304=VERTEX_POINT('',#13025);
#3305=VERTEX_POINT('',#13026);
#3306=VERTEX_POINT('',#13035);
#3307=VERTEX_POINT('',#13039);
#3308=VERTEX_POINT('',#13121);
#3309=VERTEX_POINT('',#13122);
#3310=VERTEX_POINT('',#13124);
#3311=VERTEX_POINT('',#13126);
#3312=VERTEX_POINT('',#13130);
#3313=VERTEX_POINT('',#13132);
#3314=VERTEX_POINT('',#13136);
#3315=VERTEX_POINT('',#13138);
#3316=VERTEX_POINT('',#13142);
#3317=VERTEX_POINT('',#13144);
#3318=VERTEX_POINT('',#13148);
#3319=VERTEX_POINT('',#13150);
#3320=VERTEX_POINT('',#13158);
#3321=VERTEX_POINT('',#13159);
#3322=VERTEX_POINT('',#13161);
#3323=VERTEX_POINT('',#13163);
#3324=VERTEX_POINT('',#13167);
#3325=VERTEX_POINT('',#13169);
#3326=VERTEX_POINT('',#13173);
#3327=VERTEX_POINT('',#13175);
#3328=VERTEX_POINT('',#13179);
#3329=VERTEX_POINT('',#13181);
#3330=VERTEX_POINT('',#13185);
#3331=VERTEX_POINT('',#13187);
#3332=VERTEX_POINT('',#13195);
#3333=VERTEX_POINT('',#13196);
#3334=VERTEX_POINT('',#13198);
#3335=VERTEX_POINT('',#13200);
#3336=VERTEX_POINT('',#13204);
#3337=VERTEX_POINT('',#13206);
#3338=VERTEX_POINT('',#13210);
#3339=VERTEX_POINT('',#13212);
#3340=VERTEX_POINT('',#13216);
#3341=VERTEX_POINT('',#13218);
#3342=VERTEX_POINT('',#13222);
#3343=VERTEX_POINT('',#13224);
#3344=VERTEX_POINT('',#13232);
#3345=VERTEX_POINT('',#13233);
#3346=VERTEX_POINT('',#13235);
#3347=VERTEX_POINT('',#13237);
#3348=VERTEX_POINT('',#13241);
#3349=VERTEX_POINT('',#13243);
#3350=VERTEX_POINT('',#13247);
#3351=VERTEX_POINT('',#13249);
#3352=VERTEX_POINT('',#13253);
#3353=VERTEX_POINT('',#13255);
#3354=VERTEX_POINT('',#13259);
#3355=VERTEX_POINT('',#13261);
#3356=VERTEX_POINT('',#13269);
#3357=VERTEX_POINT('',#13270);
#3358=VERTEX_POINT('',#13272);
#3359=VERTEX_POINT('',#13274);
#3360=VERTEX_POINT('',#13278);
#3361=VERTEX_POINT('',#13280);
#3362=VERTEX_POINT('',#13284);
#3363=VERTEX_POINT('',#13286);
#3364=VERTEX_POINT('',#13290);
#3365=VERTEX_POINT('',#13292);
#3366=VERTEX_POINT('',#13296);
#3367=VERTEX_POINT('',#13298);
#3368=VERTEX_POINT('',#13305);
#3369=VERTEX_POINT('',#13306);
#3370=VERTEX_POINT('',#13308);
#3371=VERTEX_POINT('',#13310);
#3372=VERTEX_POINT('',#13314);
#3373=VERTEX_POINT('',#13316);
#3374=VERTEX_POINT('',#13320);
#3375=VERTEX_POINT('',#13322);
#3376=VERTEX_POINT('',#13326);
#3377=VERTEX_POINT('',#13328);
#3378=VERTEX_POINT('',#13332);
#3379=VERTEX_POINT('',#13334);
#3380=VERTEX_POINT('',#13341);
#3381=VERTEX_POINT('',#13342);
#3382=VERTEX_POINT('',#13344);
#3383=VERTEX_POINT('',#13346);
#3384=VERTEX_POINT('',#13350);
#3385=VERTEX_POINT('',#13352);
#3386=VERTEX_POINT('',#13356);
#3387=VERTEX_POINT('',#13358);
#3388=VERTEX_POINT('',#13362);
#3389=VERTEX_POINT('',#13364);
#3390=VERTEX_POINT('',#13368);
#3391=VERTEX_POINT('',#13370);
#3392=VERTEX_POINT('',#13374);
#3393=VERTEX_POINT('',#13376);
#3394=VERTEX_POINT('',#13380);
#3395=VERTEX_POINT('',#13382);
#3396=VERTEX_POINT('',#13391);
#3397=VERTEX_POINT('',#13392);
#3398=VERTEX_POINT('',#13394);
#3399=VERTEX_POINT('',#13396);
#3400=VERTEX_POINT('',#13400);
#3401=VERTEX_POINT('',#13402);
#3402=VERTEX_POINT('',#13406);
#3403=VERTEX_POINT('',#13408);
#3404=VERTEX_POINT('',#13412);
#3405=VERTEX_POINT('',#13413);
#3406=VERTEX_POINT('',#13415);
#3407=VERTEX_POINT('',#13417);
#3408=VERTEX_POINT('',#13421);
#3409=VERTEX_POINT('',#13423);
#3410=VERTEX_POINT('',#13427);
#3411=VERTEX_POINT('',#13429);
#3412=VERTEX_POINT('',#13433);
#3413=VERTEX_POINT('',#13434);
#3414=VERTEX_POINT('',#13436);
#3415=VERTEX_POINT('',#13438);
#3416=VERTEX_POINT('',#13442);
#3417=VERTEX_POINT('',#13444);
#3418=VERTEX_POINT('',#13448);
#3419=VERTEX_POINT('',#13450);
#3420=VERTEX_POINT('',#13460);
#3421=VERTEX_POINT('',#13462);
#3422=VERTEX_POINT('',#13466);
#3423=VERTEX_POINT('',#13470);
#3424=VERTEX_POINT('',#13472);
#3425=VERTEX_POINT('',#13476);
#3426=EDGE_CURVE('',#2744,#2745,#1420,.T.);
#3427=EDGE_CURVE('',#2744,#2746,#1182,.T.);
#3428=EDGE_CURVE('',#2747,#2746,#1421,.T.);
#3429=EDGE_CURVE('',#2748,#2747,#1183,.T.);
#3430=EDGE_CURVE('',#2748,#2749,#1422,.T.);
#3431=EDGE_CURVE('',#2745,#2749,#1184,.T.);
#3432=EDGE_CURVE('',#2749,#2750,#1423,.T.);
#3433=EDGE_CURVE('',#2751,#2748,#1424,.T.);
#3434=EDGE_CURVE('',#2752,#2751,#1425,.T.);
#3435=EDGE_CURVE('',#2752,#2753,#1426,.T.);
#3436=EDGE_CURVE('',#2750,#2753,#1427,.T.);
#3437=EDGE_CURVE('',#2747,#2754,#1428,.T.);
#3438=EDGE_CURVE('',#2746,#2755,#1429,.T.);
#3439=EDGE_CURVE('',#2754,#2755,#1430,.T.);
#3440=EDGE_CURVE('',#2756,#2757,#1431,.T.);
#3441=EDGE_CURVE('',#2756,#2758,#1432,.T.);
#3442=EDGE_CURVE('',#2759,#2758,#1433,.T.);
#3443=EDGE_CURVE('',#2760,#2759,#1434,.T.);
#3444=EDGE_CURVE('',#2760,#2761,#1435,.T.);
#3445=EDGE_CURVE('',#2757,#2761,#1436,.T.);
#3446=EDGE_CURVE('',#2762,#2763,#1437,.T.);
#3447=EDGE_CURVE('',#2761,#2762,#1185,.T.);
#3448=EDGE_CURVE('',#2764,#2760,#1186,.T.);
#3449=EDGE_CURVE('',#2764,#2765,#1438,.T.);
#3450=EDGE_CURVE('',#2765,#2763,#1187,.T.);
#3451=EDGE_CURVE('',#2766,#2764,#1439,.T.);
#3452=EDGE_CURVE('',#2767,#2766,#1440,.T.);
#3453=EDGE_CURVE('',#2767,#2765,#1441,.T.);
#3454=EDGE_CURVE('',#2768,#2769,#1442,.T.);
#3455=EDGE_CURVE('',#2770,#2768,#1443,.T.);
#3456=EDGE_CURVE('',#2770,#2771,#1444,.T.);
#3457=EDGE_CURVE('',#2772,#2771,#1445,.T.);
#3458=EDGE_CURVE('',#2773,#2772,#1446,.T.);
#3459=EDGE_CURVE('',#2773,#2769,#1447,.T.);
#3460=EDGE_CURVE('',#2774,#2775,#1448,.T.);
#3461=EDGE_CURVE('',#2769,#2774,#1188,.T.);
#3462=EDGE_CURVE('',#2776,#2773,#1189,.T.);
#3463=EDGE_CURVE('',#2776,#2777,#1449,.T.);
#3464=EDGE_CURVE('',#2777,#2775,#1190,.T.);
#3465=EDGE_CURVE('',#2778,#2776,#1450,.T.);
#3466=EDGE_CURVE('',#2779,#2778,#1451,.T.);
#3467=EDGE_CURVE('',#2779,#2777,#1452,.T.);
#3468=EDGE_CURVE('',#2780,#2781,#1453,.T.);
#3469=EDGE_CURVE('',#2780,#2782,#1191,.T.);
#3470=EDGE_CURVE('',#2783,#2782,#1454,.T.);
#3471=EDGE_CURVE('',#2784,#2783,#1192,.T.);
#3472=EDGE_CURVE('',#2784,#2785,#1455,.T.);
#3473=EDGE_CURVE('',#2781,#2785,#1193,.T.);
#3474=EDGE_CURVE('',#2786,#2787,#1456,.T.);
#3475=EDGE_CURVE('',#2785,#2786,#1457,.T.);
#3476=EDGE_CURVE('',#2788,#2784,#1458,.T.);
#3477=EDGE_CURVE('',#2789,#2788,#1459,.T.);
#3478=EDGE_CURVE('',#2789,#2787,#1460,.T.);
#3479=EDGE_CURVE('',#2783,#2790,#1461,.T.);
#3480=EDGE_CURVE('',#2782,#2791,#1462,.T.);
#3481=EDGE_CURVE('',#2790,#2791,#1463,.T.);
#3482=EDGE_CURVE('',#2755,#2792,#1464,.T.);
#3483=EDGE_CURVE('',#2793,#2792,#1465,.F.);
#3484=EDGE_CURVE('',#2794,#2793,#1466,.T.);
#3485=EDGE_CURVE('',#2795,#2794,#1467,.T.);
#3486=EDGE_CURVE('',#2795,#2796,#1468,.T.);
#3487=EDGE_CURVE('',#2796,#2797,#1469,.T.);
#3488=EDGE_CURVE('',#2798,#2797,#1470,.T.);
#3489=EDGE_CURVE('',#2798,#2799,#1471,.T.);
#3490=EDGE_CURVE('',#2799,#2767,#1472,.T.);
#3491=EDGE_CURVE('',#2754,#2766,#1473,.T.);
#3492=EDGE_CURVE('',#2800,#2801,#1474,.T.);
#3493=EDGE_CURVE('',#2802,#2801,#1475,.T.);
#3494=EDGE_CURVE('',#2802,#2803,#1476,.T.);
#3495=EDGE_CURVE('',#2803,#2800,#1477,.T.);
#3496=EDGE_CURVE('',#2772,#2751,#1478,.T.);
#3497=EDGE_CURVE('',#2771,#2752,#1479,.T.);
#3498=EDGE_CURVE('',#2804,#2805,#1480,.T.);
#3499=EDGE_CURVE('',#2805,#2806,#1481,.T.);
#3500=EDGE_CURVE('',#2806,#2807,#1482,.T.);
#3501=EDGE_CURVE('',#2807,#2804,#1483,.T.);
#3502=EDGE_CURVE('',#2775,#2808,#1484,.T.);
#3503=EDGE_CURVE('',#2809,#2808,#1485,.T.);
#3504=EDGE_CURVE('',#2810,#2809,#1486,.T.);
#3505=EDGE_CURVE('',#2810,#2811,#1487,.T.);
#3506=EDGE_CURVE('',#2811,#2780,#1488,.T.);
#3507=EDGE_CURVE('',#2774,#2781,#1489,.T.);
#3508=EDGE_CURVE('',#2812,#2756,#1490,.T.);
#3509=EDGE_CURVE('',#2813,#2757,#1491,.T.);
#3510=EDGE_CURVE('',#2814,#2813,#1194,.T.);
#3511=EDGE_CURVE('',#2815,#2814,#1492,.T.);
#3512=EDGE_CURVE('',#2816,#2815,#1195,.T.);
#3513=EDGE_CURVE('',#2817,#2816,#1493,.T.);
#3514=EDGE_CURVE('',#2818,#2817,#1196,.T.);
#3515=EDGE_CURVE('',#2819,#2818,#1494,.T.);
#3516=EDGE_CURVE('',#2820,#2819,#1197,.T.);
#3517=EDGE_CURVE('',#2786,#2820,#1495,.T.);
#3518=EDGE_CURVE('',#2787,#2811,#1496,.T.);
#3519=EDGE_CURVE('',#2821,#2810,#1497,.T.);
#3520=EDGE_CURVE('',#2812,#2821,#1498,.T.);
#3521=EDGE_CURVE('',#2750,#2822,#1499,.T.);
#3522=EDGE_CURVE('',#2822,#2804,#1500,.T.);
#3523=EDGE_CURVE('',#2823,#2807,#1501,.T.);
#3524=EDGE_CURVE('',#2823,#2768,#1502,.T.);
#3525=EDGE_CURVE('',#2820,#2824,#1503,.T.);
#3526=EDGE_CURVE('',#2825,#2824,#1504,.T.);
#3527=EDGE_CURVE('',#2813,#2825,#1505,.T.);
#3528=EDGE_CURVE('',#2745,#2762,#1506,.T.);
#3529=EDGE_CURVE('',#2826,#2826,#1198,.T.);
#3530=EDGE_CURVE('',#2827,#2827,#1199,.T.);
#3531=EDGE_CURVE('',#2828,#2829,#1200,.T.);
#3532=EDGE_CURVE('',#2829,#2830,#1201,.T.);
#3533=EDGE_CURVE('',#2830,#2831,#1507,.T.);
#3534=EDGE_CURVE('',#2831,#2832,#1202,.T.);
#3535=EDGE_CURVE('',#2832,#2833,#1203,.T.);
#3536=EDGE_CURVE('',#2833,#2834,#1508,.T.);
#3537=EDGE_CURVE('',#2834,#2835,#1204,.T.);
#3538=EDGE_CURVE('',#2835,#2836,#1509,.T.);
#3539=EDGE_CURVE('',#2836,#2837,#1205,.T.);
#3540=EDGE_CURVE('',#2837,#2838,#1510,.T.);
#3541=EDGE_CURVE('',#2838,#2839,#1206,.T.);
#3542=EDGE_CURVE('',#2839,#2840,#1511,.T.);
#3543=EDGE_CURVE('',#2840,#2841,#1207,.T.);
#3544=EDGE_CURVE('',#2841,#2828,#1512,.T.);
#3545=EDGE_CURVE('',#2842,#2843,#1513,.T.);
#3546=EDGE_CURVE('',#2843,#2844,#1208,.T.);
#3547=EDGE_CURVE('',#2844,#2845,#1514,.T.);
#3548=EDGE_CURVE('',#2845,#2846,#1209,.T.);
#3549=EDGE_CURVE('',#2846,#2847,#1515,.T.);
#3550=EDGE_CURVE('',#2847,#2848,#1210,.T.);
#3551=EDGE_CURVE('',#2848,#2849,#1516,.T.);
#3552=EDGE_CURVE('',#2849,#2842,#1211,.T.);
#3553=EDGE_CURVE('',#2850,#2850,#1212,.T.);
#3554=EDGE_CURVE('',#2851,#2851,#1213,.T.);
#3555=EDGE_CURVE('',#2852,#2853,#1517,.T.);
#3556=EDGE_CURVE('',#2853,#2854,#1518,.T.);
#3557=EDGE_CURVE('',#2854,#2855,#1214,.T.);
#3558=EDGE_CURVE('',#2855,#2856,#1519,.T.);
#3559=EDGE_CURVE('',#2856,#2857,#1215,.T.);
#3560=EDGE_CURVE('',#2857,#2858,#1520,.T.);
#3561=EDGE_CURVE('',#2858,#2859,#1216,.T.);
#3562=EDGE_CURVE('',#2859,#2860,#1521,.T.);
#3563=EDGE_CURVE('',#2860,#2861,#1217,.T.);
#3564=EDGE_CURVE('',#2861,#2862,#1522,.T.);
#3565=EDGE_CURVE('',#2862,#2863,#1523,.T.);
#3566=EDGE_CURVE('',#2863,#2864,#1524,.T.);
#3567=EDGE_CURVE('',#2864,#2865,#1218,.T.);
#3568=EDGE_CURVE('',#2865,#2866,#1525,.T.);
#3569=EDGE_CURVE('',#2866,#2867,#1219,.T.);
#3570=EDGE_CURVE('',#2867,#2868,#1526,.T.);
#3571=EDGE_CURVE('',#2868,#2869,#1220,.T.);
#3572=EDGE_CURVE('',#2869,#2870,#1527,.T.);
#3573=EDGE_CURVE('',#2870,#2871,#1221,.T.);
#3574=EDGE_CURVE('',#2871,#2852,#1528,.T.);
#3575=EDGE_CURVE('',#2872,#2758,#1529,.T.);
#3576=EDGE_CURVE('',#2873,#2872,#1222,.F.);
#3577=EDGE_CURVE('',#2873,#2874,#1223,.T.);
#3578=EDGE_CURVE('',#2875,#2874,#1530,.T.);
#3579=EDGE_CURVE('',#2875,#2876,#1224,.T.);
#3580=EDGE_CURVE('',#2876,#2877,#1225,.T.);
#3581=EDGE_CURVE('',#2789,#2877,#1531,.T.);
#3582=EDGE_CURVE('',#2788,#2759,#1532,.T.);
#3583=EDGE_CURVE('',#2878,#2879,#1226,.T.);
#3584=EDGE_CURVE('',#2879,#2880,#1533,.T.);
#3585=EDGE_CURVE('',#2880,#2825,#1227,.T.);
#3586=EDGE_CURVE('',#2824,#2881,#1228,.T.);
#3587=EDGE_CURVE('',#2881,#2882,#1534,.T.);
#3588=EDGE_CURVE('',#2883,#2882,#1229,.T.);
#3589=EDGE_CURVE('',#2878,#2883,#1535,.T.);
#3590=EDGE_CURVE('',#2790,#2778,#1536,.T.);
#3591=EDGE_CURVE('',#2884,#2885,#1537,.T.);
#3592=EDGE_CURVE('',#2885,#2886,#1230,.T.);
#3593=EDGE_CURVE('',#2886,#2887,#1538,.T.);
#3594=EDGE_CURVE('',#2887,#2888,#1231,.T.);
#3595=EDGE_CURVE('',#2888,#2889,#1539,.T.);
#3596=EDGE_CURVE('',#2889,#2890,#1232,.T.);
#3597=EDGE_CURVE('',#2890,#2891,#1540,.T.);
#3598=EDGE_CURVE('',#2891,#2884,#1233,.T.);
#3599=EDGE_CURVE('',#2892,#2893,#1541,.T.);
#3600=EDGE_CURVE('',#2893,#2894,#1234,.T.);
#3601=EDGE_CURVE('',#2894,#2895,#1542,.T.);
#3602=EDGE_CURVE('',#2895,#2896,#1235,.T.);
#3603=EDGE_CURVE('',#2896,#2897,#1543,.T.);
#3604=EDGE_CURVE('',#2897,#2898,#1236,.T.);
#3605=EDGE_CURVE('',#2898,#2899,#1544,.T.);
#3606=EDGE_CURVE('',#2899,#2892,#1237,.T.);
#3607=EDGE_CURVE('',#2900,#2900,#1238,.T.);
#3608=EDGE_CURVE('',#2901,#2901,#1239,.T.);
#3609=EDGE_CURVE('',#2902,#2903,#1545,.T.);
#3610=EDGE_CURVE('',#2903,#2904,#1546,.T.);
#3611=EDGE_CURVE('',#2904,#2905,#1240,.T.);
#3612=EDGE_CURVE('',#2905,#2906,#1547,.T.);
#3613=EDGE_CURVE('',#2906,#2907,#1241,.T.);
#3614=EDGE_CURVE('',#2907,#2908,#1548,.T.);
#3615=EDGE_CURVE('',#2908,#2909,#1242,.T.);
#3616=EDGE_CURVE('',#2909,#2910,#1549,.T.);
#3617=EDGE_CURVE('',#2910,#2911,#1243,.T.);
#3618=EDGE_CURVE('',#2911,#2912,#1550,.T.);
#3619=EDGE_CURVE('',#2912,#2913,#1551,.T.);
#3620=EDGE_CURVE('',#2913,#2914,#1552,.T.);
#3621=EDGE_CURVE('',#2914,#2915,#1244,.T.);
#3622=EDGE_CURVE('',#2915,#2916,#1553,.T.);
#3623=EDGE_CURVE('',#2916,#2917,#1245,.T.);
#3624=EDGE_CURVE('',#2917,#2918,#1554,.T.);
#3625=EDGE_CURVE('',#2918,#2919,#1246,.T.);
#3626=EDGE_CURVE('',#2919,#2920,#1555,.T.);
#3627=EDGE_CURVE('',#2920,#2921,#1247,.T.);
#3628=EDGE_CURVE('',#2921,#2902,#1556,.T.);
#3629=EDGE_CURVE('',#2922,#2779,#1557,.T.);
#3630=EDGE_CURVE('',#2791,#2923,#1558,.T.);
#3631=EDGE_CURVE('',#2924,#2923,#1559,.F.);
#3632=EDGE_CURVE('',#2924,#2925,#1560,.T.);
#3633=EDGE_CURVE('',#2926,#2925,#1561,.T.);
#3634=EDGE_CURVE('',#2926,#2927,#1562,.T.);
#3635=EDGE_CURVE('',#2927,#2928,#1563,.T.);
#3636=EDGE_CURVE('',#2928,#2929,#1564,.T.);
#3637=EDGE_CURVE('',#2929,#2922,#1565,.T.);
#3638=EDGE_CURVE('',#2930,#2931,#1566,.T.);
#3639=EDGE_CURVE('',#2930,#2932,#1567,.T.);
#3640=EDGE_CURVE('',#2932,#2933,#1568,.T.);
#3641=EDGE_CURVE('',#2933,#2931,#1569,.T.);
#3642=EDGE_CURVE('',#2853,#2912,#1570,.T.);
#3643=EDGE_CURVE('',#2913,#2852,#1571,.T.);
#3644=EDGE_CURVE('',#2903,#2862,#1572,.T.);
#3645=EDGE_CURVE('',#2863,#2902,#1573,.T.);
#3646=EDGE_CURVE('',#2861,#2904,#1574,.T.);
#3647=EDGE_CURVE('',#2854,#2911,#1575,.T.);
#3648=EDGE_CURVE('',#2864,#2921,#1576,.T.);
#3649=EDGE_CURVE('',#2934,#2806,#1577,.T.);
#3650=EDGE_CURVE('',#2823,#2934,#1578,.T.);
#3651=EDGE_CURVE('',#2935,#2822,#1579,.T.);
#3652=EDGE_CURVE('',#2935,#2805,#1580,.T.);
#3653=EDGE_CURVE('',#2934,#2935,#1581,.T.);
#3654=EDGE_CURVE('',#2753,#2936,#1582,.T.);
#3655=EDGE_CURVE('',#2937,#2936,#1583,.T.);
#3656=EDGE_CURVE('',#2937,#2809,#1584,.T.);
#3657=EDGE_CURVE('',#2808,#2770,#1585,.T.);
#3658=EDGE_CURVE('',#2828,#2830,#1586,.T.);
#3659=EDGE_CURVE('',#2828,#2830,#1248,.T.);
#3660=EDGE_CURVE('',#2938,#2938,#1249,.T.);
#3661=EDGE_CURVE('',#2938,#2901,#1587,.T.);
#3662=EDGE_CURVE('',#2939,#2939,#1250,.T.);
#3663=EDGE_CURVE('',#2939,#2829,#1588,.T.);
#3664=EDGE_CURVE('',#2831,#2833,#1589,.T.);
#3665=EDGE_CURVE('',#2831,#2833,#1251,.T.);
#3666=EDGE_CURVE('',#2940,#2940,#1252,.T.);
#3667=EDGE_CURVE('',#2940,#2900,#1590,.T.);
#3668=EDGE_CURVE('',#2941,#2941,#1253,.T.);
#3669=EDGE_CURVE('',#2941,#2832,#1591,.T.);
#3670=EDGE_CURVE('',#2942,#2943,#101,.T.);
#3671=EDGE_CURVE('',#2943,#2873,#1592,.T.);
#3672=EDGE_CURVE('',#2872,#2942,#1593,.T.);
#3673=EDGE_CURVE('',#2876,#2944,#1594,.T.);
#3674=EDGE_CURVE('',#2944,#2945,#102,.T.);
#3675=EDGE_CURVE('',#2945,#2877,#1595,.T.);
#3676=EDGE_CURVE('',#2875,#2946,#1596,.T.);
#3677=EDGE_CURVE('',#2944,#2946,#103,.T.);
#3678=EDGE_CURVE('',#2819,#2881,#1597,.T.);
#3679=EDGE_CURVE('',#2818,#2882,#1598,.T.);
#3680=EDGE_CURVE('',#2817,#2883,#1599,.T.);
#3681=EDGE_CURVE('',#2816,#2878,#1600,.T.);
#3682=EDGE_CURVE('',#2815,#2879,#1601,.T.);
#3683=EDGE_CURVE('',#2814,#2880,#1602,.T.);
#3684=EDGE_CURVE('',#2947,#2943,#104,.T.);
#3685=EDGE_CURVE('',#2874,#2947,#1603,.T.);
#3686=EDGE_CURVE('',#2948,#2947,#105,.T.);
#3687=EDGE_CURVE('',#2946,#2948,#106,.T.);
#3688=EDGE_CURVE('',#2942,#2949,#77,.T.);
#3689=EDGE_CURVE('',#2950,#2949,#1604,.T.);
#3690=EDGE_CURVE('',#2950,#2951,#78,.T.);
#3691=EDGE_CURVE('',#2951,#2948,#1605,.T.);
#3692=EDGE_CURVE('',#2952,#2922,#1254,.F.);
#3693=EDGE_CURVE('',#2953,#2952,#1606,.T.);
#3694=EDGE_CURVE('',#2954,#2953,#107,.T.);
#3695=EDGE_CURVE('',#2955,#2954,#1255,.T.);
#3696=EDGE_CURVE('',#2956,#2955,#1607,.T.);
#3697=EDGE_CURVE('',#2957,#2956,#1256,.T.);
#3698=EDGE_CURVE('',#2958,#2957,#1608,.T.);
#3699=EDGE_CURVE('',#2959,#2958,#1257,.T.);
#3700=EDGE_CURVE('',#2960,#2959,#108,.T.);
#3701=EDGE_CURVE('',#2960,#2961,#109,.T.);
#3702=EDGE_CURVE('',#2961,#2962,#1258,.T.);
#3703=EDGE_CURVE('',#2962,#2963,#1609,.T.);
#3704=EDGE_CURVE('',#2963,#2964,#1259,.T.);
#3705=EDGE_CURVE('',#2964,#2965,#1610,.T.);
#3706=EDGE_CURVE('',#2965,#2966,#1260,.T.);
#3707=EDGE_CURVE('',#2966,#2967,#110,.T.);
#3708=EDGE_CURVE('',#2967,#2968,#1611,.T.);
#3709=EDGE_CURVE('',#2968,#2923,#1261,.T.);
#3710=EDGE_CURVE('',#2945,#2969,#79,.T.);
#3711=EDGE_CURVE('',#2969,#2970,#1262,.T.);
#3712=EDGE_CURVE('',#2970,#2971,#80,.T.);
#3713=EDGE_CURVE('',#2972,#2971,#81,.T.);
#3714=EDGE_CURVE('',#2973,#2972,#1263,.T.);
#3715=EDGE_CURVE('',#2974,#2973,#82,.T.);
#3716=EDGE_CURVE('',#2974,#2975,#83,.T.);
#3717=EDGE_CURVE('',#2975,#2976,#1264,.T.);
#3718=EDGE_CURVE('',#2976,#2977,#84,.T.);
#3719=EDGE_CURVE('',#2978,#2977,#85,.T.);
#3720=EDGE_CURVE('',#2949,#2978,#1265,.T.);
#3721=EDGE_CURVE('',#2763,#2812,#1612,.T.);
#3722=EDGE_CURVE('',#2979,#2799,#1266,.F.);
#3723=EDGE_CURVE('',#2980,#2979,#1613,.T.);
#3724=EDGE_CURVE('',#2981,#2980,#111,.T.);
#3725=EDGE_CURVE('',#2982,#2981,#1267,.T.);
#3726=EDGE_CURVE('',#2983,#2982,#1614,.T.);
#3727=EDGE_CURVE('',#2984,#2983,#1268,.T.);
#3728=EDGE_CURVE('',#2985,#2984,#1615,.T.);
#3729=EDGE_CURVE('',#2986,#2985,#1269,.T.);
#3730=EDGE_CURVE('',#2987,#2986,#112,.T.);
#3731=EDGE_CURVE('',#2987,#2988,#113,.T.);
#3732=EDGE_CURVE('',#2988,#2989,#1270,.T.);
#3733=EDGE_CURVE('',#2989,#2990,#1616,.T.);
#3734=EDGE_CURVE('',#2990,#2991,#1271,.T.);
#3735=EDGE_CURVE('',#2991,#2992,#1617,.T.);
#3736=EDGE_CURVE('',#2992,#2993,#1272,.T.);
#3737=EDGE_CURVE('',#2993,#2994,#114,.T.);
#3738=EDGE_CURVE('',#2994,#2995,#1618,.T.);
#3739=EDGE_CURVE('',#2995,#2792,#1273,.T.);
#3740=EDGE_CURVE('',#2936,#2744,#1619,.T.);
#3741=EDGE_CURVE('',#2996,#2996,#1274,.T.);
#3742=EDGE_CURVE('',#2997,#2997,#1275,.T.);
#3743=EDGE_CURVE('',#2998,#2998,#1276,.T.);
#3744=EDGE_CURVE('',#2999,#2999,#1277,.T.);
#3745=EDGE_CURVE('',#3000,#2951,#86,.T.);
#3746=EDGE_CURVE('',#3000,#2969,#1620,.T.);
#3747=EDGE_CURVE('',#3001,#3001,#1278,.T.);
#3748=EDGE_CURVE('',#3001,#3002,#1621,.T.);
#3749=EDGE_CURVE('',#3002,#3002,#1279,.T.);
#3750=EDGE_CURVE('',#3003,#3003,#1280,.T.);
#3751=EDGE_CURVE('',#3003,#2826,#1622,.T.);
#3752=EDGE_CURVE('',#3004,#3004,#1281,.T.);
#3753=EDGE_CURVE('',#3004,#3005,#1623,.T.);
#3754=EDGE_CURVE('',#3005,#3005,#1282,.T.);
#3755=EDGE_CURVE('',#3006,#3006,#1283,.T.);
#3756=EDGE_CURVE('',#3006,#2851,#1624,.T.);
#3757=EDGE_CURVE('',#3007,#3007,#1284,.T.);
#3758=EDGE_CURVE('',#3007,#3008,#1625,.T.);
#3759=EDGE_CURVE('',#3008,#3008,#1285,.T.);
#3760=EDGE_CURVE('',#3009,#3009,#1286,.T.);
#3761=EDGE_CURVE('',#3009,#2827,#1626,.T.);
#3762=EDGE_CURVE('',#3010,#3010,#1287,.T.);
#3763=EDGE_CURVE('',#3010,#3011,#1627,.T.);
#3764=EDGE_CURVE('',#3011,#3011,#1288,.T.);
#3765=EDGE_CURVE('',#3012,#3012,#1289,.T.);
#3766=EDGE_CURVE('',#3012,#2850,#1628,.T.);
#3767=EDGE_CURVE('',#2868,#2917,#1629,.T.);
#3768=EDGE_CURVE('',#2867,#2918,#1630,.T.);
#3769=EDGE_CURVE('',#2866,#2919,#1631,.T.);
#3770=EDGE_CURVE('',#2865,#2920,#1632,.T.);
#3771=EDGE_CURVE('',#2871,#2914,#1633,.T.);
#3772=EDGE_CURVE('',#2870,#2915,#1634,.T.);
#3773=EDGE_CURVE('',#2869,#2916,#1635,.T.);
#3774=EDGE_CURVE('',#2860,#2905,#1636,.T.);
#3775=EDGE_CURVE('',#2859,#2906,#1637,.T.);
#3776=EDGE_CURVE('',#2858,#2907,#1638,.T.);
#3777=EDGE_CURVE('',#2857,#2908,#1639,.T.);
#3778=EDGE_CURVE('',#2856,#2909,#1640,.T.);
#3779=EDGE_CURVE('',#2855,#2910,#1641,.T.);
#3780=EDGE_CURVE('',#2847,#2896,#1642,.T.);
#3781=EDGE_CURVE('',#2846,#2897,#1643,.T.);
#3782=EDGE_CURVE('',#2845,#2898,#1644,.T.);
#3783=EDGE_CURVE('',#2844,#2899,#1645,.T.);
#3784=EDGE_CURVE('',#2843,#2892,#1646,.T.);
#3785=EDGE_CURVE('',#2842,#2893,#1647,.T.);
#3786=EDGE_CURVE('',#2849,#2894,#1648,.T.);
#3787=EDGE_CURVE('',#2848,#2895,#1649,.T.);
#3788=EDGE_CURVE('',#2838,#2888,#1650,.T.);
#3789=EDGE_CURVE('',#2837,#2889,#1651,.T.);
#3790=EDGE_CURVE('',#2836,#2890,#1652,.T.);
#3791=EDGE_CURVE('',#2835,#2891,#1653,.T.);
#3792=EDGE_CURVE('',#2834,#2884,#1654,.T.);
#3793=EDGE_CURVE('',#2841,#2885,#1655,.T.);
#3794=EDGE_CURVE('',#2840,#2886,#1656,.T.);
#3795=EDGE_CURVE('',#2839,#2887,#1657,.T.);
#3796=EDGE_CURVE('',#3013,#3014,#1658,.T.);
#3797=EDGE_CURVE('',#3014,#3015,#1659,.T.);
#3798=EDGE_CURVE('',#3016,#3015,#1660,.T.);
#3799=EDGE_CURVE('',#3013,#3016,#1661,.T.);
#3800=EDGE_CURVE('',#3013,#3017,#1290,.T.);
#3801=EDGE_CURVE('',#3018,#3016,#1291,.T.);
#3802=EDGE_CURVE('',#3017,#3018,#1662,.T.);
#3803=EDGE_CURVE('',#3019,#3017,#1663,.T.);
#3804=EDGE_CURVE('',#3020,#3018,#1664,.T.);
#3805=EDGE_CURVE('',#3019,#3020,#1665,.T.);
#3806=EDGE_CURVE('',#3021,#3019,#1292,.T.);
#3807=EDGE_CURVE('',#3022,#3020,#1293,.T.);
#3808=EDGE_CURVE('',#3021,#3022,#1666,.T.);
#3809=EDGE_CURVE('',#3023,#3021,#1667,.T.);
#3810=EDGE_CURVE('',#3024,#3022,#1668,.T.);
#3811=EDGE_CURVE('',#3023,#3024,#1669,.T.);
#3812=EDGE_CURVE('',#2794,#3023,#1294,.T.);
#3813=EDGE_CURVE('',#2795,#3024,#1295,.T.);
#3814=EDGE_CURVE('',#3025,#2797,#1296,.T.);
#3815=EDGE_CURVE('',#3026,#2796,#1297,.T.);
#3816=EDGE_CURVE('',#3025,#3026,#1670,.T.);
#3817=EDGE_CURVE('',#3025,#3027,#1671,.T.);
#3818=EDGE_CURVE('',#3028,#3026,#1672,.T.);
#3819=EDGE_CURVE('',#3027,#3028,#1673,.T.);
#3820=EDGE_CURVE('',#3029,#3027,#1298,.T.);
#3821=EDGE_CURVE('',#3030,#3028,#1299,.T.);
#3822=EDGE_CURVE('',#3029,#3030,#1674,.T.);
#3823=EDGE_CURVE('',#3029,#3031,#1675,.T.);
#3824=EDGE_CURVE('',#3032,#3030,#1676,.T.);
#3825=EDGE_CURVE('',#3031,#3032,#1677,.T.);
#3826=EDGE_CURVE('',#3031,#3033,#1300,.T.);
#3827=EDGE_CURVE('',#3034,#3032,#1301,.T.);
#3828=EDGE_CURVE('',#3033,#3034,#1678,.T.);
#3829=EDGE_CURVE('',#3033,#3035,#1679,.T.);
#3830=EDGE_CURVE('',#3036,#3034,#1680,.T.);
#3831=EDGE_CURVE('',#3035,#3036,#1681,.T.);
#3832=EDGE_CURVE('',#3035,#3037,#1302,.T.);
#3833=EDGE_CURVE('',#3038,#3036,#1303,.T.);
#3834=EDGE_CURVE('',#3037,#3038,#1682,.T.);
#3835=EDGE_CURVE('',#3037,#3039,#1683,.T.);
#3836=EDGE_CURVE('',#3040,#3038,#1684,.T.);
#3837=EDGE_CURVE('',#3039,#3040,#1685,.T.);
#3838=EDGE_CURVE('',#3039,#3014,#1304,.T.);
#3839=EDGE_CURVE('',#3015,#3040,#1305,.T.);
#3840=EDGE_CURVE('',#3041,#3042,#1306,.T.);
#3841=EDGE_CURVE('',#3041,#3043,#1686,.T.);
#3842=EDGE_CURVE('',#3044,#3043,#1307,.T.);
#3843=EDGE_CURVE('',#3042,#3044,#1687,.T.);
#3844=EDGE_CURVE('',#3042,#3045,#1688,.T.);
#3845=EDGE_CURVE('',#3046,#3044,#1689,.T.);
#3846=EDGE_CURVE('',#3045,#3046,#1690,.T.);
#3847=EDGE_CURVE('',#3045,#3047,#1308,.T.);
#3848=EDGE_CURVE('',#3048,#3046,#1309,.T.);
#3849=EDGE_CURVE('',#3047,#3048,#1691,.T.);
#3850=EDGE_CURVE('',#3047,#3049,#1692,.T.);
#3851=EDGE_CURVE('',#3050,#3048,#1693,.T.);
#3852=EDGE_CURVE('',#3049,#3050,#1694,.T.);
#3853=EDGE_CURVE('',#3049,#3051,#1310,.T.);
#3854=EDGE_CURVE('',#3052,#3050,#1311,.T.);
#3855=EDGE_CURVE('',#3051,#3052,#1695,.T.);
#3856=EDGE_CURVE('',#3053,#3051,#1696,.T.);
#3857=EDGE_CURVE('',#3054,#3052,#1697,.T.);
#3858=EDGE_CURVE('',#3053,#3054,#1698,.T.);
#3859=EDGE_CURVE('',#3053,#3055,#1312,.T.);
#3860=EDGE_CURVE('',#3056,#3054,#1313,.T.);
#3861=EDGE_CURVE('',#3055,#3056,#1699,.T.);
#3862=EDGE_CURVE('',#3057,#3055,#1700,.T.);
#3863=EDGE_CURVE('',#3058,#3056,#1701,.T.);
#3864=EDGE_CURVE('',#3057,#3058,#1702,.T.);
#3865=EDGE_CURVE('',#3059,#3057,#1314,.T.);
#3866=EDGE_CURVE('',#3060,#3058,#1315,.T.);
#3867=EDGE_CURVE('',#3059,#3060,#1703,.T.);
#3868=EDGE_CURVE('',#3061,#3059,#1704,.T.);
#3869=EDGE_CURVE('',#3062,#3060,#1705,.T.);
#3870=EDGE_CURVE('',#3061,#3062,#1706,.T.);
#3871=EDGE_CURVE('',#2925,#3061,#1316,.T.);
#3872=EDGE_CURVE('',#2926,#3062,#1317,.T.);
#3873=EDGE_CURVE('',#3063,#2928,#1318,.T.);
#3874=EDGE_CURVE('',#3064,#2927,#1319,.T.);
#3875=EDGE_CURVE('',#3063,#3064,#1707,.T.);
#3876=EDGE_CURVE('',#3063,#3065,#1708,.T.);
#3877=EDGE_CURVE('',#3066,#3064,#1709,.T.);
#3878=EDGE_CURVE('',#3065,#3066,#1710,.T.);
#3879=EDGE_CURVE('',#3067,#3065,#1320,.T.);
#3880=EDGE_CURVE('',#3068,#3066,#1321,.T.);
#3881=EDGE_CURVE('',#3067,#3068,#1711,.T.);
#3882=EDGE_CURVE('',#3067,#3041,#1712,.T.);
#3883=EDGE_CURVE('',#3043,#3068,#1713,.T.);
#3884=EDGE_CURVE('',#3069,#3070,#1714,.T.);
#3885=EDGE_CURVE('',#3071,#3069,#1322,.T.);
#3886=EDGE_CURVE('',#3072,#3071,#1715,.T.);
#3887=EDGE_CURVE('',#3073,#3072,#1323,.T.);
#3888=EDGE_CURVE('',#3074,#3073,#1716,.T.);
#3889=EDGE_CURVE('',#3075,#3074,#1324,.T.);
#3890=EDGE_CURVE('',#3076,#3075,#1717,.T.);
#3891=EDGE_CURVE('',#3077,#3076,#1325,.T.);
#3892=EDGE_CURVE('',#3078,#3077,#1718,.T.);
#3893=EDGE_CURVE('',#3079,#3078,#1326,.T.);
#3894=EDGE_CURVE('',#3080,#3079,#1719,.T.);
#3895=EDGE_CURVE('',#2931,#3080,#1327,.T.);
#3896=EDGE_CURVE('',#3081,#2933,#1328,.T.);
#3897=EDGE_CURVE('',#3082,#3081,#1720,.T.);
#3898=EDGE_CURVE('',#3070,#3082,#1329,.T.);
#3899=EDGE_CURVE('',#3083,#3084,#1330,.T.);
#3900=EDGE_CURVE('',#3085,#3083,#1721,.T.);
#3901=EDGE_CURVE('',#3086,#3085,#1331,.T.);
#3902=EDGE_CURVE('',#3087,#3086,#1722,.T.);
#3903=EDGE_CURVE('',#3088,#3087,#1332,.T.);
#3904=EDGE_CURVE('',#3089,#3088,#1723,.T.);
#3905=EDGE_CURVE('',#2801,#3089,#1333,.T.);
#3906=EDGE_CURVE('',#3090,#2800,#1334,.T.);
#3907=EDGE_CURVE('',#3091,#3090,#1724,.T.);
#3908=EDGE_CURVE('',#3092,#3091,#1335,.T.);
#3909=EDGE_CURVE('',#3093,#3092,#1725,.T.);
#3910=EDGE_CURVE('',#3094,#3093,#1336,.T.);
#3911=EDGE_CURVE('',#3095,#3094,#1726,.T.);
#3912=EDGE_CURVE('',#3096,#3095,#1337,.T.);
#3913=EDGE_CURVE('',#3084,#3096,#1727,.T.);
#3914=EDGE_CURVE('',#3076,#3097,#1728,.T.);
#3915=EDGE_CURVE('',#3098,#3097,#1338,.T.);
#3916=EDGE_CURVE('',#3077,#3098,#1729,.T.);
#3917=EDGE_CURVE('',#3075,#3099,#1730,.T.);
#3918=EDGE_CURVE('',#3097,#3099,#1731,.T.);
#3919=EDGE_CURVE('',#3074,#3100,#1732,.T.);
#3920=EDGE_CURVE('',#3099,#3100,#1339,.T.);
#3921=EDGE_CURVE('',#3073,#3101,#1733,.T.);
#3922=EDGE_CURVE('',#3100,#3101,#1734,.T.);
#3923=EDGE_CURVE('',#3072,#3102,#1735,.T.);
#3924=EDGE_CURVE('',#3101,#3102,#1340,.T.);
#3925=EDGE_CURVE('',#3071,#3103,#1736,.T.);
#3926=EDGE_CURVE('',#3102,#3103,#1737,.T.);
#3927=EDGE_CURVE('',#3069,#3104,#1738,.T.);
#3928=EDGE_CURVE('',#3103,#3104,#1341,.T.);
#3929=EDGE_CURVE('',#3070,#3105,#1739,.T.);
#3930=EDGE_CURVE('',#3104,#3105,#1740,.T.);
#3931=EDGE_CURVE('',#3106,#3107,#87,.T.);
#3932=EDGE_CURVE('',#3106,#3108,#1342,.T.);
#3933=EDGE_CURVE('',#3108,#3109,#88,.T.);
#3934=EDGE_CURVE('',#3110,#3109,#89,.T.);
#3935=EDGE_CURVE('',#3111,#3110,#1343,.T.);
#3936=EDGE_CURVE('',#3111,#3112,#90,.T.);
#3937=EDGE_CURVE('',#3113,#3112,#91,.T.);
#3938=EDGE_CURVE('',#3113,#3000,#1344,.T.);
#3939=EDGE_CURVE('',#3114,#2950,#1345,.T.);
#3940=EDGE_CURVE('',#3114,#3107,#92,.T.);
#3941=EDGE_CURVE('',#2937,#2821,#1741,.T.);
#3942=EDGE_CURVE('',#3115,#3115,#1346,.T.);
#3943=EDGE_CURVE('',#3116,#3116,#1347,.F.);
#3944=EDGE_CURVE('',#3117,#3117,#1348,.T.);
#3945=EDGE_CURVE('',#3118,#3118,#1349,.F.);
#3946=EDGE_CURVE('',#2793,#3119,#1350,.F.);
#3947=EDGE_CURVE('',#3119,#3120,#1742,.T.);
#3948=EDGE_CURVE('',#3120,#3121,#115,.T.);
#3949=EDGE_CURVE('',#3121,#3122,#1351,.T.);
#3950=EDGE_CURVE('',#3123,#3122,#1743,.T.);
#3951=EDGE_CURVE('',#3124,#3123,#1352,.T.);
#3952=EDGE_CURVE('',#3124,#3125,#1744,.T.);
#3953=EDGE_CURVE('',#3125,#3126,#1353,.T.);
#3954=EDGE_CURVE('',#3126,#3127,#116,.T.);
#3955=EDGE_CURVE('',#3128,#3127,#117,.T.);
#3956=EDGE_CURVE('',#3129,#3128,#1354,.T.);
#3957=EDGE_CURVE('',#3130,#3129,#1745,.T.);
#3958=EDGE_CURVE('',#3130,#3131,#1355,.T.);
#3959=EDGE_CURVE('',#3131,#3132,#1746,.T.);
#3960=EDGE_CURVE('',#3133,#3132,#1356,.T.);
#3961=EDGE_CURVE('',#3134,#3133,#118,.T.);
#3962=EDGE_CURVE('',#3135,#3134,#1747,.T.);
#3963=EDGE_CURVE('',#2798,#3135,#1357,.T.);
#3964=EDGE_CURVE('',#2924,#3136,#1358,.F.);
#3965=EDGE_CURVE('',#3136,#3137,#1748,.T.);
#3966=EDGE_CURVE('',#3137,#3138,#119,.T.);
#3967=EDGE_CURVE('',#3138,#3139,#1359,.T.);
#3968=EDGE_CURVE('',#3140,#3139,#1749,.T.);
#3969=EDGE_CURVE('',#3141,#3140,#1360,.T.);
#3970=EDGE_CURVE('',#3141,#3142,#1750,.T.);
#3971=EDGE_CURVE('',#3142,#3143,#1361,.T.);
#3972=EDGE_CURVE('',#3143,#3144,#120,.T.);
#3973=EDGE_CURVE('',#3145,#3144,#121,.T.);
#3974=EDGE_CURVE('',#3146,#3145,#1362,.T.);
#3975=EDGE_CURVE('',#3147,#3146,#1751,.T.);
#3976=EDGE_CURVE('',#3147,#3148,#1363,.T.);
#3977=EDGE_CURVE('',#3148,#3149,#1752,.T.);
#3978=EDGE_CURVE('',#3150,#3149,#1364,.T.);
#3979=EDGE_CURVE('',#3151,#3150,#122,.T.);
#3980=EDGE_CURVE('',#3152,#3151,#1753,.T.);
#3981=EDGE_CURVE('',#2929,#3152,#1365,.T.);
#3982=EDGE_CURVE('',#3089,#3153,#1754,.T.);
#3983=EDGE_CURVE('',#2802,#3153,#1366,.T.);
#3984=EDGE_CURVE('',#3088,#3154,#1755,.T.);
#3985=EDGE_CURVE('',#3153,#3154,#1756,.T.);
#3986=EDGE_CURVE('',#3087,#3155,#1757,.T.);
#3987=EDGE_CURVE('',#3154,#3155,#1367,.T.);
#3988=EDGE_CURVE('',#3086,#3156,#1758,.T.);
#3989=EDGE_CURVE('',#3155,#3156,#1759,.T.);
#3990=EDGE_CURVE('',#3085,#3157,#1760,.T.);
#3991=EDGE_CURVE('',#3156,#3157,#1368,.T.);
#3992=EDGE_CURVE('',#3083,#3158,#1761,.T.);
#3993=EDGE_CURVE('',#3157,#3158,#1762,.T.);
#3994=EDGE_CURVE('',#3084,#3159,#1763,.T.);
#3995=EDGE_CURVE('',#3158,#3159,#1369,.T.);
#3996=EDGE_CURVE('',#3160,#3098,#1764,.T.);
#3997=EDGE_CURVE('',#3078,#3160,#1765,.T.);
#3998=EDGE_CURVE('',#3161,#3160,#1370,.T.);
#3999=EDGE_CURVE('',#3079,#3161,#1766,.T.);
#4000=EDGE_CURVE('',#3162,#3161,#1767,.T.);
#4001=EDGE_CURVE('',#3080,#3162,#1768,.T.);
#4002=EDGE_CURVE('',#2930,#3162,#1371,.T.);
#4003=EDGE_CURVE('',#3163,#2932,#1372,.T.);
#4004=EDGE_CURVE('',#3081,#3163,#1769,.T.);
#4005=EDGE_CURVE('',#3164,#3163,#1770,.T.);
#4006=EDGE_CURVE('',#3082,#3164,#1771,.T.);
#4007=EDGE_CURVE('',#3105,#3164,#1373,.T.);
#4008=EDGE_CURVE('',#3165,#2803,#1374,.T.);
#4009=EDGE_CURVE('',#3090,#3165,#1772,.T.);
#4010=EDGE_CURVE('',#3166,#3165,#1773,.T.);
#4011=EDGE_CURVE('',#3091,#3166,#1774,.T.);
#4012=EDGE_CURVE('',#3167,#3166,#1375,.T.);
#4013=EDGE_CURVE('',#3092,#3167,#1775,.T.);
#4014=EDGE_CURVE('',#3168,#3167,#1776,.T.);
#4015=EDGE_CURVE('',#3093,#3168,#1777,.T.);
#4016=EDGE_CURVE('',#3169,#3168,#1376,.T.);
#4017=EDGE_CURVE('',#3094,#3169,#1778,.T.);
#4018=EDGE_CURVE('',#3170,#3169,#1779,.T.);
#4019=EDGE_CURVE('',#3095,#3170,#1780,.T.);
#4020=EDGE_CURVE('',#3171,#3170,#1377,.T.);
#4021=EDGE_CURVE('',#3096,#3171,#1781,.T.);
#4022=EDGE_CURVE('',#3159,#3171,#1782,.T.);
#4023=EDGE_CURVE('',#3172,#3173,#21,.T.);
#4024=EDGE_CURVE('',#3173,#3174,#123,.T.);
#4025=EDGE_CURVE('',#3174,#3175,#22,.T.);
#4026=EDGE_CURVE('',#3175,#3172,#124,.T.);
#4027=EDGE_CURVE('',#3175,#3176,#1783,.T.);
#4028=EDGE_CURVE('',#3176,#3177,#125,.T.);
#4029=EDGE_CURVE('',#3177,#3178,#1784,.T.);
#4030=EDGE_CURVE('',#3178,#3172,#126,.T.);
#4031=EDGE_CURVE('',#3179,#3174,#1785,.T.);
#4032=EDGE_CURVE('',#3176,#3179,#23,.T.);
#4033=EDGE_CURVE('',#3173,#3180,#1378,.T.);
#4034=EDGE_CURVE('',#3181,#3180,#127,.T.);
#4035=EDGE_CURVE('',#3181,#3182,#1786,.T.);
#4036=EDGE_CURVE('',#3182,#3179,#1379,.T.);
#4037=EDGE_CURVE('',#3183,#3181,#24,.T.);
#4038=EDGE_CURVE('',#3180,#3184,#25,.T.);
#4039=EDGE_CURVE('',#3184,#3183,#128,.T.);
#4040=EDGE_CURVE('',#3185,#3186,#1787,.T.);
#4041=EDGE_CURVE('',#3186,#3187,#129,.T.);
#4042=EDGE_CURVE('',#3187,#3183,#1788,.T.);
#4043=EDGE_CURVE('',#3184,#3185,#130,.T.);
#4044=EDGE_CURVE('',#2991,#3178,#1789,.T.);
#4045=EDGE_CURVE('',#2990,#3185,#1790,.T.);
#4046=EDGE_CURVE('',#3182,#3187,#26,.T.);
#4047=EDGE_CURVE('',#3124,#3186,#1791,.T.);
#4048=EDGE_CURVE('',#3123,#3177,#1792,.T.);
#4049=EDGE_CURVE('',#3125,#2989,#1793,.T.);
#4050=EDGE_CURVE('',#3126,#3188,#1794,.T.);
#4051=EDGE_CURVE('',#3188,#3189,#131,.T.);
#4052=EDGE_CURVE('',#3127,#3189,#1795,.T.);
#4053=EDGE_CURVE('',#3119,#3190,#1796,.F.);
#4054=EDGE_CURVE('',#3190,#3191,#1797,.T.);
#4055=EDGE_CURVE('',#3120,#3191,#1798,.T.);
#4056=EDGE_CURVE('',#3191,#3192,#132,.T.);
#4057=EDGE_CURVE('',#3121,#3192,#1799,.T.);
#4058=EDGE_CURVE('',#3193,#3190,#1380,.F.);
#4059=EDGE_CURVE('',#3194,#3193,#1800,.T.);
#4060=EDGE_CURVE('',#3195,#3194,#133,.T.);
#4061=EDGE_CURVE('',#3192,#3195,#1381,.T.);
#4062=EDGE_CURVE('',#3196,#3197,#134,.T.);
#4063=EDGE_CURVE('',#3198,#3197,#1801,.T.);
#4064=EDGE_CURVE('',#3199,#3198,#135,.T.);
#4065=EDGE_CURVE('',#3196,#3199,#1802,.T.);
#4066=EDGE_CURVE('',#3194,#3200,#1803,.T.);
#4067=EDGE_CURVE('',#3201,#3200,#136,.T.);
#4068=EDGE_CURVE('',#3195,#3201,#1804,.T.);
#4069=EDGE_CURVE('',#3202,#3193,#1805,.F.);
#4070=EDGE_CURVE('',#3200,#3202,#1806,.T.);
#4071=EDGE_CURVE('',#3203,#3204,#137,.T.);
#4072=EDGE_CURVE('',#3201,#3203,#1382,.T.);
#4073=EDGE_CURVE('',#3205,#3202,#1383,.T.);
#4074=EDGE_CURVE('',#3204,#3205,#1807,.T.);
#4075=EDGE_CURVE('',#3122,#2992,#1808,.T.);
#4076=EDGE_CURVE('',#3205,#2995,#1809,.T.);
#4077=EDGE_CURVE('',#3204,#2994,#1810,.T.);
#4078=EDGE_CURVE('',#3203,#2993,#1811,.T.);
#4079=EDGE_CURVE('',#3197,#3188,#1384,.T.);
#4080=EDGE_CURVE('',#3206,#2988,#1812,.T.);
#4081=EDGE_CURVE('',#3206,#3198,#1385,.T.);
#4082=EDGE_CURVE('',#3207,#3206,#138,.T.);
#4083=EDGE_CURVE('',#3207,#2987,#1813,.T.);
#4084=EDGE_CURVE('',#3107,#2977,#1814,.T.);
#4085=EDGE_CURVE('',#3106,#2976,#1815,.T.);
#4086=EDGE_CURVE('',#3108,#2975,#1816,.T.);
#4087=EDGE_CURVE('',#3109,#2974,#1817,.T.);
#4088=EDGE_CURVE('',#2996,#3117,#1818,.T.);
#4089=EDGE_CURVE('',#3208,#3209,#27,.T.);
#4090=EDGE_CURVE('',#3210,#3208,#139,.T.);
#4091=EDGE_CURVE('',#3211,#3210,#28,.T.);
#4092=EDGE_CURVE('',#3209,#3211,#140,.T.);
#4093=EDGE_CURVE('',#3210,#3212,#1819,.T.);
#4094=EDGE_CURVE('',#3213,#3208,#141,.T.);
#4095=EDGE_CURVE('',#3214,#3213,#1820,.T.);
#4096=EDGE_CURVE('',#3212,#3214,#142,.T.);
#4097=EDGE_CURVE('',#3212,#3215,#29,.T.);
#4098=EDGE_CURVE('',#3215,#3211,#1821,.T.);
#4099=EDGE_CURVE('',#3216,#3215,#1386,.T.);
#4100=EDGE_CURVE('',#3217,#3216,#1822,.T.);
#4101=EDGE_CURVE('',#3217,#3218,#143,.T.);
#4102=EDGE_CURVE('',#3209,#3218,#1387,.T.);
#4103=EDGE_CURVE('',#3219,#3217,#30,.T.);
#4104=EDGE_CURVE('',#3220,#3219,#144,.T.);
#4105=EDGE_CURVE('',#3218,#3220,#31,.T.);
#4106=EDGE_CURVE('',#3221,#3222,#1823,.T.);
#4107=EDGE_CURVE('',#3220,#3221,#145,.T.);
#4108=EDGE_CURVE('',#3223,#3219,#1824,.T.);
#4109=EDGE_CURVE('',#3222,#3223,#146,.T.);
#4110=EDGE_CURVE('',#2957,#3221,#1825,.T.);
#4111=EDGE_CURVE('',#2956,#3213,#1826,.T.);
#4112=EDGE_CURVE('',#3216,#3223,#32,.T.);
#4113=EDGE_CURVE('',#3148,#3214,#1827,.T.);
#4114=EDGE_CURVE('',#3147,#3222,#1828,.T.);
#4115=EDGE_CURVE('',#3146,#2958,#1829,.T.);
#4116=EDGE_CURVE('',#3144,#3224,#1830,.T.);
#4117=EDGE_CURVE('',#3225,#3224,#147,.T.);
#4118=EDGE_CURVE('',#3145,#3225,#1831,.T.);
#4119=EDGE_CURVE('',#3151,#3226,#1832,.T.);
#4120=EDGE_CURVE('',#3227,#3226,#1833,.T.);
#4121=EDGE_CURVE('',#3152,#3227,#1834,.T.);
#4122=EDGE_CURVE('',#3150,#3228,#1835,.T.);
#4123=EDGE_CURVE('',#3226,#3228,#148,.T.);
#4124=EDGE_CURVE('',#3228,#3229,#1388,.T.);
#4125=EDGE_CURVE('',#3229,#3230,#149,.T.);
#4126=EDGE_CURVE('',#3230,#3231,#1836,.T.);
#4127=EDGE_CURVE('',#3231,#3227,#1389,.T.);
#4128=EDGE_CURVE('',#3232,#3233,#150,.T.);
#4129=EDGE_CURVE('',#3232,#3234,#1837,.T.);
#4130=EDGE_CURVE('',#3234,#3235,#151,.T.);
#4131=EDGE_CURVE('',#3235,#3233,#1838,.T.);
#4132=EDGE_CURVE('',#3229,#3236,#1839,.T.);
#4133=EDGE_CURVE('',#3236,#3237,#152,.T.);
#4134=EDGE_CURVE('',#3230,#3237,#1840,.T.);
#4135=EDGE_CURVE('',#3237,#3238,#1841,.T.);
#4136=EDGE_CURVE('',#3238,#3231,#1842,.T.);
#4137=EDGE_CURVE('',#3239,#3240,#153,.T.);
#4138=EDGE_CURVE('',#3240,#3241,#1843,.T.);
#4139=EDGE_CURVE('',#3241,#3238,#1390,.F.);
#4140=EDGE_CURVE('',#3236,#3239,#1391,.T.);
#4141=EDGE_CURVE('',#3149,#2955,#1844,.T.);
#4142=EDGE_CURVE('',#3240,#2953,#1845,.T.);
#4143=EDGE_CURVE('',#3241,#2952,#1846,.F.);
#4144=EDGE_CURVE('',#3239,#2954,#1847,.T.);
#4145=EDGE_CURVE('',#3242,#3235,#1392,.T.);
#4146=EDGE_CURVE('',#3242,#2959,#1848,.T.);
#4147=EDGE_CURVE('',#3233,#3225,#1393,.T.);
#4148=EDGE_CURVE('',#3243,#3242,#154,.T.);
#4149=EDGE_CURVE('',#3243,#2960,#1849,.T.);
#4150=EDGE_CURVE('',#3111,#2972,#1850,.T.);
#4151=EDGE_CURVE('',#3112,#2971,#1851,.T.);
#4152=EDGE_CURVE('',#3110,#2973,#1852,.T.);
#4153=EDGE_CURVE('',#2998,#3118,#1853,.T.);
#4154=EDGE_CURVE('',#3244,#3245,#33,.T.);
#4155=EDGE_CURVE('',#3246,#3244,#155,.T.);
#4156=EDGE_CURVE('',#3247,#3246,#34,.T.);
#4157=EDGE_CURVE('',#3245,#3247,#156,.T.);
#4158=EDGE_CURVE('',#3246,#3248,#1854,.T.);
#4159=EDGE_CURVE('',#3249,#3244,#157,.T.);
#4160=EDGE_CURVE('',#3250,#3249,#1855,.T.);
#4161=EDGE_CURVE('',#3248,#3250,#158,.T.);
#4162=EDGE_CURVE('',#3248,#3251,#35,.T.);
#4163=EDGE_CURVE('',#3251,#3247,#1856,.T.);
#4164=EDGE_CURVE('',#3252,#3251,#1394,.T.);
#4165=EDGE_CURVE('',#3253,#3252,#1857,.T.);
#4166=EDGE_CURVE('',#3253,#3254,#159,.T.);
#4167=EDGE_CURVE('',#3245,#3254,#1395,.T.);
#4168=EDGE_CURVE('',#3255,#3253,#36,.T.);
#4169=EDGE_CURVE('',#3256,#3255,#160,.T.);
#4170=EDGE_CURVE('',#3254,#3256,#37,.T.);
#4171=EDGE_CURVE('',#3257,#3258,#1858,.T.);
#4172=EDGE_CURVE('',#3256,#3257,#161,.T.);
#4173=EDGE_CURVE('',#3259,#3255,#1859,.T.);
#4174=EDGE_CURVE('',#3258,#3259,#162,.T.);
#4175=EDGE_CURVE('',#2984,#3257,#1860,.T.);
#4176=EDGE_CURVE('',#2983,#3249,#1861,.T.);
#4177=EDGE_CURVE('',#3252,#3259,#38,.T.);
#4178=EDGE_CURVE('',#3131,#3250,#1862,.T.);
#4179=EDGE_CURVE('',#3130,#3258,#1863,.T.);
#4180=EDGE_CURVE('',#3129,#2985,#1864,.T.);
#4181=EDGE_CURVE('',#3260,#3189,#163,.T.);
#4182=EDGE_CURVE('',#3128,#3260,#1865,.T.);
#4183=EDGE_CURVE('',#3196,#3261,#164,.T.);
#4184=EDGE_CURVE('',#3261,#3260,#1396,.T.);
#4185=EDGE_CURVE('',#3134,#3262,#1866,.T.);
#4186=EDGE_CURVE('',#3263,#3262,#1867,.T.);
#4187=EDGE_CURVE('',#3135,#3263,#1868,.T.);
#4188=EDGE_CURVE('',#3133,#3264,#1869,.T.);
#4189=EDGE_CURVE('',#3262,#3264,#165,.T.);
#4190=EDGE_CURVE('',#3264,#3265,#1397,.T.);
#4191=EDGE_CURVE('',#3265,#3266,#166,.T.);
#4192=EDGE_CURVE('',#3266,#3267,#1870,.T.);
#4193=EDGE_CURVE('',#3267,#3263,#1398,.T.);
#4194=EDGE_CURVE('',#3199,#3268,#167,.T.);
#4195=EDGE_CURVE('',#3268,#3261,#1871,.T.);
#4196=EDGE_CURVE('',#3265,#3269,#1872,.T.);
#4197=EDGE_CURVE('',#3269,#3270,#168,.T.);
#4198=EDGE_CURVE('',#3266,#3270,#1873,.T.);
#4199=EDGE_CURVE('',#3270,#3271,#1874,.T.);
#4200=EDGE_CURVE('',#3271,#3267,#1875,.T.);
#4201=EDGE_CURVE('',#3272,#3273,#169,.T.);
#4202=EDGE_CURVE('',#3273,#3274,#1876,.T.);
#4203=EDGE_CURVE('',#3274,#3271,#1399,.F.);
#4204=EDGE_CURVE('',#3269,#3272,#1400,.T.);
#4205=EDGE_CURVE('',#3207,#3275,#170,.T.);
#4206=EDGE_CURVE('',#3275,#3268,#1401,.T.);
#4207=EDGE_CURVE('',#3132,#2982,#1877,.T.);
#4208=EDGE_CURVE('',#3273,#2980,#1878,.T.);
#4209=EDGE_CURVE('',#3274,#2979,#1879,.F.);
#4210=EDGE_CURVE('',#3272,#2981,#1880,.T.);
#4211=EDGE_CURVE('',#3275,#2986,#1881,.T.);
#4212=EDGE_CURVE('',#3114,#2978,#1882,.T.);
#4213=EDGE_CURVE('',#2997,#3116,#1883,.T.);
#4214=EDGE_CURVE('',#3276,#3277,#39,.T.);
#4215=EDGE_CURVE('',#3277,#3278,#171,.T.);
#4216=EDGE_CURVE('',#3278,#3279,#40,.T.);
#4217=EDGE_CURVE('',#3279,#3276,#172,.T.);
#4218=EDGE_CURVE('',#3279,#3280,#1884,.T.);
#4219=EDGE_CURVE('',#3280,#3281,#173,.T.);
#4220=EDGE_CURVE('',#3281,#3282,#1885,.T.);
#4221=EDGE_CURVE('',#3282,#3276,#174,.T.);
#4222=EDGE_CURVE('',#3283,#3278,#1886,.T.);
#4223=EDGE_CURVE('',#3280,#3283,#41,.T.);
#4224=EDGE_CURVE('',#3277,#3284,#1402,.T.);
#4225=EDGE_CURVE('',#3285,#3284,#175,.T.);
#4226=EDGE_CURVE('',#3285,#3286,#1887,.T.);
#4227=EDGE_CURVE('',#3286,#3283,#1403,.T.);
#4228=EDGE_CURVE('',#3287,#3285,#42,.T.);
#4229=EDGE_CURVE('',#3284,#3288,#43,.T.);
#4230=EDGE_CURVE('',#3288,#3287,#176,.T.);
#4231=EDGE_CURVE('',#3289,#3290,#1888,.T.);
#4232=EDGE_CURVE('',#3290,#3291,#177,.T.);
#4233=EDGE_CURVE('',#3291,#3287,#1889,.T.);
#4234=EDGE_CURVE('',#3288,#3289,#178,.T.);
#4235=EDGE_CURVE('',#2964,#3282,#1890,.T.);
#4236=EDGE_CURVE('',#2963,#3289,#1891,.T.);
#4237=EDGE_CURVE('',#3286,#3291,#44,.T.);
#4238=EDGE_CURVE('',#3141,#3290,#1892,.T.);
#4239=EDGE_CURVE('',#3140,#3281,#1893,.T.);
#4240=EDGE_CURVE('',#3142,#2962,#1894,.T.);
#4241=EDGE_CURVE('',#3143,#3292,#1895,.T.);
#4242=EDGE_CURVE('',#3292,#3224,#179,.T.);
#4243=EDGE_CURVE('',#3232,#3293,#180,.T.);
#4244=EDGE_CURVE('',#3293,#3292,#1404,.T.);
#4245=EDGE_CURVE('',#3136,#3294,#1896,.F.);
#4246=EDGE_CURVE('',#3294,#3295,#1897,.T.);
#4247=EDGE_CURVE('',#3137,#3295,#1898,.T.);
#4248=EDGE_CURVE('',#3295,#3296,#181,.T.);
#4249=EDGE_CURVE('',#3138,#3296,#1899,.T.);
#4250=EDGE_CURVE('',#3297,#3294,#1405,.F.);
#4251=EDGE_CURVE('',#3298,#3297,#1900,.T.);
#4252=EDGE_CURVE('',#3299,#3298,#182,.T.);
#4253=EDGE_CURVE('',#3296,#3299,#1406,.T.);
#4254=EDGE_CURVE('',#3300,#3293,#1901,.T.);
#4255=EDGE_CURVE('',#3234,#3300,#183,.T.);
#4256=EDGE_CURVE('',#3298,#3301,#1902,.T.);
#4257=EDGE_CURVE('',#3302,#3301,#184,.T.);
#4258=EDGE_CURVE('',#3299,#3302,#1903,.T.);
#4259=EDGE_CURVE('',#3303,#3297,#1904,.F.);
#4260=EDGE_CURVE('',#3301,#3303,#1905,.T.);
#4261=EDGE_CURVE('',#3304,#3305,#185,.T.);
#4262=EDGE_CURVE('',#3302,#3304,#1407,.T.);
#4263=EDGE_CURVE('',#3306,#3303,#1408,.T.);
#4264=EDGE_CURVE('',#3305,#3306,#1906,.T.);
#4265=EDGE_CURVE('',#3307,#3300,#1409,.T.);
#4266=EDGE_CURVE('',#3243,#3307,#186,.T.);
#4267=EDGE_CURVE('',#3139,#2965,#1907,.T.);
#4268=EDGE_CURVE('',#3306,#2968,#1908,.T.);
#4269=EDGE_CURVE('',#3305,#2967,#1909,.T.);
#4270=EDGE_CURVE('',#3304,#2966,#1910,.T.);
#4271=EDGE_CURVE('',#3307,#2961,#1911,.T.);
#4272=EDGE_CURVE('',#3113,#2970,#1912,.T.);
#4273=EDGE_CURVE('',#2999,#3115,#1913,.T.);
#4274=EDGE_CURVE('',#3308,#3309,#1914,.T.);
#4275=EDGE_CURVE('',#3308,#3310,#1915,.T.);
#4276=EDGE_CURVE('',#3311,#3310,#1916,.T.);
#4277=EDGE_CURVE('',#3309,#3311,#1917,.T.);
#4278=EDGE_CURVE('',#3309,#3312,#1918,.T.);
#4279=EDGE_CURVE('',#3313,#3311,#1919,.T.);
#4280=EDGE_CURVE('',#3312,#3313,#1920,.T.);
#4281=EDGE_CURVE('',#3312,#3314,#1921,.T.);
#4282=EDGE_CURVE('',#3315,#3313,#1922,.T.);
#4283=EDGE_CURVE('',#3314,#3315,#1923,.T.);
#4284=EDGE_CURVE('',#3314,#3316,#1924,.T.);
#4285=EDGE_CURVE('',#3317,#3315,#1925,.T.);
#4286=EDGE_CURVE('',#3316,#3317,#1926,.T.);
#4287=EDGE_CURVE('',#3316,#3318,#1927,.T.);
#4288=EDGE_CURVE('',#3319,#3317,#1928,.T.);
#4289=EDGE_CURVE('',#3318,#3319,#1929,.T.);
#4290=EDGE_CURVE('',#3318,#3308,#1930,.T.);
#4291=EDGE_CURVE('',#3310,#3319,#1931,.T.);
#4292=EDGE_CURVE('',#3320,#3321,#1932,.T.);
#4293=EDGE_CURVE('',#3320,#3322,#1933,.T.);
#4294=EDGE_CURVE('',#3323,#3322,#1934,.T.);
#4295=EDGE_CURVE('',#3321,#3323,#1935,.T.);
#4296=EDGE_CURVE('',#3321,#3324,#1936,.T.);
#4297=EDGE_CURVE('',#3325,#3323,#1937,.T.);
#4298=EDGE_CURVE('',#3324,#3325,#1938,.T.);
#4299=EDGE_CURVE('',#3324,#3326,#1939,.T.);
#4300=EDGE_CURVE('',#3327,#3325,#1940,.T.);
#4301=EDGE_CURVE('',#3326,#3327,#1941,.T.);
#4302=EDGE_CURVE('',#3326,#3328,#1942,.T.);
#4303=EDGE_CURVE('',#3329,#3327,#1943,.T.);
#4304=EDGE_CURVE('',#3328,#3329,#1944,.T.);
#4305=EDGE_CURVE('',#3328,#3330,#1945,.T.);
#4306=EDGE_CURVE('',#3331,#3329,#1946,.T.);
#4307=EDGE_CURVE('',#3330,#3331,#1947,.T.);
#4308=EDGE_CURVE('',#3330,#3320,#1948,.T.);
#4309=EDGE_CURVE('',#3322,#3331,#1949,.T.);
#4310=EDGE_CURVE('',#3332,#3333,#1950,.T.);
#4311=EDGE_CURVE('',#3332,#3334,#1951,.T.);
#4312=EDGE_CURVE('',#3335,#3334,#1952,.T.);
#4313=EDGE_CURVE('',#3333,#3335,#1953,.T.);
#4314=EDGE_CURVE('',#3333,#3336,#1954,.T.);
#4315=EDGE_CURVE('',#3337,#3335,#1955,.T.);
#4316=EDGE_CURVE('',#3336,#3337,#1956,.T.);
#4317=EDGE_CURVE('',#3336,#3338,#1957,.T.);
#4318=EDGE_CURVE('',#3339,#3337,#1958,.T.);
#4319=EDGE_CURVE('',#3338,#3339,#1959,.T.);
#4320=EDGE_CURVE('',#3338,#3340,#1960,.T.);
#4321=EDGE_CURVE('',#3341,#3339,#1961,.T.);
#4322=EDGE_CURVE('',#3340,#3341,#1962,.T.);
#4323=EDGE_CURVE('',#3340,#3342,#1963,.T.);
#4324=EDGE_CURVE('',#3343,#3341,#1964,.T.);
#4325=EDGE_CURVE('',#3342,#3343,#1965,.T.);
#4326=EDGE_CURVE('',#3342,#3332,#1966,.T.);
#4327=EDGE_CURVE('',#3334,#3343,#1967,.T.);
#4328=EDGE_CURVE('',#3344,#3345,#1968,.T.);
#4329=EDGE_CURVE('',#3344,#3346,#1969,.T.);
#4330=EDGE_CURVE('',#3347,#3346,#1970,.T.);
#4331=EDGE_CURVE('',#3345,#3347,#1971,.T.);
#4332=EDGE_CURVE('',#3345,#3348,#1972,.T.);
#4333=EDGE_CURVE('',#3349,#3347,#1973,.T.);
#4334=EDGE_CURVE('',#3348,#3349,#1974,.T.);
#4335=EDGE_CURVE('',#3348,#3350,#1975,.T.);
#4336=EDGE_CURVE('',#3351,#3349,#1976,.T.);
#4337=EDGE_CURVE('',#3350,#3351,#1977,.T.);
#4338=EDGE_CURVE('',#3350,#3352,#1978,.T.);
#4339=EDGE_CURVE('',#3353,#3351,#1979,.T.);
#4340=EDGE_CURVE('',#3352,#3353,#1980,.T.);
#4341=EDGE_CURVE('',#3352,#3354,#1981,.T.);
#4342=EDGE_CURVE('',#3355,#3353,#1982,.T.);
#4343=EDGE_CURVE('',#3354,#3355,#1983,.T.);
#4344=EDGE_CURVE('',#3354,#3344,#1984,.T.);
#4345=EDGE_CURVE('',#3346,#3355,#1985,.T.);
#4346=EDGE_CURVE('',#3356,#3357,#1986,.T.);
#4347=EDGE_CURVE('',#3357,#3358,#1987,.T.);
#4348=EDGE_CURVE('',#3359,#3358,#1988,.T.);
#4349=EDGE_CURVE('',#3356,#3359,#1989,.T.);
#4350=EDGE_CURVE('',#3360,#3356,#1990,.T.);
#4351=EDGE_CURVE('',#3361,#3359,#1991,.T.);
#4352=EDGE_CURVE('',#3360,#3361,#1992,.T.);
#4353=EDGE_CURVE('',#3362,#3360,#1993,.T.);
#4354=EDGE_CURVE('',#3363,#3361,#1994,.T.);
#4355=EDGE_CURVE('',#3362,#3363,#1995,.T.);
#4356=EDGE_CURVE('',#3364,#3362,#1996,.T.);
#4357=EDGE_CURVE('',#3365,#3363,#1997,.T.);
#4358=EDGE_CURVE('',#3364,#3365,#1998,.T.);
#4359=EDGE_CURVE('',#3366,#3364,#1999,.T.);
#4360=EDGE_CURVE('',#3367,#3365,#2000,.T.);
#4361=EDGE_CURVE('',#3366,#3367,#2001,.T.);
#4362=EDGE_CURVE('',#3357,#3366,#2002,.T.);
#4363=EDGE_CURVE('',#3358,#3367,#2003,.T.);
#4364=EDGE_CURVE('',#3368,#3369,#2004,.T.);
#4365=EDGE_CURVE('',#3369,#3370,#2005,.T.);
#4366=EDGE_CURVE('',#3371,#3370,#2006,.T.);
#4367=EDGE_CURVE('',#3368,#3371,#2007,.T.);
#4368=EDGE_CURVE('',#3372,#3368,#2008,.T.);
#4369=EDGE_CURVE('',#3373,#3371,#2009,.T.);
#4370=EDGE_CURVE('',#3372,#3373,#2010,.T.);
#4371=EDGE_CURVE('',#3374,#3372,#2011,.T.);
#4372=EDGE_CURVE('',#3375,#3373,#2012,.T.);
#4373=EDGE_CURVE('',#3374,#3375,#2013,.T.);
#4374=EDGE_CURVE('',#3376,#3374,#2014,.T.);
#4375=EDGE_CURVE('',#3377,#3375,#2015,.T.);
#4376=EDGE_CURVE('',#3376,#3377,#2016,.T.);
#4377=EDGE_CURVE('',#3378,#3376,#2017,.T.);
#4378=EDGE_CURVE('',#3379,#3377,#2018,.T.);
#4379=EDGE_CURVE('',#3378,#3379,#2019,.T.);
#4380=EDGE_CURVE('',#3369,#3378,#2020,.T.);
#4381=EDGE_CURVE('',#3370,#3379,#2021,.T.);
#4382=EDGE_CURVE('',#3380,#3381,#2022,.T.);
#4383=EDGE_CURVE('',#3380,#3382,#2023,.T.);
#4384=EDGE_CURVE('',#3383,#3382,#2024,.T.);
#4385=EDGE_CURVE('',#3381,#3383,#2025,.T.);
#4386=EDGE_CURVE('',#3381,#3384,#2026,.T.);
#4387=EDGE_CURVE('',#3385,#3383,#2027,.T.);
#4388=EDGE_CURVE('',#3384,#3385,#2028,.T.);
#4389=EDGE_CURVE('',#3384,#3386,#2029,.T.);
#4390=EDGE_CURVE('',#3387,#3385,#2030,.T.);
#4391=EDGE_CURVE('',#3386,#3387,#2031,.T.);
#4392=EDGE_CURVE('',#3386,#3388,#2032,.T.);
#4393=EDGE_CURVE('',#3389,#3387,#2033,.T.);
#4394=EDGE_CURVE('',#3388,#3389,#2034,.T.);
#4395=EDGE_CURVE('',#3390,#3388,#2035,.T.);
#4396=EDGE_CURVE('',#3391,#3389,#2036,.T.);
#4397=EDGE_CURVE('',#3390,#3391,#2037,.T.);
#4398=EDGE_CURVE('',#3392,#3390,#2038,.T.);
#4399=EDGE_CURVE('',#3393,#3391,#2039,.T.);
#4400=EDGE_CURVE('',#3392,#3393,#2040,.T.);
#4401=EDGE_CURVE('',#3394,#3392,#2041,.T.);
#4402=EDGE_CURVE('',#3395,#3393,#2042,.T.);
#4403=EDGE_CURVE('',#3394,#3395,#2043,.T.);
#4404=EDGE_CURVE('',#3394,#3380,#2044,.T.);
#4405=EDGE_CURVE('',#3382,#3395,#2045,.T.);
#4406=EDGE_CURVE('',#3396,#3397,#2046,.T.);
#4407=EDGE_CURVE('',#3396,#3398,#2047,.T.);
#4408=EDGE_CURVE('',#3399,#3398,#2048,.T.);
#4409=EDGE_CURVE('',#3397,#3399,#2049,.T.);
#4410=EDGE_CURVE('',#3397,#3400,#2050,.T.);
#4411=EDGE_CURVE('',#3401,#3399,#2051,.T.);
#4412=EDGE_CURVE('',#3400,#3401,#2052,.T.);
#4413=EDGE_CURVE('',#3400,#3402,#2053,.T.);
#4414=EDGE_CURVE('',#3403,#3401,#2054,.T.);
#4415=EDGE_CURVE('',#3402,#3403,#2055,.T.);
#4416=EDGE_CURVE('',#3404,#3405,#2056,.T.);
#4417=EDGE_CURVE('',#3405,#3406,#2057,.T.);
#4418=EDGE_CURVE('',#3407,#3406,#2058,.T.);
#4419=EDGE_CURVE('',#3404,#3407,#2059,.T.);
#4420=EDGE_CURVE('',#3404,#3408,#2060,.T.);
#4421=EDGE_CURVE('',#3409,#3407,#2061,.T.);
#4422=EDGE_CURVE('',#3408,#3409,#2062,.T.);
#4423=EDGE_CURVE('',#3408,#3410,#2063,.T.);
#4424=EDGE_CURVE('',#3411,#3409,#2064,.T.);
#4425=EDGE_CURVE('',#3410,#3411,#2065,.T.);
#4426=EDGE_CURVE('',#3412,#3413,#2066,.T.);
#4427=EDGE_CURVE('',#3413,#3414,#2067,.T.);
#4428=EDGE_CURVE('',#3415,#3414,#2068,.T.);
#4429=EDGE_CURVE('',#3412,#3415,#2069,.T.);
#4430=EDGE_CURVE('',#3412,#3416,#2070,.T.);
#4431=EDGE_CURVE('',#3417,#3415,#2071,.T.);
#4432=EDGE_CURVE('',#3416,#3417,#2072,.T.);
#4433=EDGE_CURVE('',#3418,#3416,#2073,.T.);
#4434=EDGE_CURVE('',#3419,#3417,#2074,.T.);
#4435=EDGE_CURVE('',#3418,#3419,#2075,.T.);
#4436=EDGE_CURVE('',#3418,#3396,#2076,.T.);
#4437=EDGE_CURVE('',#3398,#3419,#2077,.T.);
#4438=EDGE_CURVE('',#3413,#3410,#1410,.T.);
#4439=EDGE_CURVE('',#3414,#3411,#1411,.T.);
#4440=EDGE_CURVE('',#3420,#3420,#1412,.T.);
#4441=EDGE_CURVE('',#3420,#3421,#2078,.T.);
#4442=EDGE_CURVE('',#3421,#3421,#1413,.T.);
#4443=EDGE_CURVE('',#3421,#3422,#2079,.T.);
#4444=EDGE_CURVE('',#3422,#3422,#1414,.T.);
#4445=EDGE_CURVE('',#3423,#3423,#1415,.T.);
#4446=EDGE_CURVE('',#3423,#3424,#2080,.T.);
#4447=EDGE_CURVE('',#3424,#3424,#1416,.T.);
#4448=EDGE_CURVE('',#3424,#3425,#2081,.T.);
#4449=EDGE_CURVE('',#3425,#3425,#1417,.T.);
#4450=EDGE_CURVE('',#3406,#3403,#1418,.T.);
#4451=EDGE_CURVE('',#3405,#3402,#1419,.T.);
#4452=ORIENTED_EDGE('',*,*,#3426,.F.);
#4453=ORIENTED_EDGE('',*,*,#3427,.T.);
#4454=ORIENTED_EDGE('',*,*,#3428,.F.);
#4455=ORIENTED_EDGE('',*,*,#3429,.F.);
#4456=ORIENTED_EDGE('',*,*,#3430,.T.);
#4457=ORIENTED_EDGE('',*,*,#3431,.F.);
#4458=ORIENTED_EDGE('',*,*,#3432,.F.);
#4459=ORIENTED_EDGE('',*,*,#3430,.F.);
#4460=ORIENTED_EDGE('',*,*,#3433,.F.);
#4461=ORIENTED_EDGE('',*,*,#3434,.F.);
#4462=ORIENTED_EDGE('',*,*,#3435,.T.);
#4463=ORIENTED_EDGE('',*,*,#3436,.F.);
#4464=ORIENTED_EDGE('',*,*,#3437,.F.);
#4465=ORIENTED_EDGE('',*,*,#3428,.T.);
#4466=ORIENTED_EDGE('',*,*,#3438,.T.);
#4467=ORIENTED_EDGE('',*,*,#3439,.F.);
#4468=ORIENTED_EDGE('',*,*,#3440,.F.);
#4469=ORIENTED_EDGE('',*,*,#3441,.T.);
#4470=ORIENTED_EDGE('',*,*,#3442,.F.);
#4471=ORIENTED_EDGE('',*,*,#3443,.F.);
#4472=ORIENTED_EDGE('',*,*,#3444,.T.);
#4473=ORIENTED_EDGE('',*,*,#3445,.F.);
#4474=ORIENTED_EDGE('',*,*,#3446,.F.);
#4475=ORIENTED_EDGE('',*,*,#3447,.F.);
#4476=ORIENTED_EDGE('',*,*,#3444,.F.);
#4477=ORIENTED_EDGE('',*,*,#3448,.F.);
#4478=ORIENTED_EDGE('',*,*,#3449,.T.);
#4479=ORIENTED_EDGE('',*,*,#3450,.T.);
#4480=ORIENTED_EDGE('',*,*,#3451,.F.);
#4481=ORIENTED_EDGE('',*,*,#3452,.F.);
#4482=ORIENTED_EDGE('',*,*,#3453,.T.);
#4483=ORIENTED_EDGE('',*,*,#3449,.F.);
#4484=ORIENTED_EDGE('',*,*,#3454,.F.);
#4485=ORIENTED_EDGE('',*,*,#3455,.F.);
#4486=ORIENTED_EDGE('',*,*,#3456,.T.);
#4487=ORIENTED_EDGE('',*,*,#3457,.F.);
#4488=ORIENTED_EDGE('',*,*,#3458,.F.);
#4489=ORIENTED_EDGE('',*,*,#3459,.T.);
#4490=ORIENTED_EDGE('',*,*,#3460,.F.);
#4491=ORIENTED_EDGE('',*,*,#3461,.F.);
#4492=ORIENTED_EDGE('',*,*,#3459,.F.);
#4493=ORIENTED_EDGE('',*,*,#3462,.F.);
#4494=ORIENTED_EDGE('',*,*,#3463,.T.);
#4495=ORIENTED_EDGE('',*,*,#3464,.T.);
#4496=ORIENTED_EDGE('',*,*,#3465,.F.);
#4497=ORIENTED_EDGE('',*,*,#3466,.F.);
#4498=ORIENTED_EDGE('',*,*,#3467,.T.);
#4499=ORIENTED_EDGE('',*,*,#3463,.F.);
#4500=ORIENTED_EDGE('',*,*,#3468,.F.);
#4501=ORIENTED_EDGE('',*,*,#3469,.T.);
#4502=ORIENTED_EDGE('',*,*,#3470,.F.);
#4503=ORIENTED_EDGE('',*,*,#3471,.F.);
#4504=ORIENTED_EDGE('',*,*,#3472,.T.);
#4505=ORIENTED_EDGE('',*,*,#3473,.F.);
#4506=ORIENTED_EDGE('',*,*,#3474,.F.);
#4507=ORIENTED_EDGE('',*,*,#3475,.F.);
#4508=ORIENTED_EDGE('',*,*,#3472,.F.);
#4509=ORIENTED_EDGE('',*,*,#3476,.F.);
#4510=ORIENTED_EDGE('',*,*,#3477,.F.);
#4511=ORIENTED_EDGE('',*,*,#3478,.T.);
#4512=ORIENTED_EDGE('',*,*,#3479,.F.);
#4513=ORIENTED_EDGE('',*,*,#3470,.T.);
#4514=ORIENTED_EDGE('',*,*,#3480,.T.);
#4515=ORIENTED_EDGE('',*,*,#3481,.F.);
#4516=ORIENTED_EDGE('',*,*,#3439,.T.);
#4517=ORIENTED_EDGE('',*,*,#3482,.T.);
#4518=ORIENTED_EDGE('',*,*,#3483,.F.);
#4519=ORIENTED_EDGE('',*,*,#3484,.F.);
#4520=ORIENTED_EDGE('',*,*,#3485,.F.);
#4521=ORIENTED_EDGE('',*,*,#3486,.T.);
#4522=ORIENTED_EDGE('',*,*,#3487,.T.);
#4523=ORIENTED_EDGE('',*,*,#3488,.F.);
#4524=ORIENTED_EDGE('',*,*,#3489,.T.);
#4525=ORIENTED_EDGE('',*,*,#3490,.T.);
#4526=ORIENTED_EDGE('',*,*,#3452,.T.);
#4527=ORIENTED_EDGE('',*,*,#3491,.F.);
#4528=ORIENTED_EDGE('',*,*,#3492,.T.);
#4529=ORIENTED_EDGE('',*,*,#3493,.F.);
#4530=ORIENTED_EDGE('',*,*,#3494,.T.);
#4531=ORIENTED_EDGE('',*,*,#3495,.T.);
#4532=ORIENTED_EDGE('',*,*,#3434,.T.);
#4533=ORIENTED_EDGE('',*,*,#3496,.F.);
#4534=ORIENTED_EDGE('',*,*,#3457,.T.);
#4535=ORIENTED_EDGE('',*,*,#3497,.T.);
#4536=ORIENTED_EDGE('',*,*,#3498,.T.);
#4537=ORIENTED_EDGE('',*,*,#3499,.T.);
#4538=ORIENTED_EDGE('',*,*,#3500,.T.);
#4539=ORIENTED_EDGE('',*,*,#3501,.T.);
#4540=ORIENTED_EDGE('',*,*,#3460,.T.);
#4541=ORIENTED_EDGE('',*,*,#3502,.T.);
#4542=ORIENTED_EDGE('',*,*,#3503,.F.);
#4543=ORIENTED_EDGE('',*,*,#3504,.F.);
#4544=ORIENTED_EDGE('',*,*,#3505,.T.);
#4545=ORIENTED_EDGE('',*,*,#3506,.T.);
#4546=ORIENTED_EDGE('',*,*,#3468,.T.);
#4547=ORIENTED_EDGE('',*,*,#3507,.F.);
#4548=ORIENTED_EDGE('',*,*,#3508,.T.);
#4549=ORIENTED_EDGE('',*,*,#3440,.T.);
#4550=ORIENTED_EDGE('',*,*,#3509,.F.);
#4551=ORIENTED_EDGE('',*,*,#3510,.F.);
#4552=ORIENTED_EDGE('',*,*,#3511,.F.);
#4553=ORIENTED_EDGE('',*,*,#3512,.F.);
#4554=ORIENTED_EDGE('',*,*,#3513,.F.);
#4555=ORIENTED_EDGE('',*,*,#3514,.F.);
#4556=ORIENTED_EDGE('',*,*,#3515,.F.);
#4557=ORIENTED_EDGE('',*,*,#3516,.F.);
#4558=ORIENTED_EDGE('',*,*,#3517,.F.);
#4559=ORIENTED_EDGE('',*,*,#3474,.T.);
#4560=ORIENTED_EDGE('',*,*,#3518,.T.);
#4561=ORIENTED_EDGE('',*,*,#3505,.F.);
#4562=ORIENTED_EDGE('',*,*,#3519,.F.);
#4563=ORIENTED_EDGE('',*,*,#3520,.F.);
#4564=ORIENTED_EDGE('',*,*,#3431,.T.);
#4565=ORIENTED_EDGE('',*,*,#3432,.T.);
#4566=ORIENTED_EDGE('',*,*,#3521,.T.);
#4567=ORIENTED_EDGE('',*,*,#3522,.T.);
#4568=ORIENTED_EDGE('',*,*,#3501,.F.);
#4569=ORIENTED_EDGE('',*,*,#3523,.F.);
#4570=ORIENTED_EDGE('',*,*,#3524,.T.);
#4571=ORIENTED_EDGE('',*,*,#3454,.T.);
#4572=ORIENTED_EDGE('',*,*,#3461,.T.);
#4573=ORIENTED_EDGE('',*,*,#3507,.T.);
#4574=ORIENTED_EDGE('',*,*,#3473,.T.);
#4575=ORIENTED_EDGE('',*,*,#3475,.T.);
#4576=ORIENTED_EDGE('',*,*,#3517,.T.);
#4577=ORIENTED_EDGE('',*,*,#3525,.T.);
#4578=ORIENTED_EDGE('',*,*,#3526,.F.);
#4579=ORIENTED_EDGE('',*,*,#3527,.F.);
#4580=ORIENTED_EDGE('',*,*,#3509,.T.);
#4581=ORIENTED_EDGE('',*,*,#3445,.T.);
#4582=ORIENTED_EDGE('',*,*,#3447,.T.);
#4583=ORIENTED_EDGE('',*,*,#3528,.F.);
#4584=ORIENTED_EDGE('',*,*,#3529,.T.);
#4585=ORIENTED_EDGE('',*,*,#3530,.T.);
#4586=ORIENTED_EDGE('',*,*,#3531,.T.);
#4587=ORIENTED_EDGE('',*,*,#3532,.T.);
#4588=ORIENTED_EDGE('',*,*,#3533,.T.);
#4589=ORIENTED_EDGE('',*,*,#3534,.T.);
#4590=ORIENTED_EDGE('',*,*,#3535,.T.);
#4591=ORIENTED_EDGE('',*,*,#3536,.T.);
#4592=ORIENTED_EDGE('',*,*,#3537,.T.);
#4593=ORIENTED_EDGE('',*,*,#3538,.T.);
#4594=ORIENTED_EDGE('',*,*,#3539,.T.);
#4595=ORIENTED_EDGE('',*,*,#3540,.T.);
#4596=ORIENTED_EDGE('',*,*,#3541,.T.);
#4597=ORIENTED_EDGE('',*,*,#3542,.T.);
#4598=ORIENTED_EDGE('',*,*,#3543,.T.);
#4599=ORIENTED_EDGE('',*,*,#3544,.T.);
#4600=ORIENTED_EDGE('',*,*,#3545,.T.);
#4601=ORIENTED_EDGE('',*,*,#3546,.T.);
#4602=ORIENTED_EDGE('',*,*,#3547,.T.);
#4603=ORIENTED_EDGE('',*,*,#3548,.T.);
#4604=ORIENTED_EDGE('',*,*,#3549,.T.);
#4605=ORIENTED_EDGE('',*,*,#3550,.T.);
#4606=ORIENTED_EDGE('',*,*,#3551,.T.);
#4607=ORIENTED_EDGE('',*,*,#3552,.T.);
#4608=ORIENTED_EDGE('',*,*,#3553,.T.);
#4609=ORIENTED_EDGE('',*,*,#3554,.T.);
#4610=ORIENTED_EDGE('',*,*,#3555,.T.);
#4611=ORIENTED_EDGE('',*,*,#3556,.T.);
#4612=ORIENTED_EDGE('',*,*,#3557,.T.);
#4613=ORIENTED_EDGE('',*,*,#3558,.T.);
#4614=ORIENTED_EDGE('',*,*,#3559,.T.);
#4615=ORIENTED_EDGE('',*,*,#3560,.T.);
#4616=ORIENTED_EDGE('',*,*,#3561,.T.);
#4617=ORIENTED_EDGE('',*,*,#3562,.T.);
#4618=ORIENTED_EDGE('',*,*,#3563,.T.);
#4619=ORIENTED_EDGE('',*,*,#3564,.T.);
#4620=ORIENTED_EDGE('',*,*,#3565,.T.);
#4621=ORIENTED_EDGE('',*,*,#3566,.T.);
#4622=ORIENTED_EDGE('',*,*,#3567,.T.);
#4623=ORIENTED_EDGE('',*,*,#3568,.T.);
#4624=ORIENTED_EDGE('',*,*,#3569,.T.);
#4625=ORIENTED_EDGE('',*,*,#3570,.T.);
#4626=ORIENTED_EDGE('',*,*,#3571,.T.);
#4627=ORIENTED_EDGE('',*,*,#3572,.T.);
#4628=ORIENTED_EDGE('',*,*,#3573,.T.);
#4629=ORIENTED_EDGE('',*,*,#3574,.T.);
#4630=ORIENTED_EDGE('',*,*,#3442,.T.);
#4631=ORIENTED_EDGE('',*,*,#3575,.F.);
#4632=ORIENTED_EDGE('',*,*,#3576,.F.);
#4633=ORIENTED_EDGE('',*,*,#3577,.T.);
#4634=ORIENTED_EDGE('',*,*,#3578,.F.);
#4635=ORIENTED_EDGE('',*,*,#3579,.T.);
#4636=ORIENTED_EDGE('',*,*,#3580,.T.);
#4637=ORIENTED_EDGE('',*,*,#3581,.F.);
#4638=ORIENTED_EDGE('',*,*,#3477,.T.);
#4639=ORIENTED_EDGE('',*,*,#3582,.T.);
#4640=ORIENTED_EDGE('',*,*,#3583,.T.);
#4641=ORIENTED_EDGE('',*,*,#3584,.T.);
#4642=ORIENTED_EDGE('',*,*,#3585,.T.);
#4643=ORIENTED_EDGE('',*,*,#3526,.T.);
#4644=ORIENTED_EDGE('',*,*,#3586,.T.);
#4645=ORIENTED_EDGE('',*,*,#3587,.T.);
#4646=ORIENTED_EDGE('',*,*,#3588,.F.);
#4647=ORIENTED_EDGE('',*,*,#3589,.F.);
#4648=ORIENTED_EDGE('',*,*,#3433,.T.);
#4649=ORIENTED_EDGE('',*,*,#3429,.T.);
#4650=ORIENTED_EDGE('',*,*,#3437,.T.);
#4651=ORIENTED_EDGE('',*,*,#3491,.T.);
#4652=ORIENTED_EDGE('',*,*,#3451,.T.);
#4653=ORIENTED_EDGE('',*,*,#3448,.T.);
#4654=ORIENTED_EDGE('',*,*,#3443,.T.);
#4655=ORIENTED_EDGE('',*,*,#3582,.F.);
#4656=ORIENTED_EDGE('',*,*,#3476,.T.);
#4657=ORIENTED_EDGE('',*,*,#3471,.T.);
#4658=ORIENTED_EDGE('',*,*,#3479,.T.);
#4659=ORIENTED_EDGE('',*,*,#3590,.T.);
#4660=ORIENTED_EDGE('',*,*,#3465,.T.);
#4661=ORIENTED_EDGE('',*,*,#3462,.T.);
#4662=ORIENTED_EDGE('',*,*,#3458,.T.);
#4663=ORIENTED_EDGE('',*,*,#3496,.T.);
#4664=ORIENTED_EDGE('',*,*,#3591,.T.);
#4665=ORIENTED_EDGE('',*,*,#3592,.T.);
#4666=ORIENTED_EDGE('',*,*,#3593,.T.);
#4667=ORIENTED_EDGE('',*,*,#3594,.T.);
#4668=ORIENTED_EDGE('',*,*,#3595,.T.);
#4669=ORIENTED_EDGE('',*,*,#3596,.T.);
#4670=ORIENTED_EDGE('',*,*,#3597,.T.);
#4671=ORIENTED_EDGE('',*,*,#3598,.T.);
#4672=ORIENTED_EDGE('',*,*,#3599,.T.);
#4673=ORIENTED_EDGE('',*,*,#3600,.T.);
#4674=ORIENTED_EDGE('',*,*,#3601,.T.);
#4675=ORIENTED_EDGE('',*,*,#3602,.T.);
#4676=ORIENTED_EDGE('',*,*,#3603,.T.);
#4677=ORIENTED_EDGE('',*,*,#3604,.T.);
#4678=ORIENTED_EDGE('',*,*,#3605,.T.);
#4679=ORIENTED_EDGE('',*,*,#3606,.T.);
#4680=ORIENTED_EDGE('',*,*,#3607,.T.);
#4681=ORIENTED_EDGE('',*,*,#3608,.T.);
#4682=ORIENTED_EDGE('',*,*,#3609,.T.);
#4683=ORIENTED_EDGE('',*,*,#3610,.T.);
#4684=ORIENTED_EDGE('',*,*,#3611,.T.);
#4685=ORIENTED_EDGE('',*,*,#3612,.T.);
#4686=ORIENTED_EDGE('',*,*,#3613,.T.);
#4687=ORIENTED_EDGE('',*,*,#3614,.T.);
#4688=ORIENTED_EDGE('',*,*,#3615,.T.);
#4689=ORIENTED_EDGE('',*,*,#3616,.T.);
#4690=ORIENTED_EDGE('',*,*,#3617,.T.);
#4691=ORIENTED_EDGE('',*,*,#3618,.T.);
#4692=ORIENTED_EDGE('',*,*,#3619,.T.);
#4693=ORIENTED_EDGE('',*,*,#3620,.T.);
#4694=ORIENTED_EDGE('',*,*,#3621,.T.);
#4695=ORIENTED_EDGE('',*,*,#3622,.T.);
#4696=ORIENTED_EDGE('',*,*,#3623,.T.);
#4697=ORIENTED_EDGE('',*,*,#3624,.T.);
#4698=ORIENTED_EDGE('',*,*,#3625,.T.);
#4699=ORIENTED_EDGE('',*,*,#3626,.T.);
#4700=ORIENTED_EDGE('',*,*,#3627,.T.);
#4701=ORIENTED_EDGE('',*,*,#3628,.T.);
#4702=ORIENTED_EDGE('',*,*,#3629,.T.);
#4703=ORIENTED_EDGE('',*,*,#3466,.T.);
#4704=ORIENTED_EDGE('',*,*,#3590,.F.);
#4705=ORIENTED_EDGE('',*,*,#3481,.T.);
#4706=ORIENTED_EDGE('',*,*,#3630,.T.);
#4707=ORIENTED_EDGE('',*,*,#3631,.F.);
#4708=ORIENTED_EDGE('',*,*,#3632,.T.);
#4709=ORIENTED_EDGE('',*,*,#3633,.F.);
#4710=ORIENTED_EDGE('',*,*,#3634,.T.);
#4711=ORIENTED_EDGE('',*,*,#3635,.T.);
#4712=ORIENTED_EDGE('',*,*,#3636,.T.);
#4713=ORIENTED_EDGE('',*,*,#3637,.T.);
#4714=ORIENTED_EDGE('',*,*,#3638,.F.);
#4715=ORIENTED_EDGE('',*,*,#3639,.T.);
#4716=ORIENTED_EDGE('',*,*,#3640,.T.);
#4717=ORIENTED_EDGE('',*,*,#3641,.T.);
#4718=ORIENTED_EDGE('',*,*,#3642,.F.);
#4719=ORIENTED_EDGE('',*,*,#3555,.F.);
#4720=ORIENTED_EDGE('',*,*,#3643,.F.);
#4721=ORIENTED_EDGE('',*,*,#3619,.F.);
#4722=ORIENTED_EDGE('',*,*,#3644,.F.);
#4723=ORIENTED_EDGE('',*,*,#3609,.F.);
#4724=ORIENTED_EDGE('',*,*,#3645,.F.);
#4725=ORIENTED_EDGE('',*,*,#3565,.F.);
#4726=ORIENTED_EDGE('',*,*,#3644,.T.);
#4727=ORIENTED_EDGE('',*,*,#3564,.F.);
#4728=ORIENTED_EDGE('',*,*,#3646,.T.);
#4729=ORIENTED_EDGE('',*,*,#3610,.F.);
#4730=ORIENTED_EDGE('',*,*,#3642,.T.);
#4731=ORIENTED_EDGE('',*,*,#3618,.F.);
#4732=ORIENTED_EDGE('',*,*,#3647,.F.);
#4733=ORIENTED_EDGE('',*,*,#3556,.F.);
#4734=ORIENTED_EDGE('',*,*,#3645,.T.);
#4735=ORIENTED_EDGE('',*,*,#3628,.F.);
#4736=ORIENTED_EDGE('',*,*,#3648,.F.);
#4737=ORIENTED_EDGE('',*,*,#3566,.F.);
#4738=ORIENTED_EDGE('',*,*,#3500,.F.);
#4739=ORIENTED_EDGE('',*,*,#3649,.F.);
#4740=ORIENTED_EDGE('',*,*,#3650,.F.);
#4741=ORIENTED_EDGE('',*,*,#3523,.T.);
#4742=ORIENTED_EDGE('',*,*,#3498,.F.);
#4743=ORIENTED_EDGE('',*,*,#3522,.F.);
#4744=ORIENTED_EDGE('',*,*,#3651,.F.);
#4745=ORIENTED_EDGE('',*,*,#3652,.T.);
#4746=ORIENTED_EDGE('',*,*,#3499,.F.);
#4747=ORIENTED_EDGE('',*,*,#3652,.F.);
#4748=ORIENTED_EDGE('',*,*,#3653,.F.);
#4749=ORIENTED_EDGE('',*,*,#3649,.T.);
#4750=ORIENTED_EDGE('',*,*,#3654,.T.);
#4751=ORIENTED_EDGE('',*,*,#3655,.F.);
#4752=ORIENTED_EDGE('',*,*,#3656,.T.);
#4753=ORIENTED_EDGE('',*,*,#3503,.T.);
#4754=ORIENTED_EDGE('',*,*,#3657,.T.);
#4755=ORIENTED_EDGE('',*,*,#3455,.T.);
#4756=ORIENTED_EDGE('',*,*,#3524,.F.);
#4757=ORIENTED_EDGE('',*,*,#3650,.T.);
#4758=ORIENTED_EDGE('',*,*,#3653,.T.);
#4759=ORIENTED_EDGE('',*,*,#3651,.T.);
#4760=ORIENTED_EDGE('',*,*,#3521,.F.);
#4761=ORIENTED_EDGE('',*,*,#3436,.T.);
#4762=ORIENTED_EDGE('',*,*,#3658,.T.);
#4763=ORIENTED_EDGE('',*,*,#3659,.F.);
#4764=ORIENTED_EDGE('',*,*,#3660,.F.);
#4765=ORIENTED_EDGE('',*,*,#3661,.T.);
#4766=ORIENTED_EDGE('',*,*,#3608,.F.);
#4767=ORIENTED_EDGE('',*,*,#3661,.F.);
#4768=ORIENTED_EDGE('',*,*,#3662,.F.);
#4769=ORIENTED_EDGE('',*,*,#3663,.T.);
#4770=ORIENTED_EDGE('',*,*,#3531,.F.);
#4771=ORIENTED_EDGE('',*,*,#3659,.T.);
#4772=ORIENTED_EDGE('',*,*,#3532,.F.);
#4773=ORIENTED_EDGE('',*,*,#3663,.F.);
#4774=ORIENTED_EDGE('',*,*,#3662,.T.);
#4775=ORIENTED_EDGE('',*,*,#3660,.T.);
#4776=ORIENTED_EDGE('',*,*,#3664,.T.);
#4777=ORIENTED_EDGE('',*,*,#3665,.F.);
#4778=ORIENTED_EDGE('',*,*,#3666,.F.);
#4779=ORIENTED_EDGE('',*,*,#3667,.T.);
#4780=ORIENTED_EDGE('',*,*,#3607,.F.);
#4781=ORIENTED_EDGE('',*,*,#3667,.F.);
#4782=ORIENTED_EDGE('',*,*,#3668,.F.);
#4783=ORIENTED_EDGE('',*,*,#3669,.T.);
#4784=ORIENTED_EDGE('',*,*,#3534,.F.);
#4785=ORIENTED_EDGE('',*,*,#3665,.T.);
#4786=ORIENTED_EDGE('',*,*,#3535,.F.);
#4787=ORIENTED_EDGE('',*,*,#3669,.F.);
#4788=ORIENTED_EDGE('',*,*,#3668,.T.);
#4789=ORIENTED_EDGE('',*,*,#3666,.T.);
#4790=ORIENTED_EDGE('',*,*,#3670,.T.);
#4791=ORIENTED_EDGE('',*,*,#3671,.T.);
#4792=ORIENTED_EDGE('',*,*,#3576,.T.);
#4793=ORIENTED_EDGE('',*,*,#3672,.T.);
#4794=ORIENTED_EDGE('',*,*,#3580,.F.);
#4795=ORIENTED_EDGE('',*,*,#3673,.T.);
#4796=ORIENTED_EDGE('',*,*,#3674,.T.);
#4797=ORIENTED_EDGE('',*,*,#3675,.T.);
#4798=ORIENTED_EDGE('',*,*,#3673,.F.);
#4799=ORIENTED_EDGE('',*,*,#3579,.F.);
#4800=ORIENTED_EDGE('',*,*,#3676,.T.);
#4801=ORIENTED_EDGE('',*,*,#3677,.F.);
#4802=ORIENTED_EDGE('',*,*,#3516,.T.);
#4803=ORIENTED_EDGE('',*,*,#3678,.T.);
#4804=ORIENTED_EDGE('',*,*,#3586,.F.);
#4805=ORIENTED_EDGE('',*,*,#3525,.F.);
#4806=ORIENTED_EDGE('',*,*,#3515,.T.);
#4807=ORIENTED_EDGE('',*,*,#3679,.T.);
#4808=ORIENTED_EDGE('',*,*,#3587,.F.);
#4809=ORIENTED_EDGE('',*,*,#3678,.F.);
#4810=ORIENTED_EDGE('',*,*,#3514,.T.);
#4811=ORIENTED_EDGE('',*,*,#3680,.T.);
#4812=ORIENTED_EDGE('',*,*,#3588,.T.);
#4813=ORIENTED_EDGE('',*,*,#3679,.F.);
#4814=ORIENTED_EDGE('',*,*,#3513,.T.);
#4815=ORIENTED_EDGE('',*,*,#3681,.T.);
#4816=ORIENTED_EDGE('',*,*,#3589,.T.);
#4817=ORIENTED_EDGE('',*,*,#3680,.F.);
#4818=ORIENTED_EDGE('',*,*,#3512,.T.);
#4819=ORIENTED_EDGE('',*,*,#3682,.T.);
#4820=ORIENTED_EDGE('',*,*,#3583,.F.);
#4821=ORIENTED_EDGE('',*,*,#3681,.F.);
#4822=ORIENTED_EDGE('',*,*,#3511,.T.);
#4823=ORIENTED_EDGE('',*,*,#3683,.T.);
#4824=ORIENTED_EDGE('',*,*,#3584,.F.);
#4825=ORIENTED_EDGE('',*,*,#3682,.F.);
#4826=ORIENTED_EDGE('',*,*,#3510,.T.);
#4827=ORIENTED_EDGE('',*,*,#3527,.T.);
#4828=ORIENTED_EDGE('',*,*,#3585,.F.);
#4829=ORIENTED_EDGE('',*,*,#3683,.F.);
#4830=ORIENTED_EDGE('',*,*,#3671,.F.);
#4831=ORIENTED_EDGE('',*,*,#3684,.F.);
#4832=ORIENTED_EDGE('',*,*,#3685,.F.);
#4833=ORIENTED_EDGE('',*,*,#3577,.F.);
#4834=ORIENTED_EDGE('',*,*,#3686,.F.);
#4835=ORIENTED_EDGE('',*,*,#3687,.F.);
#4836=ORIENTED_EDGE('',*,*,#3676,.F.);
#4837=ORIENTED_EDGE('',*,*,#3578,.T.);
#4838=ORIENTED_EDGE('',*,*,#3685,.T.);
#4839=ORIENTED_EDGE('',*,*,#3670,.F.);
#4840=ORIENTED_EDGE('',*,*,#3688,.T.);
#4841=ORIENTED_EDGE('',*,*,#3689,.F.);
#4842=ORIENTED_EDGE('',*,*,#3690,.T.);
#4843=ORIENTED_EDGE('',*,*,#3691,.T.);
#4844=ORIENTED_EDGE('',*,*,#3686,.T.);
#4845=ORIENTED_EDGE('',*,*,#3684,.T.);
#4846=ORIENTED_EDGE('',*,*,#3497,.F.);
#4847=ORIENTED_EDGE('',*,*,#3456,.F.);
#4848=ORIENTED_EDGE('',*,*,#3657,.F.);
#4849=ORIENTED_EDGE('',*,*,#3502,.F.);
#4850=ORIENTED_EDGE('',*,*,#3464,.F.);
#4851=ORIENTED_EDGE('',*,*,#3467,.F.);
#4852=ORIENTED_EDGE('',*,*,#3629,.F.);
#4853=ORIENTED_EDGE('',*,*,#3692,.F.);
#4854=ORIENTED_EDGE('',*,*,#3693,.F.);
#4855=ORIENTED_EDGE('',*,*,#3694,.F.);
#4856=ORIENTED_EDGE('',*,*,#3695,.F.);
#4857=ORIENTED_EDGE('',*,*,#3696,.F.);
#4858=ORIENTED_EDGE('',*,*,#3697,.F.);
#4859=ORIENTED_EDGE('',*,*,#3698,.F.);
#4860=ORIENTED_EDGE('',*,*,#3699,.F.);
#4861=ORIENTED_EDGE('',*,*,#3700,.F.);
#4862=ORIENTED_EDGE('',*,*,#3701,.T.);
#4863=ORIENTED_EDGE('',*,*,#3702,.T.);
#4864=ORIENTED_EDGE('',*,*,#3703,.T.);
#4865=ORIENTED_EDGE('',*,*,#3704,.T.);
#4866=ORIENTED_EDGE('',*,*,#3705,.T.);
#4867=ORIENTED_EDGE('',*,*,#3706,.T.);
#4868=ORIENTED_EDGE('',*,*,#3707,.T.);
#4869=ORIENTED_EDGE('',*,*,#3708,.T.);
#4870=ORIENTED_EDGE('',*,*,#3709,.T.);
#4871=ORIENTED_EDGE('',*,*,#3630,.F.);
#4872=ORIENTED_EDGE('',*,*,#3480,.F.);
#4873=ORIENTED_EDGE('',*,*,#3469,.F.);
#4874=ORIENTED_EDGE('',*,*,#3506,.F.);
#4875=ORIENTED_EDGE('',*,*,#3518,.F.);
#4876=ORIENTED_EDGE('',*,*,#3478,.F.);
#4877=ORIENTED_EDGE('',*,*,#3581,.T.);
#4878=ORIENTED_EDGE('',*,*,#3675,.F.);
#4879=ORIENTED_EDGE('',*,*,#3710,.T.);
#4880=ORIENTED_EDGE('',*,*,#3711,.T.);
#4881=ORIENTED_EDGE('',*,*,#3712,.T.);
#4882=ORIENTED_EDGE('',*,*,#3713,.F.);
#4883=ORIENTED_EDGE('',*,*,#3714,.F.);
#4884=ORIENTED_EDGE('',*,*,#3715,.F.);
#4885=ORIENTED_EDGE('',*,*,#3716,.T.);
#4886=ORIENTED_EDGE('',*,*,#3717,.T.);
#4887=ORIENTED_EDGE('',*,*,#3718,.T.);
#4888=ORIENTED_EDGE('',*,*,#3719,.F.);
#4889=ORIENTED_EDGE('',*,*,#3720,.F.);
#4890=ORIENTED_EDGE('',*,*,#3688,.F.);
#4891=ORIENTED_EDGE('',*,*,#3672,.F.);
#4892=ORIENTED_EDGE('',*,*,#3575,.T.);
#4893=ORIENTED_EDGE('',*,*,#3441,.F.);
#4894=ORIENTED_EDGE('',*,*,#3508,.F.);
#4895=ORIENTED_EDGE('',*,*,#3721,.F.);
#4896=ORIENTED_EDGE('',*,*,#3450,.F.);
#4897=ORIENTED_EDGE('',*,*,#3453,.F.);
#4898=ORIENTED_EDGE('',*,*,#3490,.F.);
#4899=ORIENTED_EDGE('',*,*,#3722,.F.);
#4900=ORIENTED_EDGE('',*,*,#3723,.F.);
#4901=ORIENTED_EDGE('',*,*,#3724,.F.);
#4902=ORIENTED_EDGE('',*,*,#3725,.F.);
#4903=ORIENTED_EDGE('',*,*,#3726,.F.);
#4904=ORIENTED_EDGE('',*,*,#3727,.F.);
#4905=ORIENTED_EDGE('',*,*,#3728,.F.);
#4906=ORIENTED_EDGE('',*,*,#3729,.F.);
#4907=ORIENTED_EDGE('',*,*,#3730,.F.);
#4908=ORIENTED_EDGE('',*,*,#3731,.T.);
#4909=ORIENTED_EDGE('',*,*,#3732,.T.);
#4910=ORIENTED_EDGE('',*,*,#3733,.T.);
#4911=ORIENTED_EDGE('',*,*,#3734,.T.);
#4912=ORIENTED_EDGE('',*,*,#3735,.T.);
#4913=ORIENTED_EDGE('',*,*,#3736,.T.);
#4914=ORIENTED_EDGE('',*,*,#3737,.T.);
#4915=ORIENTED_EDGE('',*,*,#3738,.T.);
#4916=ORIENTED_EDGE('',*,*,#3739,.T.);
#4917=ORIENTED_EDGE('',*,*,#3482,.F.);
#4918=ORIENTED_EDGE('',*,*,#3438,.F.);
#4919=ORIENTED_EDGE('',*,*,#3427,.F.);
#4920=ORIENTED_EDGE('',*,*,#3740,.F.);
#4921=ORIENTED_EDGE('',*,*,#3654,.F.);
#4922=ORIENTED_EDGE('',*,*,#3435,.F.);
#4923=ORIENTED_EDGE('',*,*,#3741,.T.);
#4924=ORIENTED_EDGE('',*,*,#3742,.F.);
#4925=ORIENTED_EDGE('',*,*,#3743,.F.);
#4926=ORIENTED_EDGE('',*,*,#3744,.F.);
#4927=ORIENTED_EDGE('',*,*,#3674,.F.);
#4928=ORIENTED_EDGE('',*,*,#3677,.T.);
#4929=ORIENTED_EDGE('',*,*,#3687,.T.);
#4930=ORIENTED_EDGE('',*,*,#3691,.F.);
#4931=ORIENTED_EDGE('',*,*,#3745,.F.);
#4932=ORIENTED_EDGE('',*,*,#3746,.T.);
#4933=ORIENTED_EDGE('',*,*,#3710,.F.);
#4934=ORIENTED_EDGE('',*,*,#3747,.F.);
#4935=ORIENTED_EDGE('',*,*,#3748,.T.);
#4936=ORIENTED_EDGE('',*,*,#3749,.F.);
#4937=ORIENTED_EDGE('',*,*,#3748,.F.);
#4938=ORIENTED_EDGE('',*,*,#3750,.F.);
#4939=ORIENTED_EDGE('',*,*,#3751,.T.);
#4940=ORIENTED_EDGE('',*,*,#3529,.F.);
#4941=ORIENTED_EDGE('',*,*,#3751,.F.);
#4942=ORIENTED_EDGE('',*,*,#3750,.T.);
#4943=ORIENTED_EDGE('',*,*,#3747,.T.);
#4944=ORIENTED_EDGE('',*,*,#3752,.F.);
#4945=ORIENTED_EDGE('',*,*,#3753,.T.);
#4946=ORIENTED_EDGE('',*,*,#3754,.F.);
#4947=ORIENTED_EDGE('',*,*,#3753,.F.);
#4948=ORIENTED_EDGE('',*,*,#3755,.F.);
#4949=ORIENTED_EDGE('',*,*,#3756,.T.);
#4950=ORIENTED_EDGE('',*,*,#3554,.F.);
#4951=ORIENTED_EDGE('',*,*,#3756,.F.);
#4952=ORIENTED_EDGE('',*,*,#3755,.T.);
#4953=ORIENTED_EDGE('',*,*,#3752,.T.);
#4954=ORIENTED_EDGE('',*,*,#3749,.T.);
#4955=ORIENTED_EDGE('',*,*,#3757,.F.);
#4956=ORIENTED_EDGE('',*,*,#3758,.T.);
#4957=ORIENTED_EDGE('',*,*,#3759,.F.);
#4958=ORIENTED_EDGE('',*,*,#3758,.F.);
#4959=ORIENTED_EDGE('',*,*,#3760,.F.);
#4960=ORIENTED_EDGE('',*,*,#3761,.T.);
#4961=ORIENTED_EDGE('',*,*,#3530,.F.);
#4962=ORIENTED_EDGE('',*,*,#3761,.F.);
#4963=ORIENTED_EDGE('',*,*,#3760,.T.);
#4964=ORIENTED_EDGE('',*,*,#3757,.T.);
#4965=ORIENTED_EDGE('',*,*,#3754,.T.);
#4966=ORIENTED_EDGE('',*,*,#3762,.F.);
#4967=ORIENTED_EDGE('',*,*,#3763,.T.);
#4968=ORIENTED_EDGE('',*,*,#3764,.F.);
#4969=ORIENTED_EDGE('',*,*,#3763,.F.);
#4970=ORIENTED_EDGE('',*,*,#3765,.F.);
#4971=ORIENTED_EDGE('',*,*,#3766,.T.);
#4972=ORIENTED_EDGE('',*,*,#3553,.F.);
#4973=ORIENTED_EDGE('',*,*,#3766,.F.);
#4974=ORIENTED_EDGE('',*,*,#3765,.T.);
#4975=ORIENTED_EDGE('',*,*,#3762,.T.);
#4976=ORIENTED_EDGE('',*,*,#3759,.T.);
#4977=ORIENTED_EDGE('',*,*,#3624,.F.);
#4978=ORIENTED_EDGE('',*,*,#3767,.F.);
#4979=ORIENTED_EDGE('',*,*,#3570,.F.);
#4980=ORIENTED_EDGE('',*,*,#3768,.T.);
#4981=ORIENTED_EDGE('',*,*,#3625,.F.);
#4982=ORIENTED_EDGE('',*,*,#3768,.F.);
#4983=ORIENTED_EDGE('',*,*,#3569,.F.);
#4984=ORIENTED_EDGE('',*,*,#3769,.T.);
#4985=ORIENTED_EDGE('',*,*,#3626,.F.);
#4986=ORIENTED_EDGE('',*,*,#3769,.F.);
#4987=ORIENTED_EDGE('',*,*,#3568,.F.);
#4988=ORIENTED_EDGE('',*,*,#3770,.T.);
#4989=ORIENTED_EDGE('',*,*,#3627,.F.);
#4990=ORIENTED_EDGE('',*,*,#3770,.F.);
#4991=ORIENTED_EDGE('',*,*,#3567,.F.);
#4992=ORIENTED_EDGE('',*,*,#3648,.T.);
#4993=ORIENTED_EDGE('',*,*,#3643,.T.);
#4994=ORIENTED_EDGE('',*,*,#3574,.F.);
#4995=ORIENTED_EDGE('',*,*,#3771,.T.);
#4996=ORIENTED_EDGE('',*,*,#3620,.F.);
#4997=ORIENTED_EDGE('',*,*,#3621,.F.);
#4998=ORIENTED_EDGE('',*,*,#3771,.F.);
#4999=ORIENTED_EDGE('',*,*,#3573,.F.);
#5000=ORIENTED_EDGE('',*,*,#3772,.T.);
#5001=ORIENTED_EDGE('',*,*,#3622,.F.);
#5002=ORIENTED_EDGE('',*,*,#3772,.F.);
#5003=ORIENTED_EDGE('',*,*,#3572,.F.);
#5004=ORIENTED_EDGE('',*,*,#3773,.T.);
#5005=ORIENTED_EDGE('',*,*,#3623,.F.);
#5006=ORIENTED_EDGE('',*,*,#3773,.F.);
#5007=ORIENTED_EDGE('',*,*,#3571,.F.);
#5008=ORIENTED_EDGE('',*,*,#3767,.T.);
#5009=ORIENTED_EDGE('',*,*,#3611,.F.);
#5010=ORIENTED_EDGE('',*,*,#3646,.F.);
#5011=ORIENTED_EDGE('',*,*,#3563,.F.);
#5012=ORIENTED_EDGE('',*,*,#3774,.T.);
#5013=ORIENTED_EDGE('',*,*,#3612,.F.);
#5014=ORIENTED_EDGE('',*,*,#3774,.F.);
#5015=ORIENTED_EDGE('',*,*,#3562,.F.);
#5016=ORIENTED_EDGE('',*,*,#3775,.T.);
#5017=ORIENTED_EDGE('',*,*,#3613,.F.);
#5018=ORIENTED_EDGE('',*,*,#3775,.F.);
#5019=ORIENTED_EDGE('',*,*,#3561,.F.);
#5020=ORIENTED_EDGE('',*,*,#3776,.T.);
#5021=ORIENTED_EDGE('',*,*,#3614,.F.);
#5022=ORIENTED_EDGE('',*,*,#3776,.F.);
#5023=ORIENTED_EDGE('',*,*,#3560,.F.);
#5024=ORIENTED_EDGE('',*,*,#3777,.T.);
#5025=ORIENTED_EDGE('',*,*,#3615,.F.);
#5026=ORIENTED_EDGE('',*,*,#3777,.F.);
#5027=ORIENTED_EDGE('',*,*,#3559,.F.);
#5028=ORIENTED_EDGE('',*,*,#3778,.T.);
#5029=ORIENTED_EDGE('',*,*,#3616,.F.);
#5030=ORIENTED_EDGE('',*,*,#3778,.F.);
#5031=ORIENTED_EDGE('',*,*,#3558,.F.);
#5032=ORIENTED_EDGE('',*,*,#3779,.T.);
#5033=ORIENTED_EDGE('',*,*,#3617,.F.);
#5034=ORIENTED_EDGE('',*,*,#3779,.F.);
#5035=ORIENTED_EDGE('',*,*,#3557,.F.);
#5036=ORIENTED_EDGE('',*,*,#3647,.T.);
#5037=ORIENTED_EDGE('',*,*,#3603,.F.);
#5038=ORIENTED_EDGE('',*,*,#3780,.F.);
#5039=ORIENTED_EDGE('',*,*,#3549,.F.);
#5040=ORIENTED_EDGE('',*,*,#3781,.T.);
#5041=ORIENTED_EDGE('',*,*,#3604,.F.);
#5042=ORIENTED_EDGE('',*,*,#3781,.F.);
#5043=ORIENTED_EDGE('',*,*,#3548,.F.);
#5044=ORIENTED_EDGE('',*,*,#3782,.T.);
#5045=ORIENTED_EDGE('',*,*,#3605,.F.);
#5046=ORIENTED_EDGE('',*,*,#3782,.F.);
#5047=ORIENTED_EDGE('',*,*,#3547,.F.);
#5048=ORIENTED_EDGE('',*,*,#3783,.T.);
#5049=ORIENTED_EDGE('',*,*,#3606,.F.);
#5050=ORIENTED_EDGE('',*,*,#3783,.F.);
#5051=ORIENTED_EDGE('',*,*,#3546,.F.);
#5052=ORIENTED_EDGE('',*,*,#3784,.T.);
#5053=ORIENTED_EDGE('',*,*,#3599,.F.);
#5054=ORIENTED_EDGE('',*,*,#3784,.F.);
#5055=ORIENTED_EDGE('',*,*,#3545,.F.);
#5056=ORIENTED_EDGE('',*,*,#3785,.T.);
#5057=ORIENTED_EDGE('',*,*,#3600,.F.);
#5058=ORIENTED_EDGE('',*,*,#3785,.F.);
#5059=ORIENTED_EDGE('',*,*,#3552,.F.);
#5060=ORIENTED_EDGE('',*,*,#3786,.T.);
#5061=ORIENTED_EDGE('',*,*,#3601,.F.);
#5062=ORIENTED_EDGE('',*,*,#3786,.F.);
#5063=ORIENTED_EDGE('',*,*,#3551,.F.);
#5064=ORIENTED_EDGE('',*,*,#3787,.T.);
#5065=ORIENTED_EDGE('',*,*,#3602,.F.);
#5066=ORIENTED_EDGE('',*,*,#3787,.F.);
#5067=ORIENTED_EDGE('',*,*,#3550,.F.);
#5068=ORIENTED_EDGE('',*,*,#3780,.T.);
#5069=ORIENTED_EDGE('',*,*,#3595,.F.);
#5070=ORIENTED_EDGE('',*,*,#3788,.F.);
#5071=ORIENTED_EDGE('',*,*,#3540,.F.);
#5072=ORIENTED_EDGE('',*,*,#3789,.T.);
#5073=ORIENTED_EDGE('',*,*,#3596,.F.);
#5074=ORIENTED_EDGE('',*,*,#3789,.F.);
#5075=ORIENTED_EDGE('',*,*,#3539,.F.);
#5076=ORIENTED_EDGE('',*,*,#3790,.T.);
#5077=ORIENTED_EDGE('',*,*,#3597,.F.);
#5078=ORIENTED_EDGE('',*,*,#3790,.F.);
#5079=ORIENTED_EDGE('',*,*,#3538,.F.);
#5080=ORIENTED_EDGE('',*,*,#3791,.T.);
#5081=ORIENTED_EDGE('',*,*,#3598,.F.);
#5082=ORIENTED_EDGE('',*,*,#3791,.F.);
#5083=ORIENTED_EDGE('',*,*,#3537,.F.);
#5084=ORIENTED_EDGE('',*,*,#3792,.T.);
#5085=ORIENTED_EDGE('',*,*,#3591,.F.);
#5086=ORIENTED_EDGE('',*,*,#3792,.F.);
#5087=ORIENTED_EDGE('',*,*,#3536,.F.);
#5088=ORIENTED_EDGE('',*,*,#3664,.F.);
#5089=ORIENTED_EDGE('',*,*,#3533,.F.);
#5090=ORIENTED_EDGE('',*,*,#3658,.F.);
#5091=ORIENTED_EDGE('',*,*,#3544,.F.);
#5092=ORIENTED_EDGE('',*,*,#3793,.T.);
#5093=ORIENTED_EDGE('',*,*,#3592,.F.);
#5094=ORIENTED_EDGE('',*,*,#3793,.F.);
#5095=ORIENTED_EDGE('',*,*,#3543,.F.);
#5096=ORIENTED_EDGE('',*,*,#3794,.T.);
#5097=ORIENTED_EDGE('',*,*,#3593,.F.);
#5098=ORIENTED_EDGE('',*,*,#3794,.F.);
#5099=ORIENTED_EDGE('',*,*,#3542,.F.);
#5100=ORIENTED_EDGE('',*,*,#3795,.T.);
#5101=ORIENTED_EDGE('',*,*,#3594,.F.);
#5102=ORIENTED_EDGE('',*,*,#3795,.F.);
#5103=ORIENTED_EDGE('',*,*,#3541,.F.);
#5104=ORIENTED_EDGE('',*,*,#3788,.T.);
#5105=ORIENTED_EDGE('',*,*,#3796,.T.);
#5106=ORIENTED_EDGE('',*,*,#3797,.T.);
#5107=ORIENTED_EDGE('',*,*,#3798,.F.);
#5108=ORIENTED_EDGE('',*,*,#3799,.F.);
#5109=ORIENTED_EDGE('',*,*,#3800,.F.);
#5110=ORIENTED_EDGE('',*,*,#3799,.T.);
#5111=ORIENTED_EDGE('',*,*,#3801,.F.);
#5112=ORIENTED_EDGE('',*,*,#3802,.F.);
#5113=ORIENTED_EDGE('',*,*,#3803,.T.);
#5114=ORIENTED_EDGE('',*,*,#3802,.T.);
#5115=ORIENTED_EDGE('',*,*,#3804,.F.);
#5116=ORIENTED_EDGE('',*,*,#3805,.F.);
#5117=ORIENTED_EDGE('',*,*,#3806,.T.);
#5118=ORIENTED_EDGE('',*,*,#3805,.T.);
#5119=ORIENTED_EDGE('',*,*,#3807,.F.);
#5120=ORIENTED_EDGE('',*,*,#3808,.F.);
#5121=ORIENTED_EDGE('',*,*,#3809,.T.);
#5122=ORIENTED_EDGE('',*,*,#3808,.T.);
#5123=ORIENTED_EDGE('',*,*,#3810,.F.);
#5124=ORIENTED_EDGE('',*,*,#3811,.F.);
#5125=ORIENTED_EDGE('',*,*,#3812,.T.);
#5126=ORIENTED_EDGE('',*,*,#3811,.T.);
#5127=ORIENTED_EDGE('',*,*,#3813,.F.);
#5128=ORIENTED_EDGE('',*,*,#3485,.T.);
#5129=ORIENTED_EDGE('',*,*,#3814,.T.);
#5130=ORIENTED_EDGE('',*,*,#3487,.F.);
#5131=ORIENTED_EDGE('',*,*,#3815,.F.);
#5132=ORIENTED_EDGE('',*,*,#3816,.F.);
#5133=ORIENTED_EDGE('',*,*,#3817,.F.);
#5134=ORIENTED_EDGE('',*,*,#3816,.T.);
#5135=ORIENTED_EDGE('',*,*,#3818,.F.);
#5136=ORIENTED_EDGE('',*,*,#3819,.F.);
#5137=ORIENTED_EDGE('',*,*,#3820,.T.);
#5138=ORIENTED_EDGE('',*,*,#3819,.T.);
#5139=ORIENTED_EDGE('',*,*,#3821,.F.);
#5140=ORIENTED_EDGE('',*,*,#3822,.F.);
#5141=ORIENTED_EDGE('',*,*,#3823,.F.);
#5142=ORIENTED_EDGE('',*,*,#3822,.T.);
#5143=ORIENTED_EDGE('',*,*,#3824,.F.);
#5144=ORIENTED_EDGE('',*,*,#3825,.F.);
#5145=ORIENTED_EDGE('',*,*,#3826,.F.);
#5146=ORIENTED_EDGE('',*,*,#3825,.T.);
#5147=ORIENTED_EDGE('',*,*,#3827,.F.);
#5148=ORIENTED_EDGE('',*,*,#3828,.F.);
#5149=ORIENTED_EDGE('',*,*,#3829,.F.);
#5150=ORIENTED_EDGE('',*,*,#3828,.T.);
#5151=ORIENTED_EDGE('',*,*,#3830,.F.);
#5152=ORIENTED_EDGE('',*,*,#3831,.F.);
#5153=ORIENTED_EDGE('',*,*,#3832,.F.);
#5154=ORIENTED_EDGE('',*,*,#3831,.T.);
#5155=ORIENTED_EDGE('',*,*,#3833,.F.);
#5156=ORIENTED_EDGE('',*,*,#3834,.F.);
#5157=ORIENTED_EDGE('',*,*,#3835,.F.);
#5158=ORIENTED_EDGE('',*,*,#3834,.T.);
#5159=ORIENTED_EDGE('',*,*,#3836,.F.);
#5160=ORIENTED_EDGE('',*,*,#3837,.F.);
#5161=ORIENTED_EDGE('',*,*,#3838,.F.);
#5162=ORIENTED_EDGE('',*,*,#3837,.T.);
#5163=ORIENTED_EDGE('',*,*,#3839,.F.);
#5164=ORIENTED_EDGE('',*,*,#3797,.F.);
#5165=ORIENTED_EDGE('',*,*,#3839,.T.);
#5166=ORIENTED_EDGE('',*,*,#3836,.T.);
#5167=ORIENTED_EDGE('',*,*,#3833,.T.);
#5168=ORIENTED_EDGE('',*,*,#3830,.T.);
#5169=ORIENTED_EDGE('',*,*,#3827,.T.);
#5170=ORIENTED_EDGE('',*,*,#3824,.T.);
#5171=ORIENTED_EDGE('',*,*,#3821,.T.);
#5172=ORIENTED_EDGE('',*,*,#3818,.T.);
#5173=ORIENTED_EDGE('',*,*,#3815,.T.);
#5174=ORIENTED_EDGE('',*,*,#3486,.F.);
#5175=ORIENTED_EDGE('',*,*,#3813,.T.);
#5176=ORIENTED_EDGE('',*,*,#3810,.T.);
#5177=ORIENTED_EDGE('',*,*,#3807,.T.);
#5178=ORIENTED_EDGE('',*,*,#3804,.T.);
#5179=ORIENTED_EDGE('',*,*,#3801,.T.);
#5180=ORIENTED_EDGE('',*,*,#3798,.T.);
#5181=ORIENTED_EDGE('',*,*,#3840,.F.);
#5182=ORIENTED_EDGE('',*,*,#3841,.T.);
#5183=ORIENTED_EDGE('',*,*,#3842,.F.);
#5184=ORIENTED_EDGE('',*,*,#3843,.F.);
#5185=ORIENTED_EDGE('',*,*,#3844,.F.);
#5186=ORIENTED_EDGE('',*,*,#3843,.T.);
#5187=ORIENTED_EDGE('',*,*,#3845,.F.);
#5188=ORIENTED_EDGE('',*,*,#3846,.F.);
#5189=ORIENTED_EDGE('',*,*,#3847,.F.);
#5190=ORIENTED_EDGE('',*,*,#3846,.T.);
#5191=ORIENTED_EDGE('',*,*,#3848,.F.);
#5192=ORIENTED_EDGE('',*,*,#3849,.F.);
#5193=ORIENTED_EDGE('',*,*,#3850,.F.);
#5194=ORIENTED_EDGE('',*,*,#3849,.T.);
#5195=ORIENTED_EDGE('',*,*,#3851,.F.);
#5196=ORIENTED_EDGE('',*,*,#3852,.F.);
#5197=ORIENTED_EDGE('',*,*,#3853,.F.);
#5198=ORIENTED_EDGE('',*,*,#3852,.T.);
#5199=ORIENTED_EDGE('',*,*,#3854,.F.);
#5200=ORIENTED_EDGE('',*,*,#3855,.F.);
#5201=ORIENTED_EDGE('',*,*,#3856,.T.);
#5202=ORIENTED_EDGE('',*,*,#3855,.T.);
#5203=ORIENTED_EDGE('',*,*,#3857,.F.);
#5204=ORIENTED_EDGE('',*,*,#3858,.F.);
#5205=ORIENTED_EDGE('',*,*,#3859,.F.);
#5206=ORIENTED_EDGE('',*,*,#3858,.T.);
#5207=ORIENTED_EDGE('',*,*,#3860,.F.);
#5208=ORIENTED_EDGE('',*,*,#3861,.F.);
#5209=ORIENTED_EDGE('',*,*,#3862,.T.);
#5210=ORIENTED_EDGE('',*,*,#3861,.T.);
#5211=ORIENTED_EDGE('',*,*,#3863,.F.);
#5212=ORIENTED_EDGE('',*,*,#3864,.F.);
#5213=ORIENTED_EDGE('',*,*,#3865,.T.);
#5214=ORIENTED_EDGE('',*,*,#3864,.T.);
#5215=ORIENTED_EDGE('',*,*,#3866,.F.);
#5216=ORIENTED_EDGE('',*,*,#3867,.F.);
#5217=ORIENTED_EDGE('',*,*,#3868,.T.);
#5218=ORIENTED_EDGE('',*,*,#3867,.T.);
#5219=ORIENTED_EDGE('',*,*,#3869,.F.);
#5220=ORIENTED_EDGE('',*,*,#3870,.F.);
#5221=ORIENTED_EDGE('',*,*,#3871,.T.);
#5222=ORIENTED_EDGE('',*,*,#3870,.T.);
#5223=ORIENTED_EDGE('',*,*,#3872,.F.);
#5224=ORIENTED_EDGE('',*,*,#3633,.T.);
#5225=ORIENTED_EDGE('',*,*,#3873,.T.);
#5226=ORIENTED_EDGE('',*,*,#3635,.F.);
#5227=ORIENTED_EDGE('',*,*,#3874,.F.);
#5228=ORIENTED_EDGE('',*,*,#3875,.F.);
#5229=ORIENTED_EDGE('',*,*,#3876,.F.);
#5230=ORIENTED_EDGE('',*,*,#3875,.T.);
#5231=ORIENTED_EDGE('',*,*,#3877,.F.);
#5232=ORIENTED_EDGE('',*,*,#3878,.F.);
#5233=ORIENTED_EDGE('',*,*,#3879,.T.);
#5234=ORIENTED_EDGE('',*,*,#3878,.T.);
#5235=ORIENTED_EDGE('',*,*,#3880,.F.);
#5236=ORIENTED_EDGE('',*,*,#3881,.F.);
#5237=ORIENTED_EDGE('',*,*,#3882,.F.);
#5238=ORIENTED_EDGE('',*,*,#3881,.T.);
#5239=ORIENTED_EDGE('',*,*,#3883,.F.);
#5240=ORIENTED_EDGE('',*,*,#3841,.F.);
#5241=ORIENTED_EDGE('',*,*,#3883,.T.);
#5242=ORIENTED_EDGE('',*,*,#3880,.T.);
#5243=ORIENTED_EDGE('',*,*,#3877,.T.);
#5244=ORIENTED_EDGE('',*,*,#3874,.T.);
#5245=ORIENTED_EDGE('',*,*,#3634,.F.);
#5246=ORIENTED_EDGE('',*,*,#3872,.T.);
#5247=ORIENTED_EDGE('',*,*,#3869,.T.);
#5248=ORIENTED_EDGE('',*,*,#3866,.T.);
#5249=ORIENTED_EDGE('',*,*,#3863,.T.);
#5250=ORIENTED_EDGE('',*,*,#3860,.T.);
#5251=ORIENTED_EDGE('',*,*,#3857,.T.);
#5252=ORIENTED_EDGE('',*,*,#3854,.T.);
#5253=ORIENTED_EDGE('',*,*,#3851,.T.);
#5254=ORIENTED_EDGE('',*,*,#3848,.T.);
#5255=ORIENTED_EDGE('',*,*,#3845,.T.);
#5256=ORIENTED_EDGE('',*,*,#3842,.T.);
#5257=ORIENTED_EDGE('',*,*,#3884,.F.);
#5258=ORIENTED_EDGE('',*,*,#3885,.F.);
#5259=ORIENTED_EDGE('',*,*,#3886,.F.);
#5260=ORIENTED_EDGE('',*,*,#3887,.F.);
#5261=ORIENTED_EDGE('',*,*,#3888,.F.);
#5262=ORIENTED_EDGE('',*,*,#3889,.F.);
#5263=ORIENTED_EDGE('',*,*,#3890,.F.);
#5264=ORIENTED_EDGE('',*,*,#3891,.F.);
#5265=ORIENTED_EDGE('',*,*,#3892,.F.);
#5266=ORIENTED_EDGE('',*,*,#3893,.F.);
#5267=ORIENTED_EDGE('',*,*,#3894,.F.);
#5268=ORIENTED_EDGE('',*,*,#3895,.F.);
#5269=ORIENTED_EDGE('',*,*,#3641,.F.);
#5270=ORIENTED_EDGE('',*,*,#3896,.F.);
#5271=ORIENTED_EDGE('',*,*,#3897,.F.);
#5272=ORIENTED_EDGE('',*,*,#3898,.F.);
#5273=ORIENTED_EDGE('',*,*,#3899,.F.);
#5274=ORIENTED_EDGE('',*,*,#3900,.F.);
#5275=ORIENTED_EDGE('',*,*,#3901,.F.);
#5276=ORIENTED_EDGE('',*,*,#3902,.F.);
#5277=ORIENTED_EDGE('',*,*,#3903,.F.);
#5278=ORIENTED_EDGE('',*,*,#3904,.F.);
#5279=ORIENTED_EDGE('',*,*,#3905,.F.);
#5280=ORIENTED_EDGE('',*,*,#3492,.F.);
#5281=ORIENTED_EDGE('',*,*,#3906,.F.);
#5282=ORIENTED_EDGE('',*,*,#3907,.F.);
#5283=ORIENTED_EDGE('',*,*,#3908,.F.);
#5284=ORIENTED_EDGE('',*,*,#3909,.F.);
#5285=ORIENTED_EDGE('',*,*,#3910,.F.);
#5286=ORIENTED_EDGE('',*,*,#3911,.F.);
#5287=ORIENTED_EDGE('',*,*,#3912,.F.);
#5288=ORIENTED_EDGE('',*,*,#3913,.F.);
#5289=ORIENTED_EDGE('',*,*,#3891,.T.);
#5290=ORIENTED_EDGE('',*,*,#3914,.T.);
#5291=ORIENTED_EDGE('',*,*,#3915,.F.);
#5292=ORIENTED_EDGE('',*,*,#3916,.F.);
#5293=ORIENTED_EDGE('',*,*,#3890,.T.);
#5294=ORIENTED_EDGE('',*,*,#3917,.T.);
#5295=ORIENTED_EDGE('',*,*,#3918,.F.);
#5296=ORIENTED_EDGE('',*,*,#3914,.F.);
#5297=ORIENTED_EDGE('',*,*,#3889,.T.);
#5298=ORIENTED_EDGE('',*,*,#3919,.T.);
#5299=ORIENTED_EDGE('',*,*,#3920,.F.);
#5300=ORIENTED_EDGE('',*,*,#3917,.F.);
#5301=ORIENTED_EDGE('',*,*,#3888,.T.);
#5302=ORIENTED_EDGE('',*,*,#3921,.T.);
#5303=ORIENTED_EDGE('',*,*,#3922,.F.);
#5304=ORIENTED_EDGE('',*,*,#3919,.F.);
#5305=ORIENTED_EDGE('',*,*,#3887,.T.);
#5306=ORIENTED_EDGE('',*,*,#3923,.T.);
#5307=ORIENTED_EDGE('',*,*,#3924,.F.);
#5308=ORIENTED_EDGE('',*,*,#3921,.F.);
#5309=ORIENTED_EDGE('',*,*,#3886,.T.);
#5310=ORIENTED_EDGE('',*,*,#3925,.T.);
#5311=ORIENTED_EDGE('',*,*,#3926,.F.);
#5312=ORIENTED_EDGE('',*,*,#3923,.F.);
#5313=ORIENTED_EDGE('',*,*,#3885,.T.);
#5314=ORIENTED_EDGE('',*,*,#3927,.T.);
#5315=ORIENTED_EDGE('',*,*,#3928,.F.);
#5316=ORIENTED_EDGE('',*,*,#3925,.F.);
#5317=ORIENTED_EDGE('',*,*,#3884,.T.);
#5318=ORIENTED_EDGE('',*,*,#3929,.T.);
#5319=ORIENTED_EDGE('',*,*,#3930,.F.);
#5320=ORIENTED_EDGE('',*,*,#3927,.F.);
#5321=ORIENTED_EDGE('',*,*,#3931,.F.);
#5322=ORIENTED_EDGE('',*,*,#3932,.T.);
#5323=ORIENTED_EDGE('',*,*,#3933,.T.);
#5324=ORIENTED_EDGE('',*,*,#3934,.F.);
#5325=ORIENTED_EDGE('',*,*,#3935,.F.);
#5326=ORIENTED_EDGE('',*,*,#3936,.T.);
#5327=ORIENTED_EDGE('',*,*,#3937,.F.);
#5328=ORIENTED_EDGE('',*,*,#3938,.T.);
#5329=ORIENTED_EDGE('',*,*,#3745,.T.);
#5330=ORIENTED_EDGE('',*,*,#3690,.F.);
#5331=ORIENTED_EDGE('',*,*,#3939,.F.);
#5332=ORIENTED_EDGE('',*,*,#3940,.T.);
#5333=ORIENTED_EDGE('',*,*,#3504,.T.);
#5334=ORIENTED_EDGE('',*,*,#3656,.F.);
#5335=ORIENTED_EDGE('',*,*,#3941,.T.);
#5336=ORIENTED_EDGE('',*,*,#3519,.T.);
#5337=ORIENTED_EDGE('',*,*,#3942,.F.);
#5338=ORIENTED_EDGE('',*,*,#3943,.T.);
#5339=ORIENTED_EDGE('',*,*,#3944,.F.);
#5340=ORIENTED_EDGE('',*,*,#3945,.T.);
#5341=ORIENTED_EDGE('',*,*,#3488,.T.);
#5342=ORIENTED_EDGE('',*,*,#3814,.F.);
#5343=ORIENTED_EDGE('',*,*,#3817,.T.);
#5344=ORIENTED_EDGE('',*,*,#3820,.F.);
#5345=ORIENTED_EDGE('',*,*,#3823,.T.);
#5346=ORIENTED_EDGE('',*,*,#3826,.T.);
#5347=ORIENTED_EDGE('',*,*,#3829,.T.);
#5348=ORIENTED_EDGE('',*,*,#3832,.T.);
#5349=ORIENTED_EDGE('',*,*,#3835,.T.);
#5350=ORIENTED_EDGE('',*,*,#3838,.T.);
#5351=ORIENTED_EDGE('',*,*,#3796,.F.);
#5352=ORIENTED_EDGE('',*,*,#3800,.T.);
#5353=ORIENTED_EDGE('',*,*,#3803,.F.);
#5354=ORIENTED_EDGE('',*,*,#3806,.F.);
#5355=ORIENTED_EDGE('',*,*,#3809,.F.);
#5356=ORIENTED_EDGE('',*,*,#3812,.F.);
#5357=ORIENTED_EDGE('',*,*,#3484,.T.);
#5358=ORIENTED_EDGE('',*,*,#3946,.T.);
#5359=ORIENTED_EDGE('',*,*,#3947,.T.);
#5360=ORIENTED_EDGE('',*,*,#3948,.T.);
#5361=ORIENTED_EDGE('',*,*,#3949,.T.);
#5362=ORIENTED_EDGE('',*,*,#3950,.F.);
#5363=ORIENTED_EDGE('',*,*,#3951,.F.);
#5364=ORIENTED_EDGE('',*,*,#3952,.T.);
#5365=ORIENTED_EDGE('',*,*,#3953,.T.);
#5366=ORIENTED_EDGE('',*,*,#3954,.T.);
#5367=ORIENTED_EDGE('',*,*,#3955,.F.);
#5368=ORIENTED_EDGE('',*,*,#3956,.F.);
#5369=ORIENTED_EDGE('',*,*,#3957,.F.);
#5370=ORIENTED_EDGE('',*,*,#3958,.T.);
#5371=ORIENTED_EDGE('',*,*,#3959,.T.);
#5372=ORIENTED_EDGE('',*,*,#3960,.F.);
#5373=ORIENTED_EDGE('',*,*,#3961,.F.);
#5374=ORIENTED_EDGE('',*,*,#3962,.F.);
#5375=ORIENTED_EDGE('',*,*,#3963,.F.);
#5376=ORIENTED_EDGE('',*,*,#3632,.F.);
#5377=ORIENTED_EDGE('',*,*,#3964,.T.);
#5378=ORIENTED_EDGE('',*,*,#3965,.T.);
#5379=ORIENTED_EDGE('',*,*,#3966,.T.);
#5380=ORIENTED_EDGE('',*,*,#3967,.T.);
#5381=ORIENTED_EDGE('',*,*,#3968,.F.);
#5382=ORIENTED_EDGE('',*,*,#3969,.F.);
#5383=ORIENTED_EDGE('',*,*,#3970,.T.);
#5384=ORIENTED_EDGE('',*,*,#3971,.T.);
#5385=ORIENTED_EDGE('',*,*,#3972,.T.);
#5386=ORIENTED_EDGE('',*,*,#3973,.F.);
#5387=ORIENTED_EDGE('',*,*,#3974,.F.);
#5388=ORIENTED_EDGE('',*,*,#3975,.F.);
#5389=ORIENTED_EDGE('',*,*,#3976,.T.);
#5390=ORIENTED_EDGE('',*,*,#3977,.T.);
#5391=ORIENTED_EDGE('',*,*,#3978,.F.);
#5392=ORIENTED_EDGE('',*,*,#3979,.F.);
#5393=ORIENTED_EDGE('',*,*,#3980,.F.);
#5394=ORIENTED_EDGE('',*,*,#3981,.F.);
#5395=ORIENTED_EDGE('',*,*,#3636,.F.);
#5396=ORIENTED_EDGE('',*,*,#3873,.F.);
#5397=ORIENTED_EDGE('',*,*,#3876,.T.);
#5398=ORIENTED_EDGE('',*,*,#3879,.F.);
#5399=ORIENTED_EDGE('',*,*,#3882,.T.);
#5400=ORIENTED_EDGE('',*,*,#3840,.T.);
#5401=ORIENTED_EDGE('',*,*,#3844,.T.);
#5402=ORIENTED_EDGE('',*,*,#3847,.T.);
#5403=ORIENTED_EDGE('',*,*,#3850,.T.);
#5404=ORIENTED_EDGE('',*,*,#3853,.T.);
#5405=ORIENTED_EDGE('',*,*,#3856,.F.);
#5406=ORIENTED_EDGE('',*,*,#3859,.T.);
#5407=ORIENTED_EDGE('',*,*,#3862,.F.);
#5408=ORIENTED_EDGE('',*,*,#3865,.F.);
#5409=ORIENTED_EDGE('',*,*,#3868,.F.);
#5410=ORIENTED_EDGE('',*,*,#3871,.F.);
#5411=ORIENTED_EDGE('',*,*,#3905,.T.);
#5412=ORIENTED_EDGE('',*,*,#3982,.T.);
#5413=ORIENTED_EDGE('',*,*,#3983,.F.);
#5414=ORIENTED_EDGE('',*,*,#3493,.T.);
#5415=ORIENTED_EDGE('',*,*,#3904,.T.);
#5416=ORIENTED_EDGE('',*,*,#3984,.T.);
#5417=ORIENTED_EDGE('',*,*,#3985,.F.);
#5418=ORIENTED_EDGE('',*,*,#3982,.F.);
#5419=ORIENTED_EDGE('',*,*,#3903,.T.);
#5420=ORIENTED_EDGE('',*,*,#3986,.T.);
#5421=ORIENTED_EDGE('',*,*,#3987,.F.);
#5422=ORIENTED_EDGE('',*,*,#3984,.F.);
#5423=ORIENTED_EDGE('',*,*,#3902,.T.);
#5424=ORIENTED_EDGE('',*,*,#3988,.T.);
#5425=ORIENTED_EDGE('',*,*,#3989,.F.);
#5426=ORIENTED_EDGE('',*,*,#3986,.F.);
#5427=ORIENTED_EDGE('',*,*,#3901,.T.);
#5428=ORIENTED_EDGE('',*,*,#3990,.T.);
#5429=ORIENTED_EDGE('',*,*,#3991,.F.);
#5430=ORIENTED_EDGE('',*,*,#3988,.F.);
#5431=ORIENTED_EDGE('',*,*,#3900,.T.);
#5432=ORIENTED_EDGE('',*,*,#3992,.T.);
#5433=ORIENTED_EDGE('',*,*,#3993,.F.);
#5434=ORIENTED_EDGE('',*,*,#3990,.F.);
#5435=ORIENTED_EDGE('',*,*,#3899,.T.);
#5436=ORIENTED_EDGE('',*,*,#3994,.T.);
#5437=ORIENTED_EDGE('',*,*,#3995,.F.);
#5438=ORIENTED_EDGE('',*,*,#3992,.F.);
#5439=ORIENTED_EDGE('',*,*,#3892,.T.);
#5440=ORIENTED_EDGE('',*,*,#3916,.T.);
#5441=ORIENTED_EDGE('',*,*,#3996,.F.);
#5442=ORIENTED_EDGE('',*,*,#3997,.F.);
#5443=ORIENTED_EDGE('',*,*,#3893,.T.);
#5444=ORIENTED_EDGE('',*,*,#3997,.T.);
#5445=ORIENTED_EDGE('',*,*,#3998,.F.);
#5446=ORIENTED_EDGE('',*,*,#3999,.F.);
#5447=ORIENTED_EDGE('',*,*,#3894,.T.);
#5448=ORIENTED_EDGE('',*,*,#3999,.T.);
#5449=ORIENTED_EDGE('',*,*,#4000,.F.);
#5450=ORIENTED_EDGE('',*,*,#4001,.F.);
#5451=ORIENTED_EDGE('',*,*,#3895,.T.);
#5452=ORIENTED_EDGE('',*,*,#4001,.T.);
#5453=ORIENTED_EDGE('',*,*,#4002,.F.);
#5454=ORIENTED_EDGE('',*,*,#3638,.T.);
#5455=ORIENTED_EDGE('',*,*,#3896,.T.);
#5456=ORIENTED_EDGE('',*,*,#3640,.F.);
#5457=ORIENTED_EDGE('',*,*,#4003,.F.);
#5458=ORIENTED_EDGE('',*,*,#4004,.F.);
#5459=ORIENTED_EDGE('',*,*,#3897,.T.);
#5460=ORIENTED_EDGE('',*,*,#4004,.T.);
#5461=ORIENTED_EDGE('',*,*,#4005,.F.);
#5462=ORIENTED_EDGE('',*,*,#4006,.F.);
#5463=ORIENTED_EDGE('',*,*,#3898,.T.);
#5464=ORIENTED_EDGE('',*,*,#4006,.T.);
#5465=ORIENTED_EDGE('',*,*,#4007,.F.);
#5466=ORIENTED_EDGE('',*,*,#3929,.F.);
#5467=ORIENTED_EDGE('',*,*,#3930,.T.);
#5468=ORIENTED_EDGE('',*,*,#4007,.T.);
#5469=ORIENTED_EDGE('',*,*,#4005,.T.);
#5470=ORIENTED_EDGE('',*,*,#4003,.T.);
#5471=ORIENTED_EDGE('',*,*,#3639,.F.);
#5472=ORIENTED_EDGE('',*,*,#4002,.T.);
#5473=ORIENTED_EDGE('',*,*,#4000,.T.);
#5474=ORIENTED_EDGE('',*,*,#3998,.T.);
#5475=ORIENTED_EDGE('',*,*,#3996,.T.);
#5476=ORIENTED_EDGE('',*,*,#3915,.T.);
#5477=ORIENTED_EDGE('',*,*,#3918,.T.);
#5478=ORIENTED_EDGE('',*,*,#3920,.T.);
#5479=ORIENTED_EDGE('',*,*,#3922,.T.);
#5480=ORIENTED_EDGE('',*,*,#3924,.T.);
#5481=ORIENTED_EDGE('',*,*,#3926,.T.);
#5482=ORIENTED_EDGE('',*,*,#3928,.T.);
#5483=ORIENTED_EDGE('',*,*,#3906,.T.);
#5484=ORIENTED_EDGE('',*,*,#3495,.F.);
#5485=ORIENTED_EDGE('',*,*,#4008,.F.);
#5486=ORIENTED_EDGE('',*,*,#4009,.F.);
#5487=ORIENTED_EDGE('',*,*,#3907,.T.);
#5488=ORIENTED_EDGE('',*,*,#4009,.T.);
#5489=ORIENTED_EDGE('',*,*,#4010,.F.);
#5490=ORIENTED_EDGE('',*,*,#4011,.F.);
#5491=ORIENTED_EDGE('',*,*,#3908,.T.);
#5492=ORIENTED_EDGE('',*,*,#4011,.T.);
#5493=ORIENTED_EDGE('',*,*,#4012,.F.);
#5494=ORIENTED_EDGE('',*,*,#4013,.F.);
#5495=ORIENTED_EDGE('',*,*,#3909,.T.);
#5496=ORIENTED_EDGE('',*,*,#4013,.T.);
#5497=ORIENTED_EDGE('',*,*,#4014,.F.);
#5498=ORIENTED_EDGE('',*,*,#4015,.F.);
#5499=ORIENTED_EDGE('',*,*,#3910,.T.);
#5500=ORIENTED_EDGE('',*,*,#4015,.T.);
#5501=ORIENTED_EDGE('',*,*,#4016,.F.);
#5502=ORIENTED_EDGE('',*,*,#4017,.F.);
#5503=ORIENTED_EDGE('',*,*,#3911,.T.);
#5504=ORIENTED_EDGE('',*,*,#4017,.T.);
#5505=ORIENTED_EDGE('',*,*,#4018,.F.);
#5506=ORIENTED_EDGE('',*,*,#4019,.F.);
#5507=ORIENTED_EDGE('',*,*,#3912,.T.);
#5508=ORIENTED_EDGE('',*,*,#4019,.T.);
#5509=ORIENTED_EDGE('',*,*,#4020,.F.);
#5510=ORIENTED_EDGE('',*,*,#4021,.F.);
#5511=ORIENTED_EDGE('',*,*,#3913,.T.);
#5512=ORIENTED_EDGE('',*,*,#4021,.T.);
#5513=ORIENTED_EDGE('',*,*,#4022,.F.);
#5514=ORIENTED_EDGE('',*,*,#3994,.F.);
#5515=ORIENTED_EDGE('',*,*,#3995,.T.);
#5516=ORIENTED_EDGE('',*,*,#4022,.T.);
#5517=ORIENTED_EDGE('',*,*,#4020,.T.);
#5518=ORIENTED_EDGE('',*,*,#4018,.T.);
#5519=ORIENTED_EDGE('',*,*,#4016,.T.);
#5520=ORIENTED_EDGE('',*,*,#4014,.T.);
#5521=ORIENTED_EDGE('',*,*,#4012,.T.);
#5522=ORIENTED_EDGE('',*,*,#4010,.T.);
#5523=ORIENTED_EDGE('',*,*,#4008,.T.);
#5524=ORIENTED_EDGE('',*,*,#3494,.F.);
#5525=ORIENTED_EDGE('',*,*,#3983,.T.);
#5526=ORIENTED_EDGE('',*,*,#3985,.T.);
#5527=ORIENTED_EDGE('',*,*,#3987,.T.);
#5528=ORIENTED_EDGE('',*,*,#3989,.T.);
#5529=ORIENTED_EDGE('',*,*,#3991,.T.);
#5530=ORIENTED_EDGE('',*,*,#3993,.T.);
#5531=ORIENTED_EDGE('',*,*,#4023,.T.);
#5532=ORIENTED_EDGE('',*,*,#4024,.T.);
#5533=ORIENTED_EDGE('',*,*,#4025,.T.);
#5534=ORIENTED_EDGE('',*,*,#4026,.T.);
#5535=ORIENTED_EDGE('',*,*,#4027,.T.);
#5536=ORIENTED_EDGE('',*,*,#4028,.T.);
#5537=ORIENTED_EDGE('',*,*,#4029,.T.);
#5538=ORIENTED_EDGE('',*,*,#4030,.T.);
#5539=ORIENTED_EDGE('',*,*,#4026,.F.);
#5540=ORIENTED_EDGE('',*,*,#4027,.F.);
#5541=ORIENTED_EDGE('',*,*,#4025,.F.);
#5542=ORIENTED_EDGE('',*,*,#4031,.F.);
#5543=ORIENTED_EDGE('',*,*,#4032,.F.);
#5544=ORIENTED_EDGE('',*,*,#4024,.F.);
#5545=ORIENTED_EDGE('',*,*,#4033,.T.);
#5546=ORIENTED_EDGE('',*,*,#4034,.F.);
#5547=ORIENTED_EDGE('',*,*,#4035,.T.);
#5548=ORIENTED_EDGE('',*,*,#4036,.T.);
#5549=ORIENTED_EDGE('',*,*,#4031,.T.);
#5550=ORIENTED_EDGE('',*,*,#4037,.T.);
#5551=ORIENTED_EDGE('',*,*,#4034,.T.);
#5552=ORIENTED_EDGE('',*,*,#4038,.T.);
#5553=ORIENTED_EDGE('',*,*,#4039,.T.);
#5554=ORIENTED_EDGE('',*,*,#4040,.T.);
#5555=ORIENTED_EDGE('',*,*,#4041,.T.);
#5556=ORIENTED_EDGE('',*,*,#4042,.T.);
#5557=ORIENTED_EDGE('',*,*,#4039,.F.);
#5558=ORIENTED_EDGE('',*,*,#4043,.T.);
#5559=ORIENTED_EDGE('',*,*,#4030,.F.);
#5560=ORIENTED_EDGE('',*,*,#4044,.F.);
#5561=ORIENTED_EDGE('',*,*,#3734,.F.);
#5562=ORIENTED_EDGE('',*,*,#4045,.T.);
#5563=ORIENTED_EDGE('',*,*,#4043,.F.);
#5564=ORIENTED_EDGE('',*,*,#4038,.F.);
#5565=ORIENTED_EDGE('',*,*,#4033,.F.);
#5566=ORIENTED_EDGE('',*,*,#4023,.F.);
#5567=ORIENTED_EDGE('',*,*,#4042,.F.);
#5568=ORIENTED_EDGE('',*,*,#4046,.F.);
#5569=ORIENTED_EDGE('',*,*,#4035,.F.);
#5570=ORIENTED_EDGE('',*,*,#4037,.F.);
#5571=ORIENTED_EDGE('',*,*,#4028,.F.);
#5572=ORIENTED_EDGE('',*,*,#4032,.T.);
#5573=ORIENTED_EDGE('',*,*,#4036,.F.);
#5574=ORIENTED_EDGE('',*,*,#4046,.T.);
#5575=ORIENTED_EDGE('',*,*,#4041,.F.);
#5576=ORIENTED_EDGE('',*,*,#4047,.F.);
#5577=ORIENTED_EDGE('',*,*,#3951,.T.);
#5578=ORIENTED_EDGE('',*,*,#4048,.T.);
#5579=ORIENTED_EDGE('',*,*,#4040,.F.);
#5580=ORIENTED_EDGE('',*,*,#4045,.F.);
#5581=ORIENTED_EDGE('',*,*,#3733,.F.);
#5582=ORIENTED_EDGE('',*,*,#4049,.F.);
#5583=ORIENTED_EDGE('',*,*,#3952,.F.);
#5584=ORIENTED_EDGE('',*,*,#4047,.T.);
#5585=ORIENTED_EDGE('',*,*,#3954,.F.);
#5586=ORIENTED_EDGE('',*,*,#4050,.T.);
#5587=ORIENTED_EDGE('',*,*,#4051,.T.);
#5588=ORIENTED_EDGE('',*,*,#4052,.F.);
#5589=ORIENTED_EDGE('',*,*,#3947,.F.);
#5590=ORIENTED_EDGE('',*,*,#4053,.T.);
#5591=ORIENTED_EDGE('',*,*,#4054,.T.);
#5592=ORIENTED_EDGE('',*,*,#4055,.F.);
#5593=ORIENTED_EDGE('',*,*,#3948,.F.);
#5594=ORIENTED_EDGE('',*,*,#4055,.T.);
#5595=ORIENTED_EDGE('',*,*,#4056,.T.);
#5596=ORIENTED_EDGE('',*,*,#4057,.F.);
#5597=ORIENTED_EDGE('',*,*,#4056,.F.);
#5598=ORIENTED_EDGE('',*,*,#4054,.F.);
#5599=ORIENTED_EDGE('',*,*,#4058,.F.);
#5600=ORIENTED_EDGE('',*,*,#4059,.F.);
#5601=ORIENTED_EDGE('',*,*,#4060,.F.);
#5602=ORIENTED_EDGE('',*,*,#4061,.F.);
#5603=ORIENTED_EDGE('',*,*,#4062,.T.);
#5604=ORIENTED_EDGE('',*,*,#4063,.F.);
#5605=ORIENTED_EDGE('',*,*,#4064,.F.);
#5606=ORIENTED_EDGE('',*,*,#4065,.F.);
#5607=ORIENTED_EDGE('',*,*,#4060,.T.);
#5608=ORIENTED_EDGE('',*,*,#4066,.T.);
#5609=ORIENTED_EDGE('',*,*,#4067,.F.);
#5610=ORIENTED_EDGE('',*,*,#4068,.F.);
#5611=ORIENTED_EDGE('',*,*,#4059,.T.);
#5612=ORIENTED_EDGE('',*,*,#4069,.F.);
#5613=ORIENTED_EDGE('',*,*,#4070,.F.);
#5614=ORIENTED_EDGE('',*,*,#4066,.F.);
#5615=ORIENTED_EDGE('',*,*,#4071,.F.);
#5616=ORIENTED_EDGE('',*,*,#4072,.F.);
#5617=ORIENTED_EDGE('',*,*,#4067,.T.);
#5618=ORIENTED_EDGE('',*,*,#4070,.T.);
#5619=ORIENTED_EDGE('',*,*,#4073,.F.);
#5620=ORIENTED_EDGE('',*,*,#4074,.F.);
#5621=ORIENTED_EDGE('',*,*,#4029,.F.);
#5622=ORIENTED_EDGE('',*,*,#4048,.F.);
#5623=ORIENTED_EDGE('',*,*,#3950,.T.);
#5624=ORIENTED_EDGE('',*,*,#4075,.T.);
#5625=ORIENTED_EDGE('',*,*,#3735,.F.);
#5626=ORIENTED_EDGE('',*,*,#4044,.T.);
#5627=ORIENTED_EDGE('',*,*,#4074,.T.);
#5628=ORIENTED_EDGE('',*,*,#4076,.T.);
#5629=ORIENTED_EDGE('',*,*,#3738,.F.);
#5630=ORIENTED_EDGE('',*,*,#4077,.F.);
#5631=ORIENTED_EDGE('',*,*,#4071,.T.);
#5632=ORIENTED_EDGE('',*,*,#4077,.T.);
#5633=ORIENTED_EDGE('',*,*,#3737,.F.);
#5634=ORIENTED_EDGE('',*,*,#4078,.F.);
#5635=ORIENTED_EDGE('',*,*,#4072,.T.);
#5636=ORIENTED_EDGE('',*,*,#4078,.T.);
#5637=ORIENTED_EDGE('',*,*,#3736,.F.);
#5638=ORIENTED_EDGE('',*,*,#4075,.F.);
#5639=ORIENTED_EDGE('',*,*,#3949,.F.);
#5640=ORIENTED_EDGE('',*,*,#4057,.T.);
#5641=ORIENTED_EDGE('',*,*,#4061,.T.);
#5642=ORIENTED_EDGE('',*,*,#4068,.T.);
#5643=ORIENTED_EDGE('',*,*,#4063,.T.);
#5644=ORIENTED_EDGE('',*,*,#4079,.T.);
#5645=ORIENTED_EDGE('',*,*,#4050,.F.);
#5646=ORIENTED_EDGE('',*,*,#3953,.F.);
#5647=ORIENTED_EDGE('',*,*,#4049,.T.);
#5648=ORIENTED_EDGE('',*,*,#3732,.F.);
#5649=ORIENTED_EDGE('',*,*,#4080,.F.);
#5650=ORIENTED_EDGE('',*,*,#4081,.T.);
#5651=ORIENTED_EDGE('',*,*,#4082,.T.);
#5652=ORIENTED_EDGE('',*,*,#4080,.T.);
#5653=ORIENTED_EDGE('',*,*,#3731,.F.);
#5654=ORIENTED_EDGE('',*,*,#4083,.F.);
#5655=ORIENTED_EDGE('',*,*,#3931,.T.);
#5656=ORIENTED_EDGE('',*,*,#4084,.T.);
#5657=ORIENTED_EDGE('',*,*,#3718,.F.);
#5658=ORIENTED_EDGE('',*,*,#4085,.F.);
#5659=ORIENTED_EDGE('',*,*,#3932,.F.);
#5660=ORIENTED_EDGE('',*,*,#4085,.T.);
#5661=ORIENTED_EDGE('',*,*,#3717,.F.);
#5662=ORIENTED_EDGE('',*,*,#4086,.F.);
#5663=ORIENTED_EDGE('',*,*,#3933,.F.);
#5664=ORIENTED_EDGE('',*,*,#4086,.T.);
#5665=ORIENTED_EDGE('',*,*,#3716,.F.);
#5666=ORIENTED_EDGE('',*,*,#4087,.F.);
#5667=ORIENTED_EDGE('',*,*,#3741,.F.);
#5668=ORIENTED_EDGE('',*,*,#4088,.T.);
#5669=ORIENTED_EDGE('',*,*,#3944,.T.);
#5670=ORIENTED_EDGE('',*,*,#4088,.F.);
#5671=ORIENTED_EDGE('',*,*,#3483,.T.);
#5672=ORIENTED_EDGE('',*,*,#3739,.F.);
#5673=ORIENTED_EDGE('',*,*,#4076,.F.);
#5674=ORIENTED_EDGE('',*,*,#4073,.T.);
#5675=ORIENTED_EDGE('',*,*,#4069,.T.);
#5676=ORIENTED_EDGE('',*,*,#4058,.T.);
#5677=ORIENTED_EDGE('',*,*,#4053,.F.);
#5678=ORIENTED_EDGE('',*,*,#3946,.F.);
#5679=ORIENTED_EDGE('',*,*,#4089,.F.);
#5680=ORIENTED_EDGE('',*,*,#4090,.F.);
#5681=ORIENTED_EDGE('',*,*,#4091,.F.);
#5682=ORIENTED_EDGE('',*,*,#4092,.F.);
#5683=ORIENTED_EDGE('',*,*,#4093,.F.);
#5684=ORIENTED_EDGE('',*,*,#4090,.T.);
#5685=ORIENTED_EDGE('',*,*,#4094,.F.);
#5686=ORIENTED_EDGE('',*,*,#4095,.F.);
#5687=ORIENTED_EDGE('',*,*,#4096,.F.);
#5688=ORIENTED_EDGE('',*,*,#4093,.T.);
#5689=ORIENTED_EDGE('',*,*,#4097,.T.);
#5690=ORIENTED_EDGE('',*,*,#4098,.T.);
#5691=ORIENTED_EDGE('',*,*,#4091,.T.);
#5692=ORIENTED_EDGE('',*,*,#4092,.T.);
#5693=ORIENTED_EDGE('',*,*,#4098,.F.);
#5694=ORIENTED_EDGE('',*,*,#4099,.F.);
#5695=ORIENTED_EDGE('',*,*,#4100,.F.);
#5696=ORIENTED_EDGE('',*,*,#4101,.T.);
#5697=ORIENTED_EDGE('',*,*,#4102,.F.);
#5698=ORIENTED_EDGE('',*,*,#4103,.F.);
#5699=ORIENTED_EDGE('',*,*,#4104,.F.);
#5700=ORIENTED_EDGE('',*,*,#4105,.F.);
#5701=ORIENTED_EDGE('',*,*,#4101,.F.);
#5702=ORIENTED_EDGE('',*,*,#4106,.F.);
#5703=ORIENTED_EDGE('',*,*,#4107,.F.);
#5704=ORIENTED_EDGE('',*,*,#4104,.T.);
#5705=ORIENTED_EDGE('',*,*,#4108,.F.);
#5706=ORIENTED_EDGE('',*,*,#4109,.F.);
#5707=ORIENTED_EDGE('',*,*,#4094,.T.);
#5708=ORIENTED_EDGE('',*,*,#4089,.T.);
#5709=ORIENTED_EDGE('',*,*,#4102,.T.);
#5710=ORIENTED_EDGE('',*,*,#4105,.T.);
#5711=ORIENTED_EDGE('',*,*,#4107,.T.);
#5712=ORIENTED_EDGE('',*,*,#4110,.F.);
#5713=ORIENTED_EDGE('',*,*,#3697,.T.);
#5714=ORIENTED_EDGE('',*,*,#4111,.T.);
#5715=ORIENTED_EDGE('',*,*,#4108,.T.);
#5716=ORIENTED_EDGE('',*,*,#4103,.T.);
#5717=ORIENTED_EDGE('',*,*,#4100,.T.);
#5718=ORIENTED_EDGE('',*,*,#4112,.T.);
#5719=ORIENTED_EDGE('',*,*,#4096,.T.);
#5720=ORIENTED_EDGE('',*,*,#4113,.F.);
#5721=ORIENTED_EDGE('',*,*,#3976,.F.);
#5722=ORIENTED_EDGE('',*,*,#4114,.T.);
#5723=ORIENTED_EDGE('',*,*,#4109,.T.);
#5724=ORIENTED_EDGE('',*,*,#4112,.F.);
#5725=ORIENTED_EDGE('',*,*,#4099,.T.);
#5726=ORIENTED_EDGE('',*,*,#4097,.F.);
#5727=ORIENTED_EDGE('',*,*,#4106,.T.);
#5728=ORIENTED_EDGE('',*,*,#4114,.F.);
#5729=ORIENTED_EDGE('',*,*,#3975,.T.);
#5730=ORIENTED_EDGE('',*,*,#4115,.T.);
#5731=ORIENTED_EDGE('',*,*,#3698,.T.);
#5732=ORIENTED_EDGE('',*,*,#4110,.T.);
#5733=ORIENTED_EDGE('',*,*,#3973,.T.);
#5734=ORIENTED_EDGE('',*,*,#4116,.T.);
#5735=ORIENTED_EDGE('',*,*,#4117,.F.);
#5736=ORIENTED_EDGE('',*,*,#4118,.F.);
#5737=ORIENTED_EDGE('',*,*,#3980,.T.);
#5738=ORIENTED_EDGE('',*,*,#4119,.T.);
#5739=ORIENTED_EDGE('',*,*,#4120,.F.);
#5740=ORIENTED_EDGE('',*,*,#4121,.F.);
#5741=ORIENTED_EDGE('',*,*,#3979,.T.);
#5742=ORIENTED_EDGE('',*,*,#4122,.T.);
#5743=ORIENTED_EDGE('',*,*,#4123,.F.);
#5744=ORIENTED_EDGE('',*,*,#4119,.F.);
#5745=ORIENTED_EDGE('',*,*,#4123,.T.);
#5746=ORIENTED_EDGE('',*,*,#4124,.T.);
#5747=ORIENTED_EDGE('',*,*,#4125,.T.);
#5748=ORIENTED_EDGE('',*,*,#4126,.T.);
#5749=ORIENTED_EDGE('',*,*,#4127,.T.);
#5750=ORIENTED_EDGE('',*,*,#4120,.T.);
#5751=ORIENTED_EDGE('',*,*,#4128,.F.);
#5752=ORIENTED_EDGE('',*,*,#4129,.T.);
#5753=ORIENTED_EDGE('',*,*,#4130,.T.);
#5754=ORIENTED_EDGE('',*,*,#4131,.T.);
#5755=ORIENTED_EDGE('',*,*,#4125,.F.);
#5756=ORIENTED_EDGE('',*,*,#4132,.T.);
#5757=ORIENTED_EDGE('',*,*,#4133,.T.);
#5758=ORIENTED_EDGE('',*,*,#4134,.F.);
#5759=ORIENTED_EDGE('',*,*,#4126,.F.);
#5760=ORIENTED_EDGE('',*,*,#4134,.T.);
#5761=ORIENTED_EDGE('',*,*,#4135,.T.);
#5762=ORIENTED_EDGE('',*,*,#4136,.T.);
#5763=ORIENTED_EDGE('',*,*,#4137,.T.);
#5764=ORIENTED_EDGE('',*,*,#4138,.T.);
#5765=ORIENTED_EDGE('',*,*,#4139,.T.);
#5766=ORIENTED_EDGE('',*,*,#4135,.F.);
#5767=ORIENTED_EDGE('',*,*,#4133,.F.);
#5768=ORIENTED_EDGE('',*,*,#4140,.T.);
#5769=ORIENTED_EDGE('',*,*,#4095,.T.);
#5770=ORIENTED_EDGE('',*,*,#4111,.F.);
#5771=ORIENTED_EDGE('',*,*,#3696,.T.);
#5772=ORIENTED_EDGE('',*,*,#4141,.F.);
#5773=ORIENTED_EDGE('',*,*,#3977,.F.);
#5774=ORIENTED_EDGE('',*,*,#4113,.T.);
#5775=ORIENTED_EDGE('',*,*,#4138,.F.);
#5776=ORIENTED_EDGE('',*,*,#4142,.T.);
#5777=ORIENTED_EDGE('',*,*,#3693,.T.);
#5778=ORIENTED_EDGE('',*,*,#4143,.F.);
#5779=ORIENTED_EDGE('',*,*,#4137,.F.);
#5780=ORIENTED_EDGE('',*,*,#4144,.T.);
#5781=ORIENTED_EDGE('',*,*,#3694,.T.);
#5782=ORIENTED_EDGE('',*,*,#4142,.F.);
#5783=ORIENTED_EDGE('',*,*,#4140,.F.);
#5784=ORIENTED_EDGE('',*,*,#4132,.F.);
#5785=ORIENTED_EDGE('',*,*,#4124,.F.);
#5786=ORIENTED_EDGE('',*,*,#4122,.F.);
#5787=ORIENTED_EDGE('',*,*,#3978,.T.);
#5788=ORIENTED_EDGE('',*,*,#4141,.T.);
#5789=ORIENTED_EDGE('',*,*,#3695,.T.);
#5790=ORIENTED_EDGE('',*,*,#4144,.F.);
#5791=ORIENTED_EDGE('',*,*,#4131,.F.);
#5792=ORIENTED_EDGE('',*,*,#4145,.F.);
#5793=ORIENTED_EDGE('',*,*,#4146,.T.);
#5794=ORIENTED_EDGE('',*,*,#3699,.T.);
#5795=ORIENTED_EDGE('',*,*,#4115,.F.);
#5796=ORIENTED_EDGE('',*,*,#3974,.T.);
#5797=ORIENTED_EDGE('',*,*,#4118,.T.);
#5798=ORIENTED_EDGE('',*,*,#4147,.F.);
#5799=ORIENTED_EDGE('',*,*,#4148,.F.);
#5800=ORIENTED_EDGE('',*,*,#4149,.T.);
#5801=ORIENTED_EDGE('',*,*,#3700,.T.);
#5802=ORIENTED_EDGE('',*,*,#4146,.F.);
#5803=ORIENTED_EDGE('',*,*,#3936,.F.);
#5804=ORIENTED_EDGE('',*,*,#4150,.T.);
#5805=ORIENTED_EDGE('',*,*,#3713,.T.);
#5806=ORIENTED_EDGE('',*,*,#4151,.F.);
#5807=ORIENTED_EDGE('',*,*,#3935,.T.);
#5808=ORIENTED_EDGE('',*,*,#4152,.T.);
#5809=ORIENTED_EDGE('',*,*,#3714,.T.);
#5810=ORIENTED_EDGE('',*,*,#4150,.F.);
#5811=ORIENTED_EDGE('',*,*,#3934,.T.);
#5812=ORIENTED_EDGE('',*,*,#4087,.T.);
#5813=ORIENTED_EDGE('',*,*,#3715,.T.);
#5814=ORIENTED_EDGE('',*,*,#4152,.F.);
#5815=ORIENTED_EDGE('',*,*,#3743,.T.);
#5816=ORIENTED_EDGE('',*,*,#4153,.T.);
#5817=ORIENTED_EDGE('',*,*,#3945,.F.);
#5818=ORIENTED_EDGE('',*,*,#4153,.F.);
#5819=ORIENTED_EDGE('',*,*,#3637,.F.);
#5820=ORIENTED_EDGE('',*,*,#3981,.T.);
#5821=ORIENTED_EDGE('',*,*,#4121,.T.);
#5822=ORIENTED_EDGE('',*,*,#4127,.F.);
#5823=ORIENTED_EDGE('',*,*,#4136,.F.);
#5824=ORIENTED_EDGE('',*,*,#4139,.F.);
#5825=ORIENTED_EDGE('',*,*,#4143,.T.);
#5826=ORIENTED_EDGE('',*,*,#3692,.T.);
#5827=ORIENTED_EDGE('',*,*,#4154,.F.);
#5828=ORIENTED_EDGE('',*,*,#4155,.F.);
#5829=ORIENTED_EDGE('',*,*,#4156,.F.);
#5830=ORIENTED_EDGE('',*,*,#4157,.F.);
#5831=ORIENTED_EDGE('',*,*,#4158,.F.);
#5832=ORIENTED_EDGE('',*,*,#4155,.T.);
#5833=ORIENTED_EDGE('',*,*,#4159,.F.);
#5834=ORIENTED_EDGE('',*,*,#4160,.F.);
#5835=ORIENTED_EDGE('',*,*,#4161,.F.);
#5836=ORIENTED_EDGE('',*,*,#4158,.T.);
#5837=ORIENTED_EDGE('',*,*,#4162,.T.);
#5838=ORIENTED_EDGE('',*,*,#4163,.T.);
#5839=ORIENTED_EDGE('',*,*,#4156,.T.);
#5840=ORIENTED_EDGE('',*,*,#4157,.T.);
#5841=ORIENTED_EDGE('',*,*,#4163,.F.);
#5842=ORIENTED_EDGE('',*,*,#4164,.F.);
#5843=ORIENTED_EDGE('',*,*,#4165,.F.);
#5844=ORIENTED_EDGE('',*,*,#4166,.T.);
#5845=ORIENTED_EDGE('',*,*,#4167,.F.);
#5846=ORIENTED_EDGE('',*,*,#4168,.F.);
#5847=ORIENTED_EDGE('',*,*,#4169,.F.);
#5848=ORIENTED_EDGE('',*,*,#4170,.F.);
#5849=ORIENTED_EDGE('',*,*,#4166,.F.);
#5850=ORIENTED_EDGE('',*,*,#4171,.F.);
#5851=ORIENTED_EDGE('',*,*,#4172,.F.);
#5852=ORIENTED_EDGE('',*,*,#4169,.T.);
#5853=ORIENTED_EDGE('',*,*,#4173,.F.);
#5854=ORIENTED_EDGE('',*,*,#4174,.F.);
#5855=ORIENTED_EDGE('',*,*,#4159,.T.);
#5856=ORIENTED_EDGE('',*,*,#4154,.T.);
#5857=ORIENTED_EDGE('',*,*,#4167,.T.);
#5858=ORIENTED_EDGE('',*,*,#4170,.T.);
#5859=ORIENTED_EDGE('',*,*,#4172,.T.);
#5860=ORIENTED_EDGE('',*,*,#4175,.F.);
#5861=ORIENTED_EDGE('',*,*,#3727,.T.);
#5862=ORIENTED_EDGE('',*,*,#4176,.T.);
#5863=ORIENTED_EDGE('',*,*,#4173,.T.);
#5864=ORIENTED_EDGE('',*,*,#4168,.T.);
#5865=ORIENTED_EDGE('',*,*,#4165,.T.);
#5866=ORIENTED_EDGE('',*,*,#4177,.T.);
#5867=ORIENTED_EDGE('',*,*,#4161,.T.);
#5868=ORIENTED_EDGE('',*,*,#4178,.F.);
#5869=ORIENTED_EDGE('',*,*,#3958,.F.);
#5870=ORIENTED_EDGE('',*,*,#4179,.T.);
#5871=ORIENTED_EDGE('',*,*,#4174,.T.);
#5872=ORIENTED_EDGE('',*,*,#4177,.F.);
#5873=ORIENTED_EDGE('',*,*,#4164,.T.);
#5874=ORIENTED_EDGE('',*,*,#4162,.F.);
#5875=ORIENTED_EDGE('',*,*,#4171,.T.);
#5876=ORIENTED_EDGE('',*,*,#4179,.F.);
#5877=ORIENTED_EDGE('',*,*,#3957,.T.);
#5878=ORIENTED_EDGE('',*,*,#4180,.T.);
#5879=ORIENTED_EDGE('',*,*,#3728,.T.);
#5880=ORIENTED_EDGE('',*,*,#4175,.T.);
#5881=ORIENTED_EDGE('',*,*,#3955,.T.);
#5882=ORIENTED_EDGE('',*,*,#4052,.T.);
#5883=ORIENTED_EDGE('',*,*,#4181,.F.);
#5884=ORIENTED_EDGE('',*,*,#4182,.F.);
#5885=ORIENTED_EDGE('',*,*,#4183,.T.);
#5886=ORIENTED_EDGE('',*,*,#4184,.T.);
#5887=ORIENTED_EDGE('',*,*,#4181,.T.);
#5888=ORIENTED_EDGE('',*,*,#4051,.F.);
#5889=ORIENTED_EDGE('',*,*,#4079,.F.);
#5890=ORIENTED_EDGE('',*,*,#4062,.F.);
#5891=ORIENTED_EDGE('',*,*,#3962,.T.);
#5892=ORIENTED_EDGE('',*,*,#4185,.T.);
#5893=ORIENTED_EDGE('',*,*,#4186,.F.);
#5894=ORIENTED_EDGE('',*,*,#4187,.F.);
#5895=ORIENTED_EDGE('',*,*,#3961,.T.);
#5896=ORIENTED_EDGE('',*,*,#4188,.T.);
#5897=ORIENTED_EDGE('',*,*,#4189,.F.);
#5898=ORIENTED_EDGE('',*,*,#4185,.F.);
#5899=ORIENTED_EDGE('',*,*,#4189,.T.);
#5900=ORIENTED_EDGE('',*,*,#4190,.T.);
#5901=ORIENTED_EDGE('',*,*,#4191,.T.);
#5902=ORIENTED_EDGE('',*,*,#4192,.T.);
#5903=ORIENTED_EDGE('',*,*,#4193,.T.);
#5904=ORIENTED_EDGE('',*,*,#4186,.T.);
#5905=ORIENTED_EDGE('',*,*,#4183,.F.);
#5906=ORIENTED_EDGE('',*,*,#4065,.T.);
#5907=ORIENTED_EDGE('',*,*,#4194,.T.);
#5908=ORIENTED_EDGE('',*,*,#4195,.T.);
#5909=ORIENTED_EDGE('',*,*,#4191,.F.);
#5910=ORIENTED_EDGE('',*,*,#4196,.T.);
#5911=ORIENTED_EDGE('',*,*,#4197,.T.);
#5912=ORIENTED_EDGE('',*,*,#4198,.F.);
#5913=ORIENTED_EDGE('',*,*,#4192,.F.);
#5914=ORIENTED_EDGE('',*,*,#4198,.T.);
#5915=ORIENTED_EDGE('',*,*,#4199,.T.);
#5916=ORIENTED_EDGE('',*,*,#4200,.T.);
#5917=ORIENTED_EDGE('',*,*,#4201,.T.);
#5918=ORIENTED_EDGE('',*,*,#4202,.T.);
#5919=ORIENTED_EDGE('',*,*,#4203,.T.);
#5920=ORIENTED_EDGE('',*,*,#4199,.F.);
#5921=ORIENTED_EDGE('',*,*,#4197,.F.);
#5922=ORIENTED_EDGE('',*,*,#4204,.T.);
#5923=ORIENTED_EDGE('',*,*,#4194,.F.);
#5924=ORIENTED_EDGE('',*,*,#4064,.T.);
#5925=ORIENTED_EDGE('',*,*,#4081,.F.);
#5926=ORIENTED_EDGE('',*,*,#4082,.F.);
#5927=ORIENTED_EDGE('',*,*,#4205,.T.);
#5928=ORIENTED_EDGE('',*,*,#4206,.T.);
#5929=ORIENTED_EDGE('',*,*,#3426,.T.);
#5930=ORIENTED_EDGE('',*,*,#3528,.T.);
#5931=ORIENTED_EDGE('',*,*,#3446,.T.);
#5932=ORIENTED_EDGE('',*,*,#3721,.T.);
#5933=ORIENTED_EDGE('',*,*,#3520,.T.);
#5934=ORIENTED_EDGE('',*,*,#3941,.F.);
#5935=ORIENTED_EDGE('',*,*,#3655,.T.);
#5936=ORIENTED_EDGE('',*,*,#3740,.T.);
#5937=ORIENTED_EDGE('',*,*,#4160,.T.);
#5938=ORIENTED_EDGE('',*,*,#4176,.F.);
#5939=ORIENTED_EDGE('',*,*,#3726,.T.);
#5940=ORIENTED_EDGE('',*,*,#4207,.F.);
#5941=ORIENTED_EDGE('',*,*,#3959,.F.);
#5942=ORIENTED_EDGE('',*,*,#4178,.T.);
#5943=ORIENTED_EDGE('',*,*,#4202,.F.);
#5944=ORIENTED_EDGE('',*,*,#4208,.T.);
#5945=ORIENTED_EDGE('',*,*,#3723,.T.);
#5946=ORIENTED_EDGE('',*,*,#4209,.F.);
#5947=ORIENTED_EDGE('',*,*,#4201,.F.);
#5948=ORIENTED_EDGE('',*,*,#4210,.T.);
#5949=ORIENTED_EDGE('',*,*,#3724,.T.);
#5950=ORIENTED_EDGE('',*,*,#4208,.F.);
#5951=ORIENTED_EDGE('',*,*,#4204,.F.);
#5952=ORIENTED_EDGE('',*,*,#4196,.F.);
#5953=ORIENTED_EDGE('',*,*,#4190,.F.);
#5954=ORIENTED_EDGE('',*,*,#4188,.F.);
#5955=ORIENTED_EDGE('',*,*,#3960,.T.);
#5956=ORIENTED_EDGE('',*,*,#4207,.T.);
#5957=ORIENTED_EDGE('',*,*,#3725,.T.);
#5958=ORIENTED_EDGE('',*,*,#4210,.F.);
#5959=ORIENTED_EDGE('',*,*,#4195,.F.);
#5960=ORIENTED_EDGE('',*,*,#4206,.F.);
#5961=ORIENTED_EDGE('',*,*,#4211,.T.);
#5962=ORIENTED_EDGE('',*,*,#3729,.T.);
#5963=ORIENTED_EDGE('',*,*,#4180,.F.);
#5964=ORIENTED_EDGE('',*,*,#3956,.T.);
#5965=ORIENTED_EDGE('',*,*,#4182,.T.);
#5966=ORIENTED_EDGE('',*,*,#4184,.F.);
#5967=ORIENTED_EDGE('',*,*,#4205,.F.);
#5968=ORIENTED_EDGE('',*,*,#4083,.T.);
#5969=ORIENTED_EDGE('',*,*,#3730,.T.);
#5970=ORIENTED_EDGE('',*,*,#4211,.F.);
#5971=ORIENTED_EDGE('',*,*,#3940,.F.);
#5972=ORIENTED_EDGE('',*,*,#4212,.T.);
#5973=ORIENTED_EDGE('',*,*,#3719,.T.);
#5974=ORIENTED_EDGE('',*,*,#4084,.F.);
#5975=ORIENTED_EDGE('',*,*,#3939,.T.);
#5976=ORIENTED_EDGE('',*,*,#3689,.T.);
#5977=ORIENTED_EDGE('',*,*,#3720,.T.);
#5978=ORIENTED_EDGE('',*,*,#4212,.F.);
#5979=ORIENTED_EDGE('',*,*,#3742,.T.);
#5980=ORIENTED_EDGE('',*,*,#4213,.T.);
#5981=ORIENTED_EDGE('',*,*,#3943,.F.);
#5982=ORIENTED_EDGE('',*,*,#4213,.F.);
#5983=ORIENTED_EDGE('',*,*,#3489,.F.);
#5984=ORIENTED_EDGE('',*,*,#3963,.T.);
#5985=ORIENTED_EDGE('',*,*,#4187,.T.);
#5986=ORIENTED_EDGE('',*,*,#4193,.F.);
#5987=ORIENTED_EDGE('',*,*,#4200,.F.);
#5988=ORIENTED_EDGE('',*,*,#4203,.F.);
#5989=ORIENTED_EDGE('',*,*,#4209,.T.);
#5990=ORIENTED_EDGE('',*,*,#3722,.T.);
#5991=ORIENTED_EDGE('',*,*,#4214,.T.);
#5992=ORIENTED_EDGE('',*,*,#4215,.T.);
#5993=ORIENTED_EDGE('',*,*,#4216,.T.);
#5994=ORIENTED_EDGE('',*,*,#4217,.T.);
#5995=ORIENTED_EDGE('',*,*,#4218,.T.);
#5996=ORIENTED_EDGE('',*,*,#4219,.T.);
#5997=ORIENTED_EDGE('',*,*,#4220,.T.);
#5998=ORIENTED_EDGE('',*,*,#4221,.T.);
#5999=ORIENTED_EDGE('',*,*,#4217,.F.);
#6000=ORIENTED_EDGE('',*,*,#4218,.F.);
#6001=ORIENTED_EDGE('',*,*,#4216,.F.);
#6002=ORIENTED_EDGE('',*,*,#4222,.F.);
#6003=ORIENTED_EDGE('',*,*,#4223,.F.);
#6004=ORIENTED_EDGE('',*,*,#4215,.F.);
#6005=ORIENTED_EDGE('',*,*,#4224,.T.);
#6006=ORIENTED_EDGE('',*,*,#4225,.F.);
#6007=ORIENTED_EDGE('',*,*,#4226,.T.);
#6008=ORIENTED_EDGE('',*,*,#4227,.T.);
#6009=ORIENTED_EDGE('',*,*,#4222,.T.);
#6010=ORIENTED_EDGE('',*,*,#4228,.T.);
#6011=ORIENTED_EDGE('',*,*,#4225,.T.);
#6012=ORIENTED_EDGE('',*,*,#4229,.T.);
#6013=ORIENTED_EDGE('',*,*,#4230,.T.);
#6014=ORIENTED_EDGE('',*,*,#4231,.T.);
#6015=ORIENTED_EDGE('',*,*,#4232,.T.);
#6016=ORIENTED_EDGE('',*,*,#4233,.T.);
#6017=ORIENTED_EDGE('',*,*,#4230,.F.);
#6018=ORIENTED_EDGE('',*,*,#4234,.T.);
#6019=ORIENTED_EDGE('',*,*,#4221,.F.);
#6020=ORIENTED_EDGE('',*,*,#4235,.F.);
#6021=ORIENTED_EDGE('',*,*,#3704,.F.);
#6022=ORIENTED_EDGE('',*,*,#4236,.T.);
#6023=ORIENTED_EDGE('',*,*,#4234,.F.);
#6024=ORIENTED_EDGE('',*,*,#4229,.F.);
#6025=ORIENTED_EDGE('',*,*,#4224,.F.);
#6026=ORIENTED_EDGE('',*,*,#4214,.F.);
#6027=ORIENTED_EDGE('',*,*,#4233,.F.);
#6028=ORIENTED_EDGE('',*,*,#4237,.F.);
#6029=ORIENTED_EDGE('',*,*,#4226,.F.);
#6030=ORIENTED_EDGE('',*,*,#4228,.F.);
#6031=ORIENTED_EDGE('',*,*,#4219,.F.);
#6032=ORIENTED_EDGE('',*,*,#4223,.T.);
#6033=ORIENTED_EDGE('',*,*,#4227,.F.);
#6034=ORIENTED_EDGE('',*,*,#4237,.T.);
#6035=ORIENTED_EDGE('',*,*,#4232,.F.);
#6036=ORIENTED_EDGE('',*,*,#4238,.F.);
#6037=ORIENTED_EDGE('',*,*,#3969,.T.);
#6038=ORIENTED_EDGE('',*,*,#4239,.T.);
#6039=ORIENTED_EDGE('',*,*,#4231,.F.);
#6040=ORIENTED_EDGE('',*,*,#4236,.F.);
#6041=ORIENTED_EDGE('',*,*,#3703,.F.);
#6042=ORIENTED_EDGE('',*,*,#4240,.F.);
#6043=ORIENTED_EDGE('',*,*,#3970,.F.);
#6044=ORIENTED_EDGE('',*,*,#4238,.T.);
#6045=ORIENTED_EDGE('',*,*,#3972,.F.);
#6046=ORIENTED_EDGE('',*,*,#4241,.T.);
#6047=ORIENTED_EDGE('',*,*,#4242,.T.);
#6048=ORIENTED_EDGE('',*,*,#4116,.F.);
#6049=ORIENTED_EDGE('',*,*,#4243,.F.);
#6050=ORIENTED_EDGE('',*,*,#4128,.T.);
#6051=ORIENTED_EDGE('',*,*,#4147,.T.);
#6052=ORIENTED_EDGE('',*,*,#4117,.T.);
#6053=ORIENTED_EDGE('',*,*,#4242,.F.);
#6054=ORIENTED_EDGE('',*,*,#4244,.F.);
#6055=ORIENTED_EDGE('',*,*,#3965,.F.);
#6056=ORIENTED_EDGE('',*,*,#4245,.T.);
#6057=ORIENTED_EDGE('',*,*,#4246,.T.);
#6058=ORIENTED_EDGE('',*,*,#4247,.F.);
#6059=ORIENTED_EDGE('',*,*,#3966,.F.);
#6060=ORIENTED_EDGE('',*,*,#4247,.T.);
#6061=ORIENTED_EDGE('',*,*,#4248,.T.);
#6062=ORIENTED_EDGE('',*,*,#4249,.F.);
#6063=ORIENTED_EDGE('',*,*,#4248,.F.);
#6064=ORIENTED_EDGE('',*,*,#4246,.F.);
#6065=ORIENTED_EDGE('',*,*,#4250,.F.);
#6066=ORIENTED_EDGE('',*,*,#4251,.F.);
#6067=ORIENTED_EDGE('',*,*,#4252,.F.);
#6068=ORIENTED_EDGE('',*,*,#4253,.F.);
#6069=ORIENTED_EDGE('',*,*,#4243,.T.);
#6070=ORIENTED_EDGE('',*,*,#4254,.F.);
#6071=ORIENTED_EDGE('',*,*,#4255,.F.);
#6072=ORIENTED_EDGE('',*,*,#4129,.F.);
#6073=ORIENTED_EDGE('',*,*,#4252,.T.);
#6074=ORIENTED_EDGE('',*,*,#4256,.T.);
#6075=ORIENTED_EDGE('',*,*,#4257,.F.);
#6076=ORIENTED_EDGE('',*,*,#4258,.F.);
#6077=ORIENTED_EDGE('',*,*,#4251,.T.);
#6078=ORIENTED_EDGE('',*,*,#4259,.F.);
#6079=ORIENTED_EDGE('',*,*,#4260,.F.);
#6080=ORIENTED_EDGE('',*,*,#4256,.F.);
#6081=ORIENTED_EDGE('',*,*,#4261,.F.);
#6082=ORIENTED_EDGE('',*,*,#4262,.F.);
#6083=ORIENTED_EDGE('',*,*,#4257,.T.);
#6084=ORIENTED_EDGE('',*,*,#4260,.T.);
#6085=ORIENTED_EDGE('',*,*,#4263,.F.);
#6086=ORIENTED_EDGE('',*,*,#4264,.F.);
#6087=ORIENTED_EDGE('',*,*,#4255,.T.);
#6088=ORIENTED_EDGE('',*,*,#4265,.F.);
#6089=ORIENTED_EDGE('',*,*,#4266,.F.);
#6090=ORIENTED_EDGE('',*,*,#4148,.T.);
#6091=ORIENTED_EDGE('',*,*,#4145,.T.);
#6092=ORIENTED_EDGE('',*,*,#4130,.F.);
#6093=ORIENTED_EDGE('',*,*,#3764,.T.);
#6094=ORIENTED_EDGE('',*,*,#4220,.F.);
#6095=ORIENTED_EDGE('',*,*,#4239,.F.);
#6096=ORIENTED_EDGE('',*,*,#3968,.T.);
#6097=ORIENTED_EDGE('',*,*,#4267,.T.);
#6098=ORIENTED_EDGE('',*,*,#3705,.F.);
#6099=ORIENTED_EDGE('',*,*,#4235,.T.);
#6100=ORIENTED_EDGE('',*,*,#4264,.T.);
#6101=ORIENTED_EDGE('',*,*,#4268,.T.);
#6102=ORIENTED_EDGE('',*,*,#3708,.F.);
#6103=ORIENTED_EDGE('',*,*,#4269,.F.);
#6104=ORIENTED_EDGE('',*,*,#4261,.T.);
#6105=ORIENTED_EDGE('',*,*,#4269,.T.);
#6106=ORIENTED_EDGE('',*,*,#3707,.F.);
#6107=ORIENTED_EDGE('',*,*,#4270,.F.);
#6108=ORIENTED_EDGE('',*,*,#4262,.T.);
#6109=ORIENTED_EDGE('',*,*,#4270,.T.);
#6110=ORIENTED_EDGE('',*,*,#3706,.F.);
#6111=ORIENTED_EDGE('',*,*,#4267,.F.);
#6112=ORIENTED_EDGE('',*,*,#3967,.F.);
#6113=ORIENTED_EDGE('',*,*,#4249,.T.);
#6114=ORIENTED_EDGE('',*,*,#4253,.T.);
#6115=ORIENTED_EDGE('',*,*,#4258,.T.);
#6116=ORIENTED_EDGE('',*,*,#4254,.T.);
#6117=ORIENTED_EDGE('',*,*,#4244,.T.);
#6118=ORIENTED_EDGE('',*,*,#4241,.F.);
#6119=ORIENTED_EDGE('',*,*,#3971,.F.);
#6120=ORIENTED_EDGE('',*,*,#4240,.T.);
#6121=ORIENTED_EDGE('',*,*,#3702,.F.);
#6122=ORIENTED_EDGE('',*,*,#4271,.F.);
#6123=ORIENTED_EDGE('',*,*,#4265,.T.);
#6124=ORIENTED_EDGE('',*,*,#4266,.T.);
#6125=ORIENTED_EDGE('',*,*,#4271,.T.);
#6126=ORIENTED_EDGE('',*,*,#3701,.F.);
#6127=ORIENTED_EDGE('',*,*,#4149,.F.);
#6128=ORIENTED_EDGE('',*,*,#3937,.T.);
#6129=ORIENTED_EDGE('',*,*,#4151,.T.);
#6130=ORIENTED_EDGE('',*,*,#3712,.F.);
#6131=ORIENTED_EDGE('',*,*,#4272,.F.);
#6132=ORIENTED_EDGE('',*,*,#3938,.F.);
#6133=ORIENTED_EDGE('',*,*,#4272,.T.);
#6134=ORIENTED_EDGE('',*,*,#3711,.F.);
#6135=ORIENTED_EDGE('',*,*,#3746,.F.);
#6136=ORIENTED_EDGE('',*,*,#3744,.T.);
#6137=ORIENTED_EDGE('',*,*,#4273,.T.);
#6138=ORIENTED_EDGE('',*,*,#3942,.T.);
#6139=ORIENTED_EDGE('',*,*,#4273,.F.);
#6140=ORIENTED_EDGE('',*,*,#3631,.T.);
#6141=ORIENTED_EDGE('',*,*,#3709,.F.);
#6142=ORIENTED_EDGE('',*,*,#4268,.F.);
#6143=ORIENTED_EDGE('',*,*,#4263,.T.);
#6144=ORIENTED_EDGE('',*,*,#4259,.T.);
#6145=ORIENTED_EDGE('',*,*,#4250,.T.);
#6146=ORIENTED_EDGE('',*,*,#4245,.F.);
#6147=ORIENTED_EDGE('',*,*,#3964,.F.);
#6148=ORIENTED_EDGE('',*,*,#4274,.F.);
#6149=ORIENTED_EDGE('',*,*,#4275,.T.);
#6150=ORIENTED_EDGE('',*,*,#4276,.F.);
#6151=ORIENTED_EDGE('',*,*,#4277,.F.);
#6152=ORIENTED_EDGE('',*,*,#4278,.F.);
#6153=ORIENTED_EDGE('',*,*,#4277,.T.);
#6154=ORIENTED_EDGE('',*,*,#4279,.F.);
#6155=ORIENTED_EDGE('',*,*,#4280,.F.);
#6156=ORIENTED_EDGE('',*,*,#4281,.F.);
#6157=ORIENTED_EDGE('',*,*,#4280,.T.);
#6158=ORIENTED_EDGE('',*,*,#4282,.F.);
#6159=ORIENTED_EDGE('',*,*,#4283,.F.);
#6160=ORIENTED_EDGE('',*,*,#4284,.F.);
#6161=ORIENTED_EDGE('',*,*,#4283,.T.);
#6162=ORIENTED_EDGE('',*,*,#4285,.F.);
#6163=ORIENTED_EDGE('',*,*,#4286,.F.);
#6164=ORIENTED_EDGE('',*,*,#4287,.F.);
#6165=ORIENTED_EDGE('',*,*,#4286,.T.);
#6166=ORIENTED_EDGE('',*,*,#4288,.F.);
#6167=ORIENTED_EDGE('',*,*,#4289,.F.);
#6168=ORIENTED_EDGE('',*,*,#4290,.F.);
#6169=ORIENTED_EDGE('',*,*,#4289,.T.);
#6170=ORIENTED_EDGE('',*,*,#4291,.F.);
#6171=ORIENTED_EDGE('',*,*,#4275,.F.);
#6172=ORIENTED_EDGE('',*,*,#4291,.T.);
#6173=ORIENTED_EDGE('',*,*,#4288,.T.);
#6174=ORIENTED_EDGE('',*,*,#4285,.T.);
#6175=ORIENTED_EDGE('',*,*,#4282,.T.);
#6176=ORIENTED_EDGE('',*,*,#4279,.T.);
#6177=ORIENTED_EDGE('',*,*,#4276,.T.);
#6178=ORIENTED_EDGE('',*,*,#4292,.F.);
#6179=ORIENTED_EDGE('',*,*,#4293,.T.);
#6180=ORIENTED_EDGE('',*,*,#4294,.F.);
#6181=ORIENTED_EDGE('',*,*,#4295,.F.);
#6182=ORIENTED_EDGE('',*,*,#4296,.F.);
#6183=ORIENTED_EDGE('',*,*,#4295,.T.);
#6184=ORIENTED_EDGE('',*,*,#4297,.F.);
#6185=ORIENTED_EDGE('',*,*,#4298,.F.);
#6186=ORIENTED_EDGE('',*,*,#4299,.F.);
#6187=ORIENTED_EDGE('',*,*,#4298,.T.);
#6188=ORIENTED_EDGE('',*,*,#4300,.F.);
#6189=ORIENTED_EDGE('',*,*,#4301,.F.);
#6190=ORIENTED_EDGE('',*,*,#4302,.F.);
#6191=ORIENTED_EDGE('',*,*,#4301,.T.);
#6192=ORIENTED_EDGE('',*,*,#4303,.F.);
#6193=ORIENTED_EDGE('',*,*,#4304,.F.);
#6194=ORIENTED_EDGE('',*,*,#4305,.F.);
#6195=ORIENTED_EDGE('',*,*,#4304,.T.);
#6196=ORIENTED_EDGE('',*,*,#4306,.F.);
#6197=ORIENTED_EDGE('',*,*,#4307,.F.);
#6198=ORIENTED_EDGE('',*,*,#4308,.F.);
#6199=ORIENTED_EDGE('',*,*,#4307,.T.);
#6200=ORIENTED_EDGE('',*,*,#4309,.F.);
#6201=ORIENTED_EDGE('',*,*,#4293,.F.);
#6202=ORIENTED_EDGE('',*,*,#4309,.T.);
#6203=ORIENTED_EDGE('',*,*,#4306,.T.);
#6204=ORIENTED_EDGE('',*,*,#4303,.T.);
#6205=ORIENTED_EDGE('',*,*,#4300,.T.);
#6206=ORIENTED_EDGE('',*,*,#4297,.T.);
#6207=ORIENTED_EDGE('',*,*,#4294,.T.);
#6208=ORIENTED_EDGE('',*,*,#4310,.F.);
#6209=ORIENTED_EDGE('',*,*,#4311,.T.);
#6210=ORIENTED_EDGE('',*,*,#4312,.F.);
#6211=ORIENTED_EDGE('',*,*,#4313,.F.);
#6212=ORIENTED_EDGE('',*,*,#4314,.F.);
#6213=ORIENTED_EDGE('',*,*,#4313,.T.);
#6214=ORIENTED_EDGE('',*,*,#4315,.F.);
#6215=ORIENTED_EDGE('',*,*,#4316,.F.);
#6216=ORIENTED_EDGE('',*,*,#4317,.F.);
#6217=ORIENTED_EDGE('',*,*,#4316,.T.);
#6218=ORIENTED_EDGE('',*,*,#4318,.F.);
#6219=ORIENTED_EDGE('',*,*,#4319,.F.);
#6220=ORIENTED_EDGE('',*,*,#4320,.F.);
#6221=ORIENTED_EDGE('',*,*,#4319,.T.);
#6222=ORIENTED_EDGE('',*,*,#4321,.F.);
#6223=ORIENTED_EDGE('',*,*,#4322,.F.);
#6224=ORIENTED_EDGE('',*,*,#4323,.F.);
#6225=ORIENTED_EDGE('',*,*,#4322,.T.);
#6226=ORIENTED_EDGE('',*,*,#4324,.F.);
#6227=ORIENTED_EDGE('',*,*,#4325,.F.);
#6228=ORIENTED_EDGE('',*,*,#4326,.F.);
#6229=ORIENTED_EDGE('',*,*,#4325,.T.);
#6230=ORIENTED_EDGE('',*,*,#4327,.F.);
#6231=ORIENTED_EDGE('',*,*,#4311,.F.);
#6232=ORIENTED_EDGE('',*,*,#4327,.T.);
#6233=ORIENTED_EDGE('',*,*,#4324,.T.);
#6234=ORIENTED_EDGE('',*,*,#4321,.T.);
#6235=ORIENTED_EDGE('',*,*,#4318,.T.);
#6236=ORIENTED_EDGE('',*,*,#4315,.T.);
#6237=ORIENTED_EDGE('',*,*,#4312,.T.);
#6238=ORIENTED_EDGE('',*,*,#4328,.F.);
#6239=ORIENTED_EDGE('',*,*,#4329,.T.);
#6240=ORIENTED_EDGE('',*,*,#4330,.F.);
#6241=ORIENTED_EDGE('',*,*,#4331,.F.);
#6242=ORIENTED_EDGE('',*,*,#4332,.F.);
#6243=ORIENTED_EDGE('',*,*,#4331,.T.);
#6244=ORIENTED_EDGE('',*,*,#4333,.F.);
#6245=ORIENTED_EDGE('',*,*,#4334,.F.);
#6246=ORIENTED_EDGE('',*,*,#4335,.F.);
#6247=ORIENTED_EDGE('',*,*,#4334,.T.);
#6248=ORIENTED_EDGE('',*,*,#4336,.F.);
#6249=ORIENTED_EDGE('',*,*,#4337,.F.);
#6250=ORIENTED_EDGE('',*,*,#4338,.F.);
#6251=ORIENTED_EDGE('',*,*,#4337,.T.);
#6252=ORIENTED_EDGE('',*,*,#4339,.F.);
#6253=ORIENTED_EDGE('',*,*,#4340,.F.);
#6254=ORIENTED_EDGE('',*,*,#4341,.F.);
#6255=ORIENTED_EDGE('',*,*,#4340,.T.);
#6256=ORIENTED_EDGE('',*,*,#4342,.F.);
#6257=ORIENTED_EDGE('',*,*,#4343,.F.);
#6258=ORIENTED_EDGE('',*,*,#4344,.F.);
#6259=ORIENTED_EDGE('',*,*,#4343,.T.);
#6260=ORIENTED_EDGE('',*,*,#4345,.F.);
#6261=ORIENTED_EDGE('',*,*,#4329,.F.);
#6262=ORIENTED_EDGE('',*,*,#4345,.T.);
#6263=ORIENTED_EDGE('',*,*,#4342,.T.);
#6264=ORIENTED_EDGE('',*,*,#4339,.T.);
#6265=ORIENTED_EDGE('',*,*,#4336,.T.);
#6266=ORIENTED_EDGE('',*,*,#4333,.T.);
#6267=ORIENTED_EDGE('',*,*,#4330,.T.);
#6268=ORIENTED_EDGE('',*,*,#4346,.T.);
#6269=ORIENTED_EDGE('',*,*,#4347,.T.);
#6270=ORIENTED_EDGE('',*,*,#4348,.F.);
#6271=ORIENTED_EDGE('',*,*,#4349,.F.);
#6272=ORIENTED_EDGE('',*,*,#4350,.T.);
#6273=ORIENTED_EDGE('',*,*,#4349,.T.);
#6274=ORIENTED_EDGE('',*,*,#4351,.F.);
#6275=ORIENTED_EDGE('',*,*,#4352,.F.);
#6276=ORIENTED_EDGE('',*,*,#4353,.T.);
#6277=ORIENTED_EDGE('',*,*,#4352,.T.);
#6278=ORIENTED_EDGE('',*,*,#4354,.F.);
#6279=ORIENTED_EDGE('',*,*,#4355,.F.);
#6280=ORIENTED_EDGE('',*,*,#4356,.T.);
#6281=ORIENTED_EDGE('',*,*,#4355,.T.);
#6282=ORIENTED_EDGE('',*,*,#4357,.F.);
#6283=ORIENTED_EDGE('',*,*,#4358,.F.);
#6284=ORIENTED_EDGE('',*,*,#4359,.T.);
#6285=ORIENTED_EDGE('',*,*,#4358,.T.);
#6286=ORIENTED_EDGE('',*,*,#4360,.F.);
#6287=ORIENTED_EDGE('',*,*,#4361,.F.);
#6288=ORIENTED_EDGE('',*,*,#4362,.T.);
#6289=ORIENTED_EDGE('',*,*,#4361,.T.);
#6290=ORIENTED_EDGE('',*,*,#4363,.F.);
#6291=ORIENTED_EDGE('',*,*,#4347,.F.);
#6292=ORIENTED_EDGE('',*,*,#4364,.T.);
#6293=ORIENTED_EDGE('',*,*,#4365,.T.);
#6294=ORIENTED_EDGE('',*,*,#4366,.F.);
#6295=ORIENTED_EDGE('',*,*,#4367,.F.);
#6296=ORIENTED_EDGE('',*,*,#4368,.T.);
#6297=ORIENTED_EDGE('',*,*,#4367,.T.);
#6298=ORIENTED_EDGE('',*,*,#4369,.F.);
#6299=ORIENTED_EDGE('',*,*,#4370,.F.);
#6300=ORIENTED_EDGE('',*,*,#4371,.T.);
#6301=ORIENTED_EDGE('',*,*,#4370,.T.);
#6302=ORIENTED_EDGE('',*,*,#4372,.F.);
#6303=ORIENTED_EDGE('',*,*,#4373,.F.);
#6304=ORIENTED_EDGE('',*,*,#4374,.T.);
#6305=ORIENTED_EDGE('',*,*,#4373,.T.);
#6306=ORIENTED_EDGE('',*,*,#4375,.F.);
#6307=ORIENTED_EDGE('',*,*,#4376,.F.);
#6308=ORIENTED_EDGE('',*,*,#4377,.T.);
#6309=ORIENTED_EDGE('',*,*,#4376,.T.);
#6310=ORIENTED_EDGE('',*,*,#4378,.F.);
#6311=ORIENTED_EDGE('',*,*,#4379,.F.);
#6312=ORIENTED_EDGE('',*,*,#4380,.T.);
#6313=ORIENTED_EDGE('',*,*,#4379,.T.);
#6314=ORIENTED_EDGE('',*,*,#4381,.F.);
#6315=ORIENTED_EDGE('',*,*,#4365,.F.);
#6316=ORIENTED_EDGE('',*,*,#4382,.F.);
#6317=ORIENTED_EDGE('',*,*,#4383,.T.);
#6318=ORIENTED_EDGE('',*,*,#4384,.F.);
#6319=ORIENTED_EDGE('',*,*,#4385,.F.);
#6320=ORIENTED_EDGE('',*,*,#4386,.F.);
#6321=ORIENTED_EDGE('',*,*,#4385,.T.);
#6322=ORIENTED_EDGE('',*,*,#4387,.F.);
#6323=ORIENTED_EDGE('',*,*,#4388,.F.);
#6324=ORIENTED_EDGE('',*,*,#4389,.F.);
#6325=ORIENTED_EDGE('',*,*,#4388,.T.);
#6326=ORIENTED_EDGE('',*,*,#4390,.F.);
#6327=ORIENTED_EDGE('',*,*,#4391,.F.);
#6328=ORIENTED_EDGE('',*,*,#4392,.F.);
#6329=ORIENTED_EDGE('',*,*,#4391,.T.);
#6330=ORIENTED_EDGE('',*,*,#4393,.F.);
#6331=ORIENTED_EDGE('',*,*,#4394,.F.);
#6332=ORIENTED_EDGE('',*,*,#4395,.T.);
#6333=ORIENTED_EDGE('',*,*,#4394,.T.);
#6334=ORIENTED_EDGE('',*,*,#4396,.F.);
#6335=ORIENTED_EDGE('',*,*,#4397,.F.);
#6336=ORIENTED_EDGE('',*,*,#4398,.T.);
#6337=ORIENTED_EDGE('',*,*,#4397,.T.);
#6338=ORIENTED_EDGE('',*,*,#4399,.F.);
#6339=ORIENTED_EDGE('',*,*,#4400,.F.);
#6340=ORIENTED_EDGE('',*,*,#4401,.T.);
#6341=ORIENTED_EDGE('',*,*,#4400,.T.);
#6342=ORIENTED_EDGE('',*,*,#4402,.F.);
#6343=ORIENTED_EDGE('',*,*,#4403,.F.);
#6344=ORIENTED_EDGE('',*,*,#4404,.F.);
#6345=ORIENTED_EDGE('',*,*,#4403,.T.);
#6346=ORIENTED_EDGE('',*,*,#4405,.F.);
#6347=ORIENTED_EDGE('',*,*,#4383,.F.);
#6348=ORIENTED_EDGE('',*,*,#4405,.T.);
#6349=ORIENTED_EDGE('',*,*,#4402,.T.);
#6350=ORIENTED_EDGE('',*,*,#4399,.T.);
#6351=ORIENTED_EDGE('',*,*,#4396,.T.);
#6352=ORIENTED_EDGE('',*,*,#4393,.T.);
#6353=ORIENTED_EDGE('',*,*,#4390,.T.);
#6354=ORIENTED_EDGE('',*,*,#4387,.T.);
#6355=ORIENTED_EDGE('',*,*,#4384,.T.);
#6356=ORIENTED_EDGE('',*,*,#4381,.T.);
#6357=ORIENTED_EDGE('',*,*,#4378,.T.);
#6358=ORIENTED_EDGE('',*,*,#4375,.T.);
#6359=ORIENTED_EDGE('',*,*,#4372,.T.);
#6360=ORIENTED_EDGE('',*,*,#4369,.T.);
#6361=ORIENTED_EDGE('',*,*,#4366,.T.);
#6362=ORIENTED_EDGE('',*,*,#4363,.T.);
#6363=ORIENTED_EDGE('',*,*,#4360,.T.);
#6364=ORIENTED_EDGE('',*,*,#4357,.T.);
#6365=ORIENTED_EDGE('',*,*,#4354,.T.);
#6366=ORIENTED_EDGE('',*,*,#4351,.T.);
#6367=ORIENTED_EDGE('',*,*,#4348,.T.);
#6368=ORIENTED_EDGE('',*,*,#4404,.T.);
#6369=ORIENTED_EDGE('',*,*,#4382,.T.);
#6370=ORIENTED_EDGE('',*,*,#4386,.T.);
#6371=ORIENTED_EDGE('',*,*,#4389,.T.);
#6372=ORIENTED_EDGE('',*,*,#4392,.T.);
#6373=ORIENTED_EDGE('',*,*,#4395,.F.);
#6374=ORIENTED_EDGE('',*,*,#4398,.F.);
#6375=ORIENTED_EDGE('',*,*,#4401,.F.);
#6376=ORIENTED_EDGE('',*,*,#4274,.T.);
#6377=ORIENTED_EDGE('',*,*,#4278,.T.);
#6378=ORIENTED_EDGE('',*,*,#4281,.T.);
#6379=ORIENTED_EDGE('',*,*,#4284,.T.);
#6380=ORIENTED_EDGE('',*,*,#4287,.T.);
#6381=ORIENTED_EDGE('',*,*,#4290,.T.);
#6382=ORIENTED_EDGE('',*,*,#4292,.T.);
#6383=ORIENTED_EDGE('',*,*,#4296,.T.);
#6384=ORIENTED_EDGE('',*,*,#4299,.T.);
#6385=ORIENTED_EDGE('',*,*,#4302,.T.);
#6386=ORIENTED_EDGE('',*,*,#4305,.T.);
#6387=ORIENTED_EDGE('',*,*,#4308,.T.);
#6388=ORIENTED_EDGE('',*,*,#4310,.T.);
#6389=ORIENTED_EDGE('',*,*,#4314,.T.);
#6390=ORIENTED_EDGE('',*,*,#4317,.T.);
#6391=ORIENTED_EDGE('',*,*,#4320,.T.);
#6392=ORIENTED_EDGE('',*,*,#4323,.T.);
#6393=ORIENTED_EDGE('',*,*,#4326,.T.);
#6394=ORIENTED_EDGE('',*,*,#4328,.T.);
#6395=ORIENTED_EDGE('',*,*,#4332,.T.);
#6396=ORIENTED_EDGE('',*,*,#4335,.T.);
#6397=ORIENTED_EDGE('',*,*,#4338,.T.);
#6398=ORIENTED_EDGE('',*,*,#4341,.T.);
#6399=ORIENTED_EDGE('',*,*,#4344,.T.);
#6400=ORIENTED_EDGE('',*,*,#4380,.F.);
#6401=ORIENTED_EDGE('',*,*,#4364,.F.);
#6402=ORIENTED_EDGE('',*,*,#4368,.F.);
#6403=ORIENTED_EDGE('',*,*,#4371,.F.);
#6404=ORIENTED_EDGE('',*,*,#4374,.F.);
#6405=ORIENTED_EDGE('',*,*,#4377,.F.);
#6406=ORIENTED_EDGE('',*,*,#4362,.F.);
#6407=ORIENTED_EDGE('',*,*,#4346,.F.);
#6408=ORIENTED_EDGE('',*,*,#4350,.F.);
#6409=ORIENTED_EDGE('',*,*,#4353,.F.);
#6410=ORIENTED_EDGE('',*,*,#4356,.F.);
#6411=ORIENTED_EDGE('',*,*,#4359,.F.);
#6412=ORIENTED_EDGE('',*,*,#4406,.F.);
#6413=ORIENTED_EDGE('',*,*,#4407,.T.);
#6414=ORIENTED_EDGE('',*,*,#4408,.F.);
#6415=ORIENTED_EDGE('',*,*,#4409,.F.);
#6416=ORIENTED_EDGE('',*,*,#4410,.F.);
#6417=ORIENTED_EDGE('',*,*,#4409,.T.);
#6418=ORIENTED_EDGE('',*,*,#4411,.F.);
#6419=ORIENTED_EDGE('',*,*,#4412,.F.);
#6420=ORIENTED_EDGE('',*,*,#4413,.F.);
#6421=ORIENTED_EDGE('',*,*,#4412,.T.);
#6422=ORIENTED_EDGE('',*,*,#4414,.F.);
#6423=ORIENTED_EDGE('',*,*,#4415,.F.);
#6424=ORIENTED_EDGE('',*,*,#4416,.T.);
#6425=ORIENTED_EDGE('',*,*,#4417,.T.);
#6426=ORIENTED_EDGE('',*,*,#4418,.F.);
#6427=ORIENTED_EDGE('',*,*,#4419,.F.);
#6428=ORIENTED_EDGE('',*,*,#4420,.F.);
#6429=ORIENTED_EDGE('',*,*,#4419,.T.);
#6430=ORIENTED_EDGE('',*,*,#4421,.F.);
#6431=ORIENTED_EDGE('',*,*,#4422,.F.);
#6432=ORIENTED_EDGE('',*,*,#4423,.F.);
#6433=ORIENTED_EDGE('',*,*,#4422,.T.);
#6434=ORIENTED_EDGE('',*,*,#4424,.F.);
#6435=ORIENTED_EDGE('',*,*,#4425,.F.);
#6436=ORIENTED_EDGE('',*,*,#4426,.T.);
#6437=ORIENTED_EDGE('',*,*,#4427,.T.);
#6438=ORIENTED_EDGE('',*,*,#4428,.F.);
#6439=ORIENTED_EDGE('',*,*,#4429,.F.);
#6440=ORIENTED_EDGE('',*,*,#4430,.F.);
#6441=ORIENTED_EDGE('',*,*,#4429,.T.);
#6442=ORIENTED_EDGE('',*,*,#4431,.F.);
#6443=ORIENTED_EDGE('',*,*,#4432,.F.);
#6444=ORIENTED_EDGE('',*,*,#4433,.T.);
#6445=ORIENTED_EDGE('',*,*,#4432,.T.);
#6446=ORIENTED_EDGE('',*,*,#4434,.F.);
#6447=ORIENTED_EDGE('',*,*,#4435,.F.);
#6448=ORIENTED_EDGE('',*,*,#4436,.F.);
#6449=ORIENTED_EDGE('',*,*,#4435,.T.);
#6450=ORIENTED_EDGE('',*,*,#4437,.F.);
#6451=ORIENTED_EDGE('',*,*,#4407,.F.);
#6452=ORIENTED_EDGE('',*,*,#4427,.F.);
#6453=ORIENTED_EDGE('',*,*,#4438,.T.);
#6454=ORIENTED_EDGE('',*,*,#4425,.T.);
#6455=ORIENTED_EDGE('',*,*,#4439,.F.);
#6456=ORIENTED_EDGE('',*,*,#4440,.T.);
#6457=ORIENTED_EDGE('',*,*,#4441,.T.);
#6458=ORIENTED_EDGE('',*,*,#4442,.T.);
#6459=ORIENTED_EDGE('',*,*,#4441,.F.);
#6460=ORIENTED_EDGE('',*,*,#4442,.F.);
#6461=ORIENTED_EDGE('',*,*,#4443,.T.);
#6462=ORIENTED_EDGE('',*,*,#4444,.T.);
#6463=ORIENTED_EDGE('',*,*,#4443,.F.);
#6464=ORIENTED_EDGE('',*,*,#4445,.T.);
#6465=ORIENTED_EDGE('',*,*,#4446,.T.);
#6466=ORIENTED_EDGE('',*,*,#4447,.T.);
#6467=ORIENTED_EDGE('',*,*,#4446,.F.);
#6468=ORIENTED_EDGE('',*,*,#4447,.F.);
#6469=ORIENTED_EDGE('',*,*,#4448,.T.);
#6470=ORIENTED_EDGE('',*,*,#4449,.T.);
#6471=ORIENTED_EDGE('',*,*,#4448,.F.);
#6472=ORIENTED_EDGE('',*,*,#4450,.T.);
#6473=ORIENTED_EDGE('',*,*,#4414,.T.);
#6474=ORIENTED_EDGE('',*,*,#4411,.T.);
#6475=ORIENTED_EDGE('',*,*,#4408,.T.);
#6476=ORIENTED_EDGE('',*,*,#4437,.T.);
#6477=ORIENTED_EDGE('',*,*,#4434,.T.);
#6478=ORIENTED_EDGE('',*,*,#4431,.T.);
#6479=ORIENTED_EDGE('',*,*,#4428,.T.);
#6480=ORIENTED_EDGE('',*,*,#4439,.T.);
#6481=ORIENTED_EDGE('',*,*,#4424,.T.);
#6482=ORIENTED_EDGE('',*,*,#4421,.T.);
#6483=ORIENTED_EDGE('',*,*,#4418,.T.);
#6484=ORIENTED_EDGE('',*,*,#4440,.F.);
#6485=ORIENTED_EDGE('',*,*,#4445,.F.);
#6486=ORIENTED_EDGE('',*,*,#4415,.T.);
#6487=ORIENTED_EDGE('',*,*,#4450,.F.);
#6488=ORIENTED_EDGE('',*,*,#4417,.F.);
#6489=ORIENTED_EDGE('',*,*,#4451,.T.);
#6490=ORIENTED_EDGE('',*,*,#4451,.F.);
#6491=ORIENTED_EDGE('',*,*,#4416,.F.);
#6492=ORIENTED_EDGE('',*,*,#4420,.T.);
#6493=ORIENTED_EDGE('',*,*,#4423,.T.);
#6494=ORIENTED_EDGE('',*,*,#4438,.F.);
#6495=ORIENTED_EDGE('',*,*,#4426,.F.);
#6496=ORIENTED_EDGE('',*,*,#4430,.T.);
#6497=ORIENTED_EDGE('',*,*,#4433,.F.);
#6498=ORIENTED_EDGE('',*,*,#4436,.T.);
#6499=ORIENTED_EDGE('',*,*,#4406,.T.);
#6500=ORIENTED_EDGE('',*,*,#4410,.T.);
#6501=ORIENTED_EDGE('',*,*,#4413,.T.);
#6502=ORIENTED_EDGE('',*,*,#4444,.F.);
#6503=ORIENTED_EDGE('',*,*,#4449,.F.);
#6504=CYLINDRICAL_SURFACE('',#6973,2.);
#6505=CYLINDRICAL_SURFACE('',#6980,2.);
#6506=CYLINDRICAL_SURFACE('',#6986,2.);
#6507=CYLINDRICAL_SURFACE('',#6991,2.);
#6508=CYLINDRICAL_SURFACE('',#7070,1.5);
#6509=CYLINDRICAL_SURFACE('',#7072,2.5);
#6510=CYLINDRICAL_SURFACE('',#7077,1.5);
#6511=CYLINDRICAL_SURFACE('',#7079,2.5);
#6512=CYLINDRICAL_SURFACE('',#7082,1.);
#6513=CYLINDRICAL_SURFACE('',#7083,1.);
#6514=CYLINDRICAL_SURFACE('',#7084,1.6);
#6515=CYLINDRICAL_SURFACE('',#7085,1.1);
#6516=CYLINDRICAL_SURFACE('',#7087,1.1);
#6517=CYLINDRICAL_SURFACE('',#7089,1.1);
#6518=CYLINDRICAL_SURFACE('',#7091,1.1);
#6519=CYLINDRICAL_SURFACE('',#7092,1.6);
#6520=CYLINDRICAL_SURFACE('',#7119,1.05);
#6521=CYLINDRICAL_SURFACE('',#7122,2.);
#6522=CYLINDRICAL_SURFACE('',#7125,1.05);
#6523=CYLINDRICAL_SURFACE('',#7128,2.);
#6524=CYLINDRICAL_SURFACE('',#7132,1.05);
#6525=CYLINDRICAL_SURFACE('',#7135,2.);
#6526=CYLINDRICAL_SURFACE('',#7139,1.05);
#6527=CYLINDRICAL_SURFACE('',#7142,2.);
#6528=CYLINDRICAL_SURFACE('',#7147,1.);
#6529=CYLINDRICAL_SURFACE('',#7149,1.);
#6530=CYLINDRICAL_SURFACE('',#7151,1.);
#6531=CYLINDRICAL_SURFACE('',#7153,1.);
#6532=CYLINDRICAL_SURFACE('',#7154,1.);
#6533=CYLINDRICAL_SURFACE('',#7156,1.);
#6534=CYLINDRICAL_SURFACE('',#7158,1.);
#6535=CYLINDRICAL_SURFACE('',#7160,1.);
#6536=CYLINDRICAL_SURFACE('',#7162,1.);
#6537=CYLINDRICAL_SURFACE('',#7164,1.);
#6538=CYLINDRICAL_SURFACE('',#7166,1.);
#6539=CYLINDRICAL_SURFACE('',#7168,1.);
#6540=CYLINDRICAL_SURFACE('',#7170,1.);
#6541=CYLINDRICAL_SURFACE('',#7172,1.);
#6542=CYLINDRICAL_SURFACE('',#7174,1.);
#6543=CYLINDRICAL_SURFACE('',#7176,1.);
#6544=CYLINDRICAL_SURFACE('',#7178,0.4);
#6545=CYLINDRICAL_SURFACE('',#7182,0.4);
#6546=CYLINDRICAL_SURFACE('',#7186,0.4);
#6547=CYLINDRICAL_SURFACE('',#7189,0.400000000000003);
#6548=CYLINDRICAL_SURFACE('',#7193,0.4);
#6549=CYLINDRICAL_SURFACE('',#7197,0.4);
#6550=CYLINDRICAL_SURFACE('',#7201,0.4);
#6551=CYLINDRICAL_SURFACE('',#7205,0.400000000000005);
#6552=CYLINDRICAL_SURFACE('',#7209,0.4);
#6553=CYLINDRICAL_SURFACE('',#7213,0.400000000000005);
#6554=CYLINDRICAL_SURFACE('',#7217,0.400000000000011);
#6555=CYLINDRICAL_SURFACE('',#7221,0.4);
#6556=CYLINDRICAL_SURFACE('',#7225,0.4);
#6557=CYLINDRICAL_SURFACE('',#7229,0.399999999999998);
#6558=CYLINDRICAL_SURFACE('',#7232,0.400000000000003);
#6559=CYLINDRICAL_SURFACE('',#7236,0.4);
#6560=CYLINDRICAL_SURFACE('',#7259,0.4);
#6561=CYLINDRICAL_SURFACE('',#7262,0.400000000000011);
#6562=CYLINDRICAL_SURFACE('',#7265,0.400000000000005);
#6563=CYLINDRICAL_SURFACE('',#7268,0.4);
#6564=CYLINDRICAL_SURFACE('',#7296,0.4);
#6565=CYLINDRICAL_SURFACE('',#7299,0.4);
#6566=CYLINDRICAL_SURFACE('',#7302,0.4);
#6567=CYLINDRICAL_SURFACE('',#7305,0.400000000000005);
#6568=CYLINDRICAL_SURFACE('',#7308,0.4);
#6569=CYLINDRICAL_SURFACE('',#7311,0.399999999999998);
#6570=CYLINDRICAL_SURFACE('',#7313,0.400000000000003);
#6571=CYLINDRICAL_SURFACE('',#7316,0.4);
#6572=CYLINDRICAL_SURFACE('',#7319,0.400000000000003);
#6573=CYLINDRICAL_SURFACE('',#7322,0.4);
#6574=CYLINDRICAL_SURFACE('',#7325,0.4);
#6575=CYLINDRICAL_SURFACE('',#7328,0.4);
#6576=CYLINDRICAL_SURFACE('',#7334,0.7);
#6577=CYLINDRICAL_SURFACE('',#7342,0.7);
#6578=CYLINDRICAL_SURFACE('',#7343,5.8);
#6579=CYLINDRICAL_SURFACE('',#7346,4.1);
#6580=CYLINDRICAL_SURFACE('',#7358,6.8);
#6581=CYLINDRICAL_SURFACE('',#7359,6.8);
#6582=CYLINDRICAL_SURFACE('',#7362,6.8);
#6583=CYLINDRICAL_SURFACE('',#7363,1.05);
#6584=CYLINDRICAL_SURFACE('',#7364,2.05);
#6585=CYLINDRICAL_SURFACE('',#7367,0.7);
#6586=CYLINDRICAL_SURFACE('',#7375,0.7);
#6587=CYLINDRICAL_SURFACE('',#7376,5.8);
#6588=CYLINDRICAL_SURFACE('',#7379,4.1);
#6589=CYLINDRICAL_SURFACE('',#7391,6.8);
#6590=CYLINDRICAL_SURFACE('',#7392,6.8);
#6591=CYLINDRICAL_SURFACE('',#7395,6.8);
#6592=CYLINDRICAL_SURFACE('',#7396,1.05);
#6593=CYLINDRICAL_SURFACE('',#7397,2.05);
#6594=CYLINDRICAL_SURFACE('',#7400,0.7);
#6595=CYLINDRICAL_SURFACE('',#7408,0.7);
#6596=CYLINDRICAL_SURFACE('',#7409,5.8);
#6597=CYLINDRICAL_SURFACE('',#7412,4.1);
#6598=CYLINDRICAL_SURFACE('',#7429,6.8);
#6599=CYLINDRICAL_SURFACE('',#7430,6.8);
#6600=CYLINDRICAL_SURFACE('',#7431,6.8);
#6601=CYLINDRICAL_SURFACE('',#7432,1.05);
#6602=CYLINDRICAL_SURFACE('',#7433,2.05);
#6603=CYLINDRICAL_SURFACE('',#7436,0.7);
#6604=CYLINDRICAL_SURFACE('',#7444,0.7);
#6605=CYLINDRICAL_SURFACE('',#7445,5.8);
#6606=CYLINDRICAL_SURFACE('',#7448,4.1);
#6607=CYLINDRICAL_SURFACE('',#7465,6.8);
#6608=CYLINDRICAL_SURFACE('',#7466,6.8);
#6609=CYLINDRICAL_SURFACE('',#7467,6.8);
#6610=CYLINDRICAL_SURFACE('',#7468,1.05);
#6611=CYLINDRICAL_SURFACE('',#7469,2.05);
#6612=CYLINDRICAL_SURFACE('',#7530,2.);
#6613=CYLINDRICAL_SURFACE('',#7536,1.25);
#6614=CYLINDRICAL_SURFACE('',#7541,1.25);
#6615=CYLINDRICAL_SURFACE('',#7545,2.);
#6616=ADVANCED_FACE('',(#431),#6504,.F.);
#6617=ADVANCED_FACE('',(#432),#232,.F.);
#6618=ADVANCED_FACE('',(#433),#233,.F.);
#6619=ADVANCED_FACE('',(#434),#234,.F.);
#6620=ADVANCED_FACE('',(#435),#6505,.F.);
#6621=ADVANCED_FACE('',(#436),#235,.F.);
#6622=ADVANCED_FACE('',(#437),#236,.F.);
#6623=ADVANCED_FACE('',(#438),#6506,.F.);
#6624=ADVANCED_FACE('',(#439),#237,.F.);
#6625=ADVANCED_FACE('',(#440),#6507,.F.);
#6626=ADVANCED_FACE('',(#441),#238,.F.);
#6627=ADVANCED_FACE('',(#442),#239,.F.);
#6628=ADVANCED_FACE('',(#443,#187),#240,.F.);
#6629=ADVANCED_FACE('',(#444,#188),#241,.F.);
#6630=ADVANCED_FACE('',(#445),#242,.F.);
#6631=ADVANCED_FACE('',(#446),#243,.F.);
#6632=ADVANCED_FACE('',(#447,#189,#190,#191,#192,#193,#194,#195),#244,.F.);
#6633=ADVANCED_FACE('',(#448,#196),#245,.T.);
#6634=ADVANCED_FACE('',(#449,#197,#198,#199,#200,#201),#246,.F.);
#6635=ADVANCED_FACE('',(#450,#202),#247,.T.);
#6636=ADVANCED_FACE('',(#451),#248,.F.);
#6637=ADVANCED_FACE('',(#452),#249,.F.);
#6638=ADVANCED_FACE('',(#453),#250,.F.);
#6639=ADVANCED_FACE('',(#454),#251,.F.);
#6640=ADVANCED_FACE('',(#455),#252,.F.);
#6641=ADVANCED_FACE('',(#456),#253,.F.);
#6642=ADVANCED_FACE('',(#457),#254,.F.);
#6643=ADVANCED_FACE('',(#458),#255,.F.);
#6644=ADVANCED_FACE('',(#459),#256,.T.);
#6645=ADVANCED_FACE('',(#460),#257,.F.);
#6646=ADVANCED_FACE('',(#461),#6508,.F.);
#6647=ADVANCED_FACE('',(#462),#6509,.T.);
#6648=ADVANCED_FACE('',(#463,#203),#258,.T.);
#6649=ADVANCED_FACE('',(#464),#259,.F.);
#6650=ADVANCED_FACE('',(#465),#6510,.F.);
#6651=ADVANCED_FACE('',(#466),#6511,.T.);
#6652=ADVANCED_FACE('',(#467,#204),#260,.T.);
#6653=ADVANCED_FACE('',(#468),#6512,.T.);
#6654=ADVANCED_FACE('',(#469),#6513,.T.);
#6655=ADVANCED_FACE('',(#470),#6514,.F.);
#6656=ADVANCED_FACE('',(#471),#6515,.F.);
#6657=ADVANCED_FACE('',(#472),#261,.F.);
#6658=ADVANCED_FACE('',(#473),#6516,.F.);
#6659=ADVANCED_FACE('',(#474),#262,.F.);
#6660=ADVANCED_FACE('',(#475),#6517,.F.);
#6661=ADVANCED_FACE('',(#476),#263,.F.);
#6662=ADVANCED_FACE('',(#477),#6518,.F.);
#6663=ADVANCED_FACE('',(#478),#6519,.F.);
#6664=ADVANCED_FACE('',(#479),#264,.F.);
#6665=ADVANCED_FACE('',(#480),#93,.F.);
#6666=ADVANCED_FACE('',(#481,#205,#206,#207,#208),#265,.F.);
#6667=ADVANCED_FACE('',(#482),#94,.T.);
#6668=ADVANCED_FACE('',(#483),#6520,.F.);
#6669=ADVANCED_FACE('',(#484),#6521,.T.);
#6670=ADVANCED_FACE('',(#485,#209),#266,.T.);
#6671=ADVANCED_FACE('',(#486),#6522,.F.);
#6672=ADVANCED_FACE('',(#487),#6523,.T.);
#6673=ADVANCED_FACE('',(#488,#210),#267,.T.);
#6674=ADVANCED_FACE('',(#489),#268,.F.);
#6675=ADVANCED_FACE('',(#490),#6524,.F.);
#6676=ADVANCED_FACE('',(#491),#6525,.T.);
#6677=ADVANCED_FACE('',(#492,#211),#269,.T.);
#6678=ADVANCED_FACE('',(#493),#270,.F.);
#6679=ADVANCED_FACE('',(#494),#6526,.F.);
#6680=ADVANCED_FACE('',(#495),#6527,.T.);
#6681=ADVANCED_FACE('',(#496,#212),#271,.T.);
#6682=ADVANCED_FACE('',(#497),#272,.F.);
#6683=ADVANCED_FACE('',(#498),#273,.F.);
#6684=ADVANCED_FACE('',(#499),#6528,.F.);
#6685=ADVANCED_FACE('',(#500),#274,.F.);
#6686=ADVANCED_FACE('',(#501),#6529,.F.);
#6687=ADVANCED_FACE('',(#502),#275,.F.);
#6688=ADVANCED_FACE('',(#503),#6530,.F.);
#6689=ADVANCED_FACE('',(#504),#276,.F.);
#6690=ADVANCED_FACE('',(#505),#6531,.F.);
#6691=ADVANCED_FACE('',(#506),#6532,.F.);
#6692=ADVANCED_FACE('',(#507),#277,.F.);
#6693=ADVANCED_FACE('',(#508),#6533,.F.);
#6694=ADVANCED_FACE('',(#509),#278,.F.);
#6695=ADVANCED_FACE('',(#510),#6534,.F.);
#6696=ADVANCED_FACE('',(#511),#279,.F.);
#6697=ADVANCED_FACE('',(#512),#6535,.F.);
#6698=ADVANCED_FACE('',(#513),#280,.F.);
#6699=ADVANCED_FACE('',(#514),#6536,.F.);
#6700=ADVANCED_FACE('',(#515),#281,.F.);
#6701=ADVANCED_FACE('',(#516),#6537,.F.);
#6702=ADVANCED_FACE('',(#517),#282,.F.);
#6703=ADVANCED_FACE('',(#518),#6538,.F.);
#6704=ADVANCED_FACE('',(#519),#283,.F.);
#6705=ADVANCED_FACE('',(#520),#6539,.F.);
#6706=ADVANCED_FACE('',(#521),#284,.F.);
#6707=ADVANCED_FACE('',(#522),#6540,.F.);
#6708=ADVANCED_FACE('',(#523),#285,.F.);
#6709=ADVANCED_FACE('',(#524),#6541,.F.);
#6710=ADVANCED_FACE('',(#525),#286,.F.);
#6711=ADVANCED_FACE('',(#526),#6542,.F.);
#6712=ADVANCED_FACE('',(#527),#287,.F.);
#6713=ADVANCED_FACE('',(#528),#6543,.F.);
#6714=ADVANCED_FACE('',(#529),#288,.T.);
#6715=ADVANCED_FACE('',(#530),#6544,.T.);
#6716=ADVANCED_FACE('',(#531),#289,.T.);
#6717=ADVANCED_FACE('',(#532),#6545,.F.);
#6718=ADVANCED_FACE('',(#533),#290,.T.);
#6719=ADVANCED_FACE('',(#534),#6546,.F.);
#6720=ADVANCED_FACE('',(#535),#6547,.F.);
#6721=ADVANCED_FACE('',(#536),#291,.T.);
#6722=ADVANCED_FACE('',(#537),#6548,.F.);
#6723=ADVANCED_FACE('',(#538),#292,.T.);
#6724=ADVANCED_FACE('',(#539),#6549,.T.);
#6725=ADVANCED_FACE('',(#540),#293,.T.);
#6726=ADVANCED_FACE('',(#541),#6550,.T.);
#6727=ADVANCED_FACE('',(#542),#294,.T.);
#6728=ADVANCED_FACE('',(#543),#6551,.T.);
#6729=ADVANCED_FACE('',(#544),#295,.F.);
#6730=ADVANCED_FACE('',(#545),#6552,.T.);
#6731=ADVANCED_FACE('',(#546),#296,.T.);
#6732=ADVANCED_FACE('',(#547),#6553,.T.);
#6733=ADVANCED_FACE('',(#548),#297,.T.);
#6734=ADVANCED_FACE('',(#549),#6554,.T.);
#6735=ADVANCED_FACE('',(#550),#298,.T.);
#6736=ADVANCED_FACE('',(#551),#6555,.T.);
#6737=ADVANCED_FACE('',(#552),#299,.T.);
#6738=ADVANCED_FACE('',(#553),#6556,.F.);
#6739=ADVANCED_FACE('',(#554),#300,.T.);
#6740=ADVANCED_FACE('',(#555),#6557,.F.);
#6741=ADVANCED_FACE('',(#556),#6558,.F.);
#6742=ADVANCED_FACE('',(#557),#301,.T.);
#6743=ADVANCED_FACE('',(#558),#6559,.F.);
#6744=ADVANCED_FACE('',(#559),#302,.T.);
#6745=ADVANCED_FACE('',(#560),#303,.F.);
#6746=ADVANCED_FACE('',(#561),#304,.T.);
#6747=ADVANCED_FACE('',(#562),#305,.T.);
#6748=ADVANCED_FACE('',(#563),#6560,.T.);
#6749=ADVANCED_FACE('',(#564),#306,.T.);
#6750=ADVANCED_FACE('',(#565),#6561,.T.);
#6751=ADVANCED_FACE('',(#566),#307,.T.);
#6752=ADVANCED_FACE('',(#567),#6562,.T.);
#6753=ADVANCED_FACE('',(#568),#308,.T.);
#6754=ADVANCED_FACE('',(#569),#6563,.T.);
#6755=ADVANCED_FACE('',(#570),#309,.T.);
#6756=ADVANCED_FACE('',(#571,#213,#214,#215,#216,#217,#218,#219),#310,.T.);
#6757=ADVANCED_FACE('',(#572),#6564,.F.);
#6758=ADVANCED_FACE('',(#573),#311,.T.);
#6759=ADVANCED_FACE('',(#574),#6565,.F.);
#6760=ADVANCED_FACE('',(#575),#312,.T.);
#6761=ADVANCED_FACE('',(#576),#6566,.T.);
#6762=ADVANCED_FACE('',(#577),#313,.T.);
#6763=ADVANCED_FACE('',(#578),#6567,.T.);
#6764=ADVANCED_FACE('',(#579),#314,.T.);
#6765=ADVANCED_FACE('',(#580),#6568,.F.);
#6766=ADVANCED_FACE('',(#581),#315,.T.);
#6767=ADVANCED_FACE('',(#582),#6569,.F.);
#6768=ADVANCED_FACE('',(#583),#6570,.F.);
#6769=ADVANCED_FACE('',(#584),#316,.T.);
#6770=ADVANCED_FACE('',(#585),#6571,.F.);
#6771=ADVANCED_FACE('',(#586),#317,.F.);
#6772=ADVANCED_FACE('',(#587),#6572,.F.);
#6773=ADVANCED_FACE('',(#588),#318,.T.);
#6774=ADVANCED_FACE('',(#589),#6573,.F.);
#6775=ADVANCED_FACE('',(#590),#319,.T.);
#6776=ADVANCED_FACE('',(#591),#6574,.T.);
#6777=ADVANCED_FACE('',(#592),#320,.T.);
#6778=ADVANCED_FACE('',(#593),#6575,.T.);
#6779=ADVANCED_FACE('',(#594),#321,.T.);
#6780=ADVANCED_FACE('',(#595),#322,.F.);
#6781=ADVANCED_FACE('',(#596),#45,.F.);
#6782=ADVANCED_FACE('',(#597),#6576,.T.);
#6783=ADVANCED_FACE('',(#598),#323,.F.);
#6784=ADVANCED_FACE('',(#599),#324,.F.);
#6785=ADVANCED_FACE('',(#600),#46,.F.);
#6786=ADVANCED_FACE('',(#601),#6577,.T.);
#6787=ADVANCED_FACE('',(#602),#6578,.T.);
#6788=ADVANCED_FACE('',(#603),#325,.F.);
#6789=ADVANCED_FACE('',(#604),#6579,.F.);
#6790=ADVANCED_FACE('',(#605),#326,.T.);
#6791=ADVANCED_FACE('',(#606),#47,.F.);
#6792=ADVANCED_FACE('',(#607),#327,.F.);
#6793=ADVANCED_FACE('',(#608),#48,.F.);
#6794=ADVANCED_FACE('',(#609),#328,.T.);
#6795=ADVANCED_FACE('',(#610),#49,.T.);
#6796=ADVANCED_FACE('',(#611),#50,.T.);
#6797=ADVANCED_FACE('',(#612),#329,.T.);
#6798=ADVANCED_FACE('',(#613),#330,.F.);
#6799=ADVANCED_FACE('',(#614),#331,.T.);
#6800=ADVANCED_FACE('',(#615),#332,.T.);
#6801=ADVANCED_FACE('',(#616),#51,.T.);
#6802=ADVANCED_FACE('',(#617),#6580,.T.);
#6803=ADVANCED_FACE('',(#618),#6581,.T.);
#6804=ADVANCED_FACE('',(#619),#52,.T.);
#6805=ADVANCED_FACE('',(#620),#95,.T.);
#6806=ADVANCED_FACE('',(#621),#6582,.T.);
#6807=ADVANCED_FACE('',(#622),#96,.T.);
#6808=ADVANCED_FACE('',(#623),#6583,.F.);
#6809=ADVANCED_FACE('',(#624),#6584,.T.);
#6810=ADVANCED_FACE('',(#625),#53,.T.);
#6811=ADVANCED_FACE('',(#626),#6585,.T.);
#6812=ADVANCED_FACE('',(#627),#333,.T.);
#6813=ADVANCED_FACE('',(#628),#334,.T.);
#6814=ADVANCED_FACE('',(#629),#54,.T.);
#6815=ADVANCED_FACE('',(#630),#6586,.T.);
#6816=ADVANCED_FACE('',(#631),#6587,.T.);
#6817=ADVANCED_FACE('',(#632),#335,.T.);
#6818=ADVANCED_FACE('',(#633),#6588,.F.);
#6819=ADVANCED_FACE('',(#634),#336,.F.);
#6820=ADVANCED_FACE('',(#635),#55,.T.);
#6821=ADVANCED_FACE('',(#636),#337,.T.);
#6822=ADVANCED_FACE('',(#637),#56,.T.);
#6823=ADVANCED_FACE('',(#638),#338,.F.);
#6824=ADVANCED_FACE('',(#639),#57,.F.);
#6825=ADVANCED_FACE('',(#640),#58,.F.);
#6826=ADVANCED_FACE('',(#641),#339,.F.);
#6827=ADVANCED_FACE('',(#642),#340,.T.);
#6828=ADVANCED_FACE('',(#643),#341,.F.);
#6829=ADVANCED_FACE('',(#644),#342,.F.);
#6830=ADVANCED_FACE('',(#645),#59,.F.);
#6831=ADVANCED_FACE('',(#646),#6589,.T.);
#6832=ADVANCED_FACE('',(#647),#6590,.T.);
#6833=ADVANCED_FACE('',(#648),#60,.F.);
#6834=ADVANCED_FACE('',(#649),#97,.F.);
#6835=ADVANCED_FACE('',(#650),#6591,.T.);
#6836=ADVANCED_FACE('',(#651),#98,.F.);
#6837=ADVANCED_FACE('',(#652),#6592,.F.);
#6838=ADVANCED_FACE('',(#653),#6593,.T.);
#6839=ADVANCED_FACE('',(#654),#61,.T.);
#6840=ADVANCED_FACE('',(#655),#6594,.T.);
#6841=ADVANCED_FACE('',(#656),#343,.T.);
#6842=ADVANCED_FACE('',(#657),#344,.T.);
#6843=ADVANCED_FACE('',(#658),#62,.T.);
#6844=ADVANCED_FACE('',(#659),#6595,.T.);
#6845=ADVANCED_FACE('',(#660),#6596,.T.);
#6846=ADVANCED_FACE('',(#661),#345,.T.);
#6847=ADVANCED_FACE('',(#662),#6597,.F.);
#6848=ADVANCED_FACE('',(#663),#346,.F.);
#6849=ADVANCED_FACE('',(#664),#63,.T.);
#6850=ADVANCED_FACE('',(#665),#347,.F.);
#6851=ADVANCED_FACE('',(#666),#348,.T.);
#6852=ADVANCED_FACE('',(#667),#64,.T.);
#6853=ADVANCED_FACE('',(#668),#349,.F.);
#6854=ADVANCED_FACE('',(#669),#65,.F.);
#6855=ADVANCED_FACE('',(#670),#66,.F.);
#6856=ADVANCED_FACE('',(#671),#350,.F.);
#6857=ADVANCED_FACE('',(#672),#351,.T.);
#6858=ADVANCED_FACE('',(#673),#352,.T.);
#6859=ADVANCED_FACE('',(#674),#353,.T.);
#6860=ADVANCED_FACE('',(#675),#354,.F.);
#6861=ADVANCED_FACE('',(#676),#355,.F.);
#6862=ADVANCED_FACE('',(#677),#67,.F.);
#6863=ADVANCED_FACE('',(#678),#6598,.T.);
#6864=ADVANCED_FACE('',(#679),#6599,.T.);
#6865=ADVANCED_FACE('',(#680),#68,.F.);
#6866=ADVANCED_FACE('',(#681),#99,.F.);
#6867=ADVANCED_FACE('',(#682),#6600,.T.);
#6868=ADVANCED_FACE('',(#683),#6601,.F.);
#6869=ADVANCED_FACE('',(#684),#6602,.T.);
#6870=ADVANCED_FACE('',(#685),#69,.F.);
#6871=ADVANCED_FACE('',(#686),#6603,.T.);
#6872=ADVANCED_FACE('',(#687),#356,.F.);
#6873=ADVANCED_FACE('',(#688),#357,.F.);
#6874=ADVANCED_FACE('',(#689),#70,.F.);
#6875=ADVANCED_FACE('',(#690),#6604,.T.);
#6876=ADVANCED_FACE('',(#691),#6605,.T.);
#6877=ADVANCED_FACE('',(#692),#358,.F.);
#6878=ADVANCED_FACE('',(#693),#6606,.F.);
#6879=ADVANCED_FACE('',(#694),#359,.T.);
#6880=ADVANCED_FACE('',(#695),#71,.F.);
#6881=ADVANCED_FACE('',(#696),#360,.T.);
#6882=ADVANCED_FACE('',(#697),#361,.F.);
#6883=ADVANCED_FACE('',(#698),#72,.F.);
#6884=ADVANCED_FACE('',(#699),#362,.T.);
#6885=ADVANCED_FACE('',(#700),#73,.T.);
#6886=ADVANCED_FACE('',(#701),#74,.T.);
#6887=ADVANCED_FACE('',(#702),#363,.T.);
#6888=ADVANCED_FACE('',(#703),#364,.F.);
#6889=ADVANCED_FACE('',(#704),#365,.F.);
#6890=ADVANCED_FACE('',(#705),#366,.F.);
#6891=ADVANCED_FACE('',(#706),#367,.T.);
#6892=ADVANCED_FACE('',(#707),#368,.T.);
#6893=ADVANCED_FACE('',(#708),#75,.T.);
#6894=ADVANCED_FACE('',(#709),#6607,.T.);
#6895=ADVANCED_FACE('',(#710),#6608,.T.);
#6896=ADVANCED_FACE('',(#711),#76,.T.);
#6897=ADVANCED_FACE('',(#712),#100,.T.);
#6898=ADVANCED_FACE('',(#713),#6609,.T.);
#6899=ADVANCED_FACE('',(#714),#6610,.F.);
#6900=ADVANCED_FACE('',(#715),#6611,.T.);
#6901=ADVANCED_FACE('',(#716),#369,.T.);
#6902=ADVANCED_FACE('',(#717),#370,.T.);
#6903=ADVANCED_FACE('',(#718),#371,.T.);
#6904=ADVANCED_FACE('',(#719),#372,.T.);
#6905=ADVANCED_FACE('',(#720),#373,.T.);
#6906=ADVANCED_FACE('',(#721),#374,.T.);
#6907=ADVANCED_FACE('',(#722),#375,.T.);
#6908=ADVANCED_FACE('',(#723),#376,.T.);
#6909=ADVANCED_FACE('',(#724),#377,.T.);
#6910=ADVANCED_FACE('',(#725),#378,.T.);
#6911=ADVANCED_FACE('',(#726),#379,.T.);
#6912=ADVANCED_FACE('',(#727),#380,.T.);
#6913=ADVANCED_FACE('',(#728),#381,.T.);
#6914=ADVANCED_FACE('',(#729),#382,.T.);
#6915=ADVANCED_FACE('',(#730),#383,.T.);
#6916=ADVANCED_FACE('',(#731),#384,.T.);
#6917=ADVANCED_FACE('',(#732),#385,.T.);
#6918=ADVANCED_FACE('',(#733),#386,.T.);
#6919=ADVANCED_FACE('',(#734),#387,.T.);
#6920=ADVANCED_FACE('',(#735),#388,.T.);
#6921=ADVANCED_FACE('',(#736),#389,.T.);
#6922=ADVANCED_FACE('',(#737),#390,.T.);
#6923=ADVANCED_FACE('',(#738),#391,.T.);
#6924=ADVANCED_FACE('',(#739),#392,.T.);
#6925=ADVANCED_FACE('',(#740),#393,.T.);
#6926=ADVANCED_FACE('',(#741),#394,.T.);
#6927=ADVANCED_FACE('',(#742),#395,.T.);
#6928=ADVANCED_FACE('',(#743),#396,.T.);
#6929=ADVANCED_FACE('',(#744),#397,.T.);
#6930=ADVANCED_FACE('',(#745),#398,.T.);
#6931=ADVANCED_FACE('',(#746),#399,.T.);
#6932=ADVANCED_FACE('',(#747),#400,.T.);
#6933=ADVANCED_FACE('',(#748),#401,.T.);
#6934=ADVANCED_FACE('',(#749),#402,.T.);
#6935=ADVANCED_FACE('',(#750),#403,.T.);
#6936=ADVANCED_FACE('',(#751),#404,.T.);
#6937=ADVANCED_FACE('',(#752),#405,.T.);
#6938=ADVANCED_FACE('',(#753),#406,.T.);
#6939=ADVANCED_FACE('',(#754),#407,.T.);
#6940=ADVANCED_FACE('',(#755),#408,.T.);
#6941=ADVANCED_FACE('',(#756),#409,.T.);
#6942=ADVANCED_FACE('',(#757),#410,.T.);
#6943=ADVANCED_FACE('',(#758),#411,.T.);
#6944=ADVANCED_FACE('',(#759),#412,.T.);
#6945=ADVANCED_FACE('',(#760),#413,.T.);
#6946=ADVANCED_FACE('',(#761),#414,.T.);
#6947=ADVANCED_FACE('',(#762),#415,.T.);
#6948=ADVANCED_FACE('',(#763),#416,.T.);
#6949=ADVANCED_FACE('',(#764,#220,#221),#417,.T.);
#6950=ADVANCED_FACE('',(#765,#222,#223,#224,#225,#226,#227),#418,.F.);
#6951=ADVANCED_FACE('',(#766),#419,.T.);
#6952=ADVANCED_FACE('',(#767),#420,.T.);
#6953=ADVANCED_FACE('',(#768),#421,.T.);
#6954=ADVANCED_FACE('',(#769),#422,.T.);
#6955=ADVANCED_FACE('',(#770),#423,.T.);
#6956=ADVANCED_FACE('',(#771),#424,.T.);
#6957=ADVANCED_FACE('',(#772),#425,.T.);
#6958=ADVANCED_FACE('',(#773),#426,.T.);
#6959=ADVANCED_FACE('',(#774),#427,.T.);
#6960=ADVANCED_FACE('',(#775),#428,.T.);
#6961=ADVANCED_FACE('',(#776),#6612,.T.);
#6962=ADVANCED_FACE('',(#777),#13,.F.);
#6963=ADVANCED_FACE('',(#778),#6613,.F.);
#6964=ADVANCED_FACE('',(#779),#14,.F.);
#6965=ADVANCED_FACE('',(#780),#6614,.F.);
#6966=ADVANCED_FACE('',(#781,#228,#229),#429,.T.);
#6967=ADVANCED_FACE('',(#782),#6615,.T.);
#6968=ADVANCED_FACE('',(#783,#230,#231),#430,.F.);
#6969=CLOSED_SHELL('',(#6616,#6617,#6618,#6619,#6620,#6621,#6622,#6623,
#6624,#6625,#6626,#6627,#6628,#6629,#6630,#6631,#6632,#6633,#6634,#6635,
#6636,#6637,#6638,#6639,#6640,#6641,#6642,#6643,#6644,#6645,#6646,#6647,
#6648,#6649,#6650,#6651,#6652,#6653,#6654,#6655,#6656,#6657,#6658,#6659,
#6660,#6661,#6662,#6663,#6664,#6665,#6666,#6667,#6668,#6669,#6670,#6671,
#6672,#6673,#6674,#6675,#6676,#6677,#6678,#6679,#6680,#6681,#6682,#6683,
#6684,#6685,#6686,#6687,#6688,#6689,#6690,#6691,#6692,#6693,#6694,#6695,
#6696,#6697,#6698,#6699,#6700,#6701,#6702,#6703,#6704,#6705,#6706,#6707,
#6708,#6709,#6710,#6711,#6712,#6713,#6714,#6715,#6716,#6717,#6718,#6719,
#6720,#6721,#6722,#6723,#6724,#6725,#6726,#6727,#6728,#6729,#6730,#6731,
#6732,#6733,#6734,#6735,#6736,#6737,#6738,#6739,#6740,#6741,#6742,#6743,
#6744,#6745,#6746,#6747,#6748,#6749,#6750,#6751,#6752,#6753,#6754,#6755,
#6756,#6757,#6758,#6759,#6760,#6761,#6762,#6763,#6764,#6765,#6766,#6767,
#6768,#6769,#6770,#6771,#6772,#6773,#6774,#6775,#6776,#6777,#6778,#6779,
#6780,#6781,#6782,#6783,#6784,#6785,#6786,#6787,#6788,#6789,#6790,#6791,
#6792,#6793,#6794,#6795,#6796,#6797,#6798,#6799,#6800,#6801,#6802,#6803,
#6804,#6805,#6806,#6807,#6808,#6809,#6810,#6811,#6812,#6813,#6814,#6815,
#6816,#6817,#6818,#6819,#6820,#6821,#6822,#6823,#6824,#6825,#6826,#6827,
#6828,#6829,#6830,#6831,#6832,#6833,#6834,#6835,#6836,#6837,#6838,#6839,
#6840,#6841,#6842,#6843,#6844,#6845,#6846,#6847,#6848,#6849,#6850,#6851,
#6852,#6853,#6854,#6855,#6856,#6857,#6858,#6859,#6860,#6861,#6862,#6863,
#6864,#6865,#6866,#6867,#6868,#6869,#6870,#6871,#6872,#6873,#6874,#6875,
#6876,#6877,#6878,#6879,#6880,#6881,#6882,#6883,#6884,#6885,#6886,#6887,
#6888,#6889,#6890,#6891,#6892,#6893,#6894,#6895,#6896,#6897,#6898,#6899,
#6900));
#6970=CLOSED_SHELL('',(#6901,#6902,#6903,#6904,#6905,#6906,#6907,#6908,
#6909,#6910,#6911,#6912,#6913,#6914,#6915,#6916,#6917,#6918,#6919,#6920,
#6921,#6922,#6923,#6924,#6925,#6926,#6927,#6928,#6929,#6930,#6931,#6932,
#6933,#6934,#6935,#6936,#6937,#6938,#6939,#6940,#6941,#6942,#6943,#6944,
#6945,#6946,#6947,#6948,#6949,#6950));
#6971=CLOSED_SHELL('',(#6951,#6952,#6953,#6954,#6955,#6956,#6957,#6958,
#6959,#6960,#6961,#6962,#6963,#6964,#6965,#6966,#6967,#6968));
#6972=AXIS2_PLACEMENT_3D('',#9362,#7548,#7549);
#6973=AXIS2_PLACEMENT_3D('',#9363,#7550,#7551);
#6974=AXIS2_PLACEMENT_3D('',#9368,#7553,#7554);
#6975=AXIS2_PLACEMENT_3D('',#9372,#7556,#7557);
#6976=AXIS2_PLACEMENT_3D('',#9375,#7559,#7560);
#6977=AXIS2_PLACEMENT_3D('',#9376,#7561,#7562);
#6978=AXIS2_PLACEMENT_3D('',#9386,#7568,#7569);
#6979=AXIS2_PLACEMENT_3D('',#9392,#7573,#7574);
#6980=AXIS2_PLACEMENT_3D('',#9405,#7581,#7582);
#6981=AXIS2_PLACEMENT_3D('',#9409,#7584,#7585);
#6982=AXIS2_PLACEMENT_3D('',#9411,#7586,#7587);
#6983=AXIS2_PLACEMENT_3D('',#9414,#7589,#7590);
#6984=AXIS2_PLACEMENT_3D('',#9415,#7591,#7592);
#6985=AXIS2_PLACEMENT_3D('',#9421,#7596,#7597);
#6986=AXIS2_PLACEMENT_3D('',#9434,#7604,#7605);
#6987=AXIS2_PLACEMENT_3D('',#9438,#7607,#7608);
#6988=AXIS2_PLACEMENT_3D('',#9440,#7609,#7610);
#6989=AXIS2_PLACEMENT_3D('',#9443,#7612,#7613);
#6990=AXIS2_PLACEMENT_3D('',#9444,#7614,#7615);
#6991=AXIS2_PLACEMENT_3D('',#9450,#7619,#7620);
#6992=AXIS2_PLACEMENT_3D('',#9455,#7622,#7623);
#6993=AXIS2_PLACEMENT_3D('',#9459,#7625,#7626);
#6994=AXIS2_PLACEMENT_3D('',#9462,#7628,#7629);
#6995=AXIS2_PLACEMENT_3D('',#9463,#7630,#7631);
#6996=AXIS2_PLACEMENT_3D('',#9473,#7637,#7638);
#6997=AXIS2_PLACEMENT_3D('',#9479,#7642,#7643);
#6998=AXIS2_PLACEMENT_3D('',#9506,#7658,#7659);
#6999=AXIS2_PLACEMENT_3D('',#9517,#7666,#7667);
#7000=AXIS2_PLACEMENT_3D('',#9528,#7674,#7675);
#7001=AXIS2_PLACEMENT_3D('',#9534,#7678,#7679);
#7002=AXIS2_PLACEMENT_3D('',#9538,#7681,#7682);
#7003=AXIS2_PLACEMENT_3D('',#9542,#7684,#7685);
#7004=AXIS2_PLACEMENT_3D('',#9546,#7687,#7688);
#7005=AXIS2_PLACEMENT_3D('',#9552,#7693,#7694);
#7006=AXIS2_PLACEMENT_3D('',#9566,#7703,#7704);
#7007=AXIS2_PLACEMENT_3D('',#9568,#7705,#7706);
#7008=AXIS2_PLACEMENT_3D('',#9571,#7707,#7708);
#7009=AXIS2_PLACEMENT_3D('',#9573,#7709,#7710);
#7010=AXIS2_PLACEMENT_3D('',#9577,#7712,#7713);
#7011=AXIS2_PLACEMENT_3D('',#9579,#7714,#7715);
#7012=AXIS2_PLACEMENT_3D('',#9583,#7717,#7718);
#7013=AXIS2_PLACEMENT_3D('',#9587,#7720,#7721);
#7014=AXIS2_PLACEMENT_3D('',#9591,#7723,#7724);
#7015=AXIS2_PLACEMENT_3D('',#9595,#7726,#7727);
#7016=AXIS2_PLACEMENT_3D('',#9601,#7730,#7731);
#7017=AXIS2_PLACEMENT_3D('',#9605,#7733,#7734);
#7018=AXIS2_PLACEMENT_3D('',#9609,#7736,#7737);
#7019=AXIS2_PLACEMENT_3D('',#9612,#7739,#7740);
#7020=AXIS2_PLACEMENT_3D('',#9614,#7741,#7742);
#7021=AXIS2_PLACEMENT_3D('',#9616,#7743,#7744);
#7022=AXIS2_PLACEMENT_3D('',#9623,#7747,#7748);
#7023=AXIS2_PLACEMENT_3D('',#9627,#7750,#7751);
#7024=AXIS2_PLACEMENT_3D('',#9631,#7753,#7754);
#7025=AXIS2_PLACEMENT_3D('',#9635,#7756,#7757);
#7026=AXIS2_PLACEMENT_3D('',#9643,#7761,#7762);
#7027=AXIS2_PLACEMENT_3D('',#9647,#7764,#7765);
#7028=AXIS2_PLACEMENT_3D('',#9651,#7767,#7768);
#7029=AXIS2_PLACEMENT_3D('',#9655,#7770,#7771);
#7030=AXIS2_PLACEMENT_3D('',#9657,#7773,#7774);
#7031=AXIS2_PLACEMENT_3D('',#9661,#7776,#7777);
#7032=AXIS2_PLACEMENT_3D('',#9663,#7778,#7779);
#7033=AXIS2_PLACEMENT_3D('',#9667,#7781,#7782);
#7034=AXIS2_PLACEMENT_3D('',#9669,#7783,#7784);
#7035=AXIS2_PLACEMENT_3D('',#9674,#7787,#7788);
#7036=AXIS2_PLACEMENT_3D('',#9677,#7790,#7791);
#7037=AXIS2_PLACEMENT_3D('',#9679,#7792,#7793);
#7038=AXIS2_PLACEMENT_3D('',#9683,#7795,#7796);
#7039=AXIS2_PLACEMENT_3D('',#9685,#7798,#7799);
#7040=AXIS2_PLACEMENT_3D('',#9691,#7802,#7803);
#7041=AXIS2_PLACEMENT_3D('',#9695,#7805,#7806);
#7042=AXIS2_PLACEMENT_3D('',#9699,#7808,#7809);
#7043=AXIS2_PLACEMENT_3D('',#9702,#7811,#7812);
#7044=AXIS2_PLACEMENT_3D('',#9707,#7814,#7815);
#7045=AXIS2_PLACEMENT_3D('',#9711,#7817,#7818);
#7046=AXIS2_PLACEMENT_3D('',#9715,#7820,#7821);
#7047=AXIS2_PLACEMENT_3D('',#9718,#7823,#7824);
#7048=AXIS2_PLACEMENT_3D('',#9720,#7825,#7826);
#7049=AXIS2_PLACEMENT_3D('',#9722,#7827,#7828);
#7050=AXIS2_PLACEMENT_3D('',#9729,#7831,#7832);
#7051=AXIS2_PLACEMENT_3D('',#9733,#7834,#7835);
#7052=AXIS2_PLACEMENT_3D('',#9737,#7837,#7838);
#7053=AXIS2_PLACEMENT_3D('',#9741,#7840,#7841);
#7054=AXIS2_PLACEMENT_3D('',#9749,#7845,#7846);
#7055=AXIS2_PLACEMENT_3D('',#9753,#7848,#7849);
#7056=AXIS2_PLACEMENT_3D('',#9757,#7851,#7852);
#7057=AXIS2_PLACEMENT_3D('',#9761,#7854,#7855);
#7058=AXIS2_PLACEMENT_3D('',#9763,#7857,#7858);
#7059=AXIS2_PLACEMENT_3D('',#9789,#7872,#7873);
#7060=AXIS2_PLACEMENT_3D('',#9792,#7876,#7877);
#7061=AXIS2_PLACEMENT_3D('',#9795,#7880,#7881);
#7062=AXIS2_PLACEMENT_3D('',#9797,#7883,#7884);
#7063=AXIS2_PLACEMENT_3D('',#9799,#7886,#7887);
#7064=AXIS2_PLACEMENT_3D('',#9801,#7889,#7890);
#7065=AXIS2_PLACEMENT_3D('',#9805,#7893,#7894);
#7066=AXIS2_PLACEMENT_3D('',#9809,#7897,#7898);
#7067=AXIS2_PLACEMENT_3D('',#9811,#7900,#7901);
#7068=AXIS2_PLACEMENT_3D('',#9818,#7906,#7907);
#7069=AXIS2_PLACEMENT_3D('',#9820,#7909,#7910);
#7070=AXIS2_PLACEMENT_3D('',#9821,#7911,#7912);
#7071=AXIS2_PLACEMENT_3D('',#9823,#7913,#7914);
#7072=AXIS2_PLACEMENT_3D('',#9825,#7916,#7917);
#7073=AXIS2_PLACEMENT_3D('',#9827,#7918,#7919);
#7074=AXIS2_PLACEMENT_3D('',#9829,#7921,#7922);
#7075=AXIS2_PLACEMENT_3D('',#9830,#7923,#7924);
#7076=AXIS2_PLACEMENT_3D('',#9832,#7926,#7927);
#7077=AXIS2_PLACEMENT_3D('',#9833,#7928,#7929);
#7078=AXIS2_PLACEMENT_3D('',#9835,#7930,#7931);
#7079=AXIS2_PLACEMENT_3D('',#9837,#7933,#7934);
#7080=AXIS2_PLACEMENT_3D('',#9839,#7935,#7936);
#7081=AXIS2_PLACEMENT_3D('',#9841,#7938,#7939);
#7082=AXIS2_PLACEMENT_3D('',#9842,#7940,#7941);
#7083=AXIS2_PLACEMENT_3D('',#9872,#7944,#7945);
#7084=AXIS2_PLACEMENT_3D('',#9902,#7948,#7949);
#7085=AXIS2_PLACEMENT_3D('',#9923,#7951,#7952);
#7086=AXIS2_PLACEMENT_3D('',#9925,#7954,#7955);
#7087=AXIS2_PLACEMENT_3D('',#9927,#7957,#7958);
#7088=AXIS2_PLACEMENT_3D('',#9929,#7960,#7961);
#7089=AXIS2_PLACEMENT_3D('',#9931,#7963,#7964);
#7090=AXIS2_PLACEMENT_3D('',#9933,#7966,#7967);
#7091=AXIS2_PLACEMENT_3D('',#9935,#7969,#7970);
#7092=AXIS2_PLACEMENT_3D('',#9936,#7971,#7972);
#7093=AXIS2_PLACEMENT_3D('',#9955,#7974,#7975);
#7094=AXIS2_PLACEMENT_3D('',#10028,#7978,#7979);
#7095=AXIS2_PLACEMENT_3D('',#10030,#7980,#7981);
#7096=AXIS2_PLACEMENT_3D('',#10042,#7983,#7984);
#7097=AXIS2_PLACEMENT_3D('',#10046,#7986,#7987);
#7098=AXIS2_PLACEMENT_3D('',#10050,#7989,#7990);
#7099=AXIS2_PLACEMENT_3D('',#10074,#7991,#7992);
#7100=AXIS2_PLACEMENT_3D('',#10078,#7994,#7995);
#7101=AXIS2_PLACEMENT_3D('',#10082,#7997,#7998);
#7102=AXIS2_PLACEMENT_3D('',#10093,#8000,#8001);
#7103=AXIS2_PLACEMENT_3D('',#10106,#8002,#8003);
#7104=AXIS2_PLACEMENT_3D('',#10130,#8004,#8005);
#7105=AXIS2_PLACEMENT_3D('',#10154,#8006,#8007);
#7106=AXIS2_PLACEMENT_3D('',#10177,#8008,#8009);
#7107=AXIS2_PLACEMENT_3D('',#10180,#8011,#8012);
#7108=AXIS2_PLACEMENT_3D('',#10192,#8014,#8015);
#7109=AXIS2_PLACEMENT_3D('',#10196,#8017,#8018);
#7110=AXIS2_PLACEMENT_3D('',#10200,#8020,#8021);
#7111=AXIS2_PLACEMENT_3D('',#10224,#8022,#8023);
#7112=AXIS2_PLACEMENT_3D('',#10228,#8025,#8026);
#7113=AXIS2_PLACEMENT_3D('',#10232,#8028,#8029);
#7114=AXIS2_PLACEMENT_3D('',#10243,#8031,#8032);
#7115=AXIS2_PLACEMENT_3D('',#10246,#8034,#8035);
#7116=AXIS2_PLACEMENT_3D('',#10248,#8036,#8037);
#7117=AXIS2_PLACEMENT_3D('',#10250,#8038,#8039);
#7118=AXIS2_PLACEMENT_3D('',#10252,#8040,#8041);
#7119=AXIS2_PLACEMENT_3D('',#10285,#8043,#8044);
#7120=AXIS2_PLACEMENT_3D('',#10287,#8045,#8046);
#7121=AXIS2_PLACEMENT_3D('',#10290,#8048,#8049);
#7122=AXIS2_PLACEMENT_3D('',#10291,#8050,#8051);
#7123=AXIS2_PLACEMENT_3D('',#10293,#8052,#8053);
#7124=AXIS2_PLACEMENT_3D('',#10295,#8055,#8056);
#7125=AXIS2_PLACEMENT_3D('',#10296,#8057,#8058);
#7126=AXIS2_PLACEMENT_3D('',#10298,#8059,#8060);
#7127=AXIS2_PLACEMENT_3D('',#10301,#8062,#8063);
#7128=AXIS2_PLACEMENT_3D('',#10302,#8064,#8065);
#7129=AXIS2_PLACEMENT_3D('',#10304,#8066,#8067);
#7130=AXIS2_PLACEMENT_3D('',#10306,#8069,#8070);
#7131=AXIS2_PLACEMENT_3D('',#10307,#8071,#8072);
#7132=AXIS2_PLACEMENT_3D('',#10308,#8073,#8074);
#7133=AXIS2_PLACEMENT_3D('',#10310,#8075,#8076);
#7134=AXIS2_PLACEMENT_3D('',#10313,#8078,#8079);
#7135=AXIS2_PLACEMENT_3D('',#10314,#8080,#8081);
#7136=AXIS2_PLACEMENT_3D('',#10316,#8082,#8083);
#7137=AXIS2_PLACEMENT_3D('',#10318,#8085,#8086);
#7138=AXIS2_PLACEMENT_3D('',#10319,#8087,#8088);
#7139=AXIS2_PLACEMENT_3D('',#10320,#8089,#8090);
#7140=AXIS2_PLACEMENT_3D('',#10322,#8091,#8092);
#7141=AXIS2_PLACEMENT_3D('',#10325,#8094,#8095);
#7142=AXIS2_PLACEMENT_3D('',#10326,#8096,#8097);
#7143=AXIS2_PLACEMENT_3D('',#10328,#8098,#8099);
#7144=AXIS2_PLACEMENT_3D('',#10330,#8101,#8102);
#7145=AXIS2_PLACEMENT_3D('',#10331,#8103,#8104);
#7146=AXIS2_PLACEMENT_3D('',#10332,#8105,#8106);
#7147=AXIS2_PLACEMENT_3D('',#10335,#8109,#8110);
#7148=AXIS2_PLACEMENT_3D('',#10337,#8112,#8113);
#7149=AXIS2_PLACEMENT_3D('',#10339,#8115,#8116);
#7150=AXIS2_PLACEMENT_3D('',#10340,#8117,#8118);
#7151=AXIS2_PLACEMENT_3D('',#10342,#8120,#8121);
#7152=AXIS2_PLACEMENT_3D('',#10344,#8123,#8124);
#7153=AXIS2_PLACEMENT_3D('',#10346,#8126,#8127);
#7154=AXIS2_PLACEMENT_3D('',#10347,#8128,#8129);
#7155=AXIS2_PLACEMENT_3D('',#10349,#8131,#8132);
#7156=AXIS2_PLACEMENT_3D('',#10351,#8134,#8135);
#7157=AXIS2_PLACEMENT_3D('',#10353,#8137,#8138);
#7158=AXIS2_PLACEMENT_3D('',#10355,#8140,#8141);
#7159=AXIS2_PLACEMENT_3D('',#10357,#8143,#8144);
#7160=AXIS2_PLACEMENT_3D('',#10359,#8146,#8147);
#7161=AXIS2_PLACEMENT_3D('',#10360,#8148,#8149);
#7162=AXIS2_PLACEMENT_3D('',#10363,#8152,#8153);
#7163=AXIS2_PLACEMENT_3D('',#10365,#8155,#8156);
#7164=AXIS2_PLACEMENT_3D('',#10367,#8158,#8159);
#7165=AXIS2_PLACEMENT_3D('',#10369,#8161,#8162);
#7166=AXIS2_PLACEMENT_3D('',#10371,#8164,#8165);
#7167=AXIS2_PLACEMENT_3D('',#10373,#8167,#8168);
#7168=AXIS2_PLACEMENT_3D('',#10375,#8170,#8171);
#7169=AXIS2_PLACEMENT_3D('',#10376,#8172,#8173);
#7170=AXIS2_PLACEMENT_3D('',#10379,#8176,#8177);
#7171=AXIS2_PLACEMENT_3D('',#10381,#8179,#8180);
#7172=AXIS2_PLACEMENT_3D('',#10383,#8182,#8183);
#7173=AXIS2_PLACEMENT_3D('',#10385,#8185,#8186);
#7174=AXIS2_PLACEMENT_3D('',#10387,#8188,#8189);
#7175=AXIS2_PLACEMENT_3D('',#10389,#8191,#8192);
#7176=AXIS2_PLACEMENT_3D('',#10391,#8194,#8195);
#7177=AXIS2_PLACEMENT_3D('',#10392,#8196,#8197);
#7178=AXIS2_PLACEMENT_3D('',#10401,#8202,#8203);
#7179=AXIS2_PLACEMENT_3D('',#10403,#8204,#8205);
#7180=AXIS2_PLACEMENT_3D('',#10405,#8206,#8207);
#7181=AXIS2_PLACEMENT_3D('',#10407,#8209,#8210);
#7182=AXIS2_PLACEMENT_3D('',#10413,#8214,#8215);
#7183=AXIS2_PLACEMENT_3D('',#10415,#8216,#8217);
#7184=AXIS2_PLACEMENT_3D('',#10417,#8218,#8219);
#7185=AXIS2_PLACEMENT_3D('',#10419,#8221,#8222);
#7186=AXIS2_PLACEMENT_3D('',#10425,#8226,#8227);
#7187=AXIS2_PLACEMENT_3D('',#10426,#8228,#8229);
#7188=AXIS2_PLACEMENT_3D('',#10427,#8230,#8231);
#7189=AXIS2_PLACEMENT_3D('',#10428,#8232,#8233);
#7190=AXIS2_PLACEMENT_3D('',#10430,#8234,#8235);
#7191=AXIS2_PLACEMENT_3D('',#10432,#8236,#8237);
#7192=AXIS2_PLACEMENT_3D('',#10434,#8239,#8240);
#7193=AXIS2_PLACEMENT_3D('',#10440,#8244,#8245);
#7194=AXIS2_PLACEMENT_3D('',#10442,#8246,#8247);
#7195=AXIS2_PLACEMENT_3D('',#10444,#8248,#8249);
#7196=AXIS2_PLACEMENT_3D('',#10446,#8251,#8252);
#7197=AXIS2_PLACEMENT_3D('',#10452,#8256,#8257);
#7198=AXIS2_PLACEMENT_3D('',#10454,#8258,#8259);
#7199=AXIS2_PLACEMENT_3D('',#10456,#8260,#8261);
#7200=AXIS2_PLACEMENT_3D('',#10458,#8263,#8264);
#7201=AXIS2_PLACEMENT_3D('',#10464,#8268,#8269);
#7202=AXIS2_PLACEMENT_3D('',#10466,#8270,#8271);
#7203=AXIS2_PLACEMENT_3D('',#10468,#8272,#8273);
#7204=AXIS2_PLACEMENT_3D('',#10470,#8275,#8276);
#7205=AXIS2_PLACEMENT_3D('',#10476,#8280,#8281);
#7206=AXIS2_PLACEMENT_3D('',#10477,#8282,#8283);
#7207=AXIS2_PLACEMENT_3D('',#10478,#8284,#8285);
#7208=AXIS2_PLACEMENT_3D('',#10479,#8286,#8287);
#7209=AXIS2_PLACEMENT_3D('',#10480,#8288,#8289);
#7210=AXIS2_PLACEMENT_3D('',#10483,#8290,#8291);
#7211=AXIS2_PLACEMENT_3D('',#10487,#8293,#8294);
#7212=AXIS2_PLACEMENT_3D('',#10489,#8296,#8297);
#7213=AXIS2_PLACEMENT_3D('',#10495,#8301,#8302);
#7214=AXIS2_PLACEMENT_3D('',#10497,#8303,#8304);
#7215=AXIS2_PLACEMENT_3D('',#10499,#8305,#8306);
#7216=AXIS2_PLACEMENT_3D('',#10501,#8308,#8309);
#7217=AXIS2_PLACEMENT_3D('',#10507,#8313,#8314);
#7218=AXIS2_PLACEMENT_3D('',#10509,#8315,#8316);
#7219=AXIS2_PLACEMENT_3D('',#10511,#8317,#8318);
#7220=AXIS2_PLACEMENT_3D('',#10513,#8320,#8321);
#7221=AXIS2_PLACEMENT_3D('',#10519,#8325,#8326);
#7222=AXIS2_PLACEMENT_3D('',#10521,#8327,#8328);
#7223=AXIS2_PLACEMENT_3D('',#10523,#8329,#8330);
#7224=AXIS2_PLACEMENT_3D('',#10525,#8332,#8333);
#7225=AXIS2_PLACEMENT_3D('',#10531,#8337,#8338);
#7226=AXIS2_PLACEMENT_3D('',#10533,#8339,#8340);
#7227=AXIS2_PLACEMENT_3D('',#10535,#8341,#8342);
#7228=AXIS2_PLACEMENT_3D('',#10537,#8344,#8345);
#7229=AXIS2_PLACEMENT_3D('',#10543,#8349,#8350);
#7230=AXIS2_PLACEMENT_3D('',#10544,#8351,#8352);
#7231=AXIS2_PLACEMENT_3D('',#10545,#8353,#8354);
#7232=AXIS2_PLACEMENT_3D('',#10546,#8355,#8356);
#7233=AXIS2_PLACEMENT_3D('',#10548,#8357,#8358);
#7234=AXIS2_PLACEMENT_3D('',#10550,#8359,#8360);
#7235=AXIS2_PLACEMENT_3D('',#10552,#8362,#8363);
#7236=AXIS2_PLACEMENT_3D('',#10558,#8367,#8368);
#7237=AXIS2_PLACEMENT_3D('',#10560,#8369,#8370);
#7238=AXIS2_PLACEMENT_3D('',#10562,#8371,#8372);
#7239=AXIS2_PLACEMENT_3D('',#10564,#8374,#8375);
#7240=AXIS2_PLACEMENT_3D('',#10567,#8378,#8379);
#7241=AXIS2_PLACEMENT_3D('',#10568,#8380,#8381);
#7242=AXIS2_PLACEMENT_3D('',#10573,#8383,#8384);
#7243=AXIS2_PLACEMENT_3D('',#10577,#8386,#8387);
#7244=AXIS2_PLACEMENT_3D('',#10581,#8389,#8390);
#7245=AXIS2_PLACEMENT_3D('',#10585,#8392,#8393);
#7246=AXIS2_PLACEMENT_3D('',#10589,#8395,#8396);
#7247=AXIS2_PLACEMENT_3D('',#10592,#8398,#8399);
#7248=AXIS2_PLACEMENT_3D('',#10594,#8400,#8401);
#7249=AXIS2_PLACEMENT_3D('',#10597,#8403,#8404);
#7250=AXIS2_PLACEMENT_3D('',#10598,#8405,#8406);
#7251=AXIS2_PLACEMENT_3D('',#10601,#8407,#8408);
#7252=AXIS2_PLACEMENT_3D('',#10605,#8410,#8411);
#7253=AXIS2_PLACEMENT_3D('',#10609,#8413,#8414);
#7254=AXIS2_PLACEMENT_3D('',#10612,#8416,#8417);
#7255=AXIS2_PLACEMENT_3D('',#10614,#8418,#8419);
#7256=AXIS2_PLACEMENT_3D('',#10618,#8421,#8422);
#7257=AXIS2_PLACEMENT_3D('',#10622,#8424,#8425);
#7258=AXIS2_PLACEMENT_3D('',#10626,#8427,#8428);
#7259=AXIS2_PLACEMENT_3D('',#10628,#8430,#8431);
#7260=AXIS2_PLACEMENT_3D('',#10632,#8433,#8434);
#7261=AXIS2_PLACEMENT_3D('',#10634,#8436,#8437);
#7262=AXIS2_PLACEMENT_3D('',#10638,#8440,#8441);
#7263=AXIS2_PLACEMENT_3D('',#10641,#8443,#8444);
#7264=AXIS2_PLACEMENT_3D('',#10642,#8445,#8446);
#7265=AXIS2_PLACEMENT_3D('',#10646,#8449,#8450);
#7266=AXIS2_PLACEMENT_3D('',#10649,#8452,#8453);
#7267=AXIS2_PLACEMENT_3D('',#10650,#8454,#8455);
#7268=AXIS2_PLACEMENT_3D('',#10654,#8458,#8459);
#7269=AXIS2_PLACEMENT_3D('',#10657,#8461,#8462);
#7270=AXIS2_PLACEMENT_3D('',#10658,#8463,#8464);
#7271=AXIS2_PLACEMENT_3D('',#10662,#8467,#8468);
#7272=AXIS2_PLACEMENT_3D('',#10676,#8469,#8470);
#7273=AXIS2_PLACEMENT_3D('',#10700,#8471,#8472);
#7274=AXIS2_PLACEMENT_3D('',#10723,#8473,#8474);
#7275=AXIS2_PLACEMENT_3D('',#10725,#8475,#8476);
#7276=AXIS2_PLACEMENT_3D('',#10738,#8478,#8479);
#7277=AXIS2_PLACEMENT_3D('',#10740,#8480,#8481);
#7278=AXIS2_PLACEMENT_3D('',#10742,#8482,#8483);
#7279=AXIS2_PLACEMENT_3D('',#10744,#8484,#8485);
#7280=AXIS2_PLACEMENT_3D('',#10746,#8486,#8487);
#7281=AXIS2_PLACEMENT_3D('',#10758,#8489,#8490);
#7282=AXIS2_PLACEMENT_3D('',#10762,#8492,#8493);
#7283=AXIS2_PLACEMENT_3D('',#10766,#8495,#8496);
#7284=AXIS2_PLACEMENT_3D('',#10790,#8497,#8498);
#7285=AXIS2_PLACEMENT_3D('',#10794,#8500,#8501);
#7286=AXIS2_PLACEMENT_3D('',#10798,#8503,#8504);
#7287=AXIS2_PLACEMENT_3D('',#10809,#8506,#8507);
#7288=AXIS2_PLACEMENT_3D('',#10811,#8508,#8509);
#7289=AXIS2_PLACEMENT_3D('',#10823,#8511,#8512);
#7290=AXIS2_PLACEMENT_3D('',#10827,#8514,#8515);
#7291=AXIS2_PLACEMENT_3D('',#10831,#8517,#8518);
#7292=AXIS2_PLACEMENT_3D('',#10855,#8519,#8520);
#7293=AXIS2_PLACEMENT_3D('',#10859,#8522,#8523);
#7294=AXIS2_PLACEMENT_3D('',#10863,#8525,#8526);
#7295=AXIS2_PLACEMENT_3D('',#10874,#8528,#8529);
#7296=AXIS2_PLACEMENT_3D('',#10875,#8530,#8531);
#7297=AXIS2_PLACEMENT_3D('',#10878,#8533,#8534);
#7298=AXIS2_PLACEMENT_3D('',#10879,#8535,#8536);
#7299=AXIS2_PLACEMENT_3D('',#10883,#8539,#8540);
#7300=AXIS2_PLACEMENT_3D('',#10886,#8542,#8543);
#7301=AXIS2_PLACEMENT_3D('',#10887,#8544,#8545);
#7302=AXIS2_PLACEMENT_3D('',#10891,#8548,#8549);
#7303=AXIS2_PLACEMENT_3D('',#10894,#8551,#8552);
#7304=AXIS2_PLACEMENT_3D('',#10895,#8553,#8554);
#7305=AXIS2_PLACEMENT_3D('',#10899,#8557,#8558);
#7306=AXIS2_PLACEMENT_3D('',#10902,#8560,#8561);
#7307=AXIS2_PLACEMENT_3D('',#10903,#8562,#8563);
#7308=AXIS2_PLACEMENT_3D('',#10907,#8566,#8567);
#7309=AXIS2_PLACEMENT_3D('',#10909,#8568,#8569);
#7310=AXIS2_PLACEMENT_3D('',#10911,#8571,#8572);
#7311=AXIS2_PLACEMENT_3D('',#10915,#8575,#8576);
#7312=AXIS2_PLACEMENT_3D('',#10916,#8577,#8578);
#7313=AXIS2_PLACEMENT_3D('',#10917,#8579,#8580);
#7314=AXIS2_PLACEMENT_3D('',#10919,#8581,#8582);
#7315=AXIS2_PLACEMENT_3D('',#10921,#8584,#8585);
#7316=AXIS2_PLACEMENT_3D('',#10925,#8588,#8589);
#7317=AXIS2_PLACEMENT_3D('',#10926,#8590,#8591);
#7318=AXIS2_PLACEMENT_3D('',#10927,#8592,#8593);
#7319=AXIS2_PLACEMENT_3D('',#10928,#8594,#8595);
#7320=AXIS2_PLACEMENT_3D('',#10930,#8596,#8597);
#7321=AXIS2_PLACEMENT_3D('',#10932,#8599,#8600);
#7322=AXIS2_PLACEMENT_3D('',#10936,#8603,#8604);
#7323=AXIS2_PLACEMENT_3D('',#10938,#8605,#8606);
#7324=AXIS2_PLACEMENT_3D('',#10940,#8608,#8609);
#7325=AXIS2_PLACEMENT_3D('',#10944,#8612,#8613);
#7326=AXIS2_PLACEMENT_3D('',#10946,#8614,#8615);
#7327=AXIS2_PLACEMENT_3D('',#10948,#8617,#8618);
#7328=AXIS2_PLACEMENT_3D('',#10952,#8621,#8622);
#7329=AXIS2_PLACEMENT_3D('',#10954,#8623,#8624);
#7330=AXIS2_PLACEMENT_3D('',#10956,#8626,#8627);
#7331=AXIS2_PLACEMENT_3D('',#10958,#8629,#8630);
#7332=AXIS2_PLACEMENT_3D('',#11017,#8631,#8632);
#7333=AXIS2_PLACEMENT_3D('',#11040,#8633,#8634);
#7334=AXIS2_PLACEMENT_3D('',#11072,#8635,#8636);
#7335=AXIS2_PLACEMENT_3D('',#11094,#8639,#8640);
#7336=AXIS2_PLACEMENT_3D('',#11097,#8642,#8643);
#7337=AXIS2_PLACEMENT_3D('',#11098,#8644,#8645);
#7338=AXIS2_PLACEMENT_3D('',#11100,#8646,#8647);
#7339=AXIS2_PLACEMENT_3D('',#11124,#8649,#8650);
#7340=AXIS2_PLACEMENT_3D('',#11175,#8651,#8652);
#7341=AXIS2_PLACEMENT_3D('',#11177,#8653,#8654);
#7342=AXIS2_PLACEMENT_3D('',#11209,#8655,#8656);
#7343=AXIS2_PLACEMENT_3D('',#11231,#8659,#8660);
#7344=AXIS2_PLACEMENT_3D('',#11234,#8663,#8664);
#7345=AXIS2_PLACEMENT_3D('',#11235,#8665,#8666);
#7346=AXIS2_PLACEMENT_3D('',#11236,#8667,#8668);
#7347=AXIS2_PLACEMENT_3D('',#11239,#8671,#8672);
#7348=AXIS2_PLACEMENT_3D('',#11275,#8676,#8677);
#7349=AXIS2_PLACEMENT_3D('',#11304,#8682,#8683);
#7350=AXIS2_PLACEMENT_3D('',#11306,#8684,#8685);
#7351=AXIS2_PLACEMENT_3D('',#11317,#8687,#8688);
#7352=AXIS2_PLACEMENT_3D('',#11389,#8693,#8694);
#7353=AXIS2_PLACEMENT_3D('',#11393,#8697,#8698);
#7354=AXIS2_PLACEMENT_3D('',#11403,#8699,#8700);
#7355=AXIS2_PLACEMENT_3D('',#11405,#8701,#8702);
#7356=AXIS2_PLACEMENT_3D('',#11407,#8704,#8705);
#7357=AXIS2_PLACEMENT_3D('',#11409,#8707,#8708);
#7358=AXIS2_PLACEMENT_3D('',#11427,#8712,#8713);
#7359=AXIS2_PLACEMENT_3D('',#11428,#8714,#8715);
#7360=AXIS2_PLACEMENT_3D('',#11429,#8716,#8717);
#7361=AXIS2_PLACEMENT_3D('',#11432,#8719,#8720);
#7362=AXIS2_PLACEMENT_3D('',#11487,#8724,#8725);
#7363=AXIS2_PLACEMENT_3D('',#11510,#8728,#8729);
#7364=AXIS2_PLACEMENT_3D('',#11512,#8731,#8732);
#7365=AXIS2_PLACEMENT_3D('',#11571,#8733,#8734);
#7366=AXIS2_PLACEMENT_3D('',#11605,#8735,#8736);
#7367=AXIS2_PLACEMENT_3D('',#11626,#8737,#8738);
#7368=AXIS2_PLACEMENT_3D('',#11648,#8741,#8742);
#7369=AXIS2_PLACEMENT_3D('',#11650,#8743,#8744);
#7370=AXIS2_PLACEMENT_3D('',#11652,#8746,#8747);
#7371=AXIS2_PLACEMENT_3D('',#11654,#8748,#8749);
#7372=AXIS2_PLACEMENT_3D('',#11678,#8751,#8752);
#7373=AXIS2_PLACEMENT_3D('',#11729,#8753,#8754);
#7374=AXIS2_PLACEMENT_3D('',#11762,#8755,#8756);
#7375=AXIS2_PLACEMENT_3D('',#11763,#8757,#8758);
#7376=AXIS2_PLACEMENT_3D('',#11785,#8761,#8762);
#7377=AXIS2_PLACEMENT_3D('',#11788,#8765,#8766);
#7378=AXIS2_PLACEMENT_3D('',#11789,#8767,#8768);
#7379=AXIS2_PLACEMENT_3D('',#11790,#8769,#8770);
#7380=AXIS2_PLACEMENT_3D('',#11793,#8773,#8774);
#7381=AXIS2_PLACEMENT_3D('',#11829,#8778,#8779);
#7382=AXIS2_PLACEMENT_3D('',#11858,#8784,#8785);
#7383=AXIS2_PLACEMENT_3D('',#11860,#8786,#8787);
#7384=AXIS2_PLACEMENT_3D('',#11871,#8789,#8790);
#7385=AXIS2_PLACEMENT_3D('',#11943,#8795,#8796);
#7386=AXIS2_PLACEMENT_3D('',#11947,#8799,#8800);
#7387=AXIS2_PLACEMENT_3D('',#11959,#8802,#8803);
#7388=AXIS2_PLACEMENT_3D('',#11960,#8804,#8805);
#7389=AXIS2_PLACEMENT_3D('',#11961,#8806,#8807);
#7390=AXIS2_PLACEMENT_3D('',#11963,#8809,#8810);
#7391=AXIS2_PLACEMENT_3D('',#11981,#8814,#8815);
#7392=AXIS2_PLACEMENT_3D('',#11982,#8816,#8817);
#7393=AXIS2_PLACEMENT_3D('',#11984,#8818,#8819);
#7394=AXIS2_PLACEMENT_3D('',#11986,#8821,#8822);
#7395=AXIS2_PLACEMENT_3D('',#12041,#8826,#8827);
#7396=AXIS2_PLACEMENT_3D('',#12063,#8829,#8830);
#7397=AXIS2_PLACEMENT_3D('',#12065,#8832,#8833);
#7398=AXIS2_PLACEMENT_3D('',#12124,#8834,#8835);
#7399=AXIS2_PLACEMENT_3D('',#12158,#8836,#8837);
#7400=AXIS2_PLACEMENT_3D('',#12179,#8838,#8839);
#7401=AXIS2_PLACEMENT_3D('',#12201,#8842,#8843);
#7402=AXIS2_PLACEMENT_3D('',#12203,#8844,#8845);
#7403=AXIS2_PLACEMENT_3D('',#12205,#8847,#8848);
#7404=AXIS2_PLACEMENT_3D('',#12207,#8849,#8850);
#7405=AXIS2_PLACEMENT_3D('',#12231,#8852,#8853);
#7406=AXIS2_PLACEMENT_3D('',#12282,#8854,#8855);
#7407=AXIS2_PLACEMENT_3D('',#12315,#8856,#8857);
#7408=AXIS2_PLACEMENT_3D('',#12316,#8858,#8859);
#7409=AXIS2_PLACEMENT_3D('',#12338,#8862,#8863);
#7410=AXIS2_PLACEMENT_3D('',#12341,#8866,#8867);
#7411=AXIS2_PLACEMENT_3D('',#12342,#8868,#8869);
#7412=AXIS2_PLACEMENT_3D('',#12343,#8870,#8871);
#7413=AXIS2_PLACEMENT_3D('',#12346,#8874,#8875);
#7414=AXIS2_PLACEMENT_3D('',#12380,#8878,#8879);
#7415=AXIS2_PLACEMENT_3D('',#12392,#8880,#8881);
#7416=AXIS2_PLACEMENT_3D('',#12393,#8882,#8883);
#7417=AXIS2_PLACEMENT_3D('',#12422,#8888,#8889);
#7418=AXIS2_PLACEMENT_3D('',#12424,#8890,#8891);
#7419=AXIS2_PLACEMENT_3D('',#12435,#8893,#8894);
#7420=AXIS2_PLACEMENT_3D('',#12493,#8898,#8899);
#7421=AXIS2_PLACEMENT_3D('',#12497,#8902,#8903);
#7422=AXIS2_PLACEMENT_3D('',#12509,#8905,#8906);
#7423=AXIS2_PLACEMENT_3D('',#12510,#8907,#8908);
#7424=AXIS2_PLACEMENT_3D('',#12511,#8909,#8910);
#7425=AXIS2_PLACEMENT_3D('',#12523,#8911,#8912);
#7426=AXIS2_PLACEMENT_3D('',#12524,#8913,#8914);
#7427=AXIS2_PLACEMENT_3D('',#12525,#8915,#8916);
#7428=AXIS2_PLACEMENT_3D('',#12527,#8918,#8919);
#7429=AXIS2_PLACEMENT_3D('',#12545,#8923,#8924);
#7430=AXIS2_PLACEMENT_3D('',#12546,#8925,#8926);
#7431=AXIS2_PLACEMENT_3D('',#12589,#8929,#8930);
#7432=AXIS2_PLACEMENT_3D('',#12590,#8931,#8932);
#7433=AXIS2_PLACEMENT_3D('',#12592,#8934,#8935);
#7434=AXIS2_PLACEMENT_3D('',#12651,#8936,#8937);
#7435=AXIS2_PLACEMENT_3D('',#12674,#8938,#8939);
#7436=AXIS2_PLACEMENT_3D('',#12706,#8940,#8941);
#7437=AXIS2_PLACEMENT_3D('',#12728,#8944,#8945);
#7438=AXIS2_PLACEMENT_3D('',#12731,#8947,#8948);
#7439=AXIS2_PLACEMENT_3D('',#12732,#8949,#8950);
#7440=AXIS2_PLACEMENT_3D('',#12734,#8951,#8952);
#7441=AXIS2_PLACEMENT_3D('',#12758,#8954,#8955);
#7442=AXIS2_PLACEMENT_3D('',#12809,#8956,#8957);
#7443=AXIS2_PLACEMENT_3D('',#12811,#8958,#8959);
#7444=AXIS2_PLACEMENT_3D('',#12843,#8960,#8961);
#7445=AXIS2_PLACEMENT_3D('',#12865,#8964,#8965);
#7446=AXIS2_PLACEMENT_3D('',#12868,#8968,#8969);
#7447=AXIS2_PLACEMENT_3D('',#12869,#8970,#8971);
#7448=AXIS2_PLACEMENT_3D('',#12870,#8972,#8973);
#7449=AXIS2_PLACEMENT_3D('',#12873,#8976,#8977);
#7450=AXIS2_PLACEMENT_3D('',#12907,#8980,#8981);
#7451=AXIS2_PLACEMENT_3D('',#12919,#8982,#8983);
#7452=AXIS2_PLACEMENT_3D('',#12920,#8984,#8985);
#7453=AXIS2_PLACEMENT_3D('',#12949,#8990,#8991);
#7454=AXIS2_PLACEMENT_3D('',#12951,#8992,#8993);
#7455=AXIS2_PLACEMENT_3D('',#12962,#8995,#8996);
#7456=AXIS2_PLACEMENT_3D('',#13020,#9000,#9001);
#7457=AXIS2_PLACEMENT_3D('',#13024,#9004,#9005);
#7458=AXIS2_PLACEMENT_3D('',#13034,#9006,#9007);
#7459=AXIS2_PLACEMENT_3D('',#13036,#9008,#9009);
#7460=AXIS2_PLACEMENT_3D('',#13038,#9011,#9012);
#7461=AXIS2_PLACEMENT_3D('',#13040,#9013,#9014);
#7462=AXIS2_PLACEMENT_3D('',#13051,#9015,#9016);
#7463=AXIS2_PLACEMENT_3D('',#13052,#9017,#9018);
#7464=AXIS2_PLACEMENT_3D('',#13054,#9020,#9021);
#7465=AXIS2_PLACEMENT_3D('',#13072,#9025,#9026);
#7466=AXIS2_PLACEMENT_3D('',#13073,#9027,#9028);
#7467=AXIS2_PLACEMENT_3D('',#13116,#9031,#9032);
#7468=AXIS2_PLACEMENT_3D('',#13117,#9033,#9034);
#7469=AXIS2_PLACEMENT_3D('',#13119,#9036,#9037);
#7470=AXIS2_PLACEMENT_3D('',#13120,#9038,#9039);
#7471=AXIS2_PLACEMENT_3D('',#13129,#9044,#9045);
#7472=AXIS2_PLACEMENT_3D('',#13135,#9049,#9050);
#7473=AXIS2_PLACEMENT_3D('',#13141,#9054,#9055);
#7474=AXIS2_PLACEMENT_3D('',#13147,#9059,#9060);
#7475=AXIS2_PLACEMENT_3D('',#13153,#9064,#9065);
#7476=AXIS2_PLACEMENT_3D('',#13156,#9068,#9069);
#7477=AXIS2_PLACEMENT_3D('',#13157,#9070,#9071);
#7478=AXIS2_PLACEMENT_3D('',#13166,#9076,#9077);
#7479=AXIS2_PLACEMENT_3D('',#13172,#9081,#9082);
#7480=AXIS2_PLACEMENT_3D('',#13178,#9086,#9087);
#7481=AXIS2_PLACEMENT_3D('',#13184,#9091,#9092);
#7482=AXIS2_PLACEMENT_3D('',#13190,#9096,#9097);
#7483=AXIS2_PLACEMENT_3D('',#13193,#9100,#9101);
#7484=AXIS2_PLACEMENT_3D('',#13194,#9102,#9103);
#7485=AXIS2_PLACEMENT_3D('',#13203,#9108,#9109);
#7486=AXIS2_PLACEMENT_3D('',#13209,#9113,#9114);
#7487=AXIS2_PLACEMENT_3D('',#13215,#9118,#9119);
#7488=AXIS2_PLACEMENT_3D('',#13221,#9123,#9124);
#7489=AXIS2_PLACEMENT_3D('',#13227,#9128,#9129);
#7490=AXIS2_PLACEMENT_3D('',#13230,#9132,#9133);
#7491=AXIS2_PLACEMENT_3D('',#13231,#9134,#9135);
#7492=AXIS2_PLACEMENT_3D('',#13240,#9140,#9141);
#7493=AXIS2_PLACEMENT_3D('',#13246,#9145,#9146);
#7494=AXIS2_PLACEMENT_3D('',#13252,#9150,#9151);
#7495=AXIS2_PLACEMENT_3D('',#13258,#9155,#9156);
#7496=AXIS2_PLACEMENT_3D('',#13264,#9160,#9161);
#7497=AXIS2_PLACEMENT_3D('',#13267,#9164,#9165);
#7498=AXIS2_PLACEMENT_3D('',#13268,#9166,#9167);
#7499=AXIS2_PLACEMENT_3D('',#13277,#9172,#9173);
#7500=AXIS2_PLACEMENT_3D('',#13283,#9177,#9178);
#7501=AXIS2_PLACEMENT_3D('',#13289,#9182,#9183);
#7502=AXIS2_PLACEMENT_3D('',#13295,#9187,#9188);
#7503=AXIS2_PLACEMENT_3D('',#13301,#9192,#9193);
#7504=AXIS2_PLACEMENT_3D('',#13304,#9196,#9197);
#7505=AXIS2_PLACEMENT_3D('',#13313,#9202,#9203);
#7506=AXIS2_PLACEMENT_3D('',#13319,#9207,#9208);
#7507=AXIS2_PLACEMENT_3D('',#13325,#9212,#9213);
#7508=AXIS2_PLACEMENT_3D('',#13331,#9217,#9218);
#7509=AXIS2_PLACEMENT_3D('',#13337,#9222,#9223);
#7510=AXIS2_PLACEMENT_3D('',#13340,#9226,#9227);
#7511=AXIS2_PLACEMENT_3D('',#13349,#9232,#9233);
#7512=AXIS2_PLACEMENT_3D('',#13355,#9237,#9238);
#7513=AXIS2_PLACEMENT_3D('',#13361,#9242,#9243);
#7514=AXIS2_PLACEMENT_3D('',#13367,#9247,#9248);
#7515=AXIS2_PLACEMENT_3D('',#13373,#9252,#9253);
#7516=AXIS2_PLACEMENT_3D('',#13379,#9257,#9258);
#7517=AXIS2_PLACEMENT_3D('',#13385,#9262,#9263);
#7518=AXIS2_PLACEMENT_3D('',#13388,#9266,#9267);
#7519=AXIS2_PLACEMENT_3D('',#13389,#9268,#9269);
#7520=AXIS2_PLACEMENT_3D('',#13390,#9270,#9271);
#7521=AXIS2_PLACEMENT_3D('',#13399,#9276,#9277);
#7522=AXIS2_PLACEMENT_3D('',#13405,#9281,#9282);
#7523=AXIS2_PLACEMENT_3D('',#13411,#9286,#9287);
#7524=AXIS2_PLACEMENT_3D('',#13420,#9292,#9293);
#7525=AXIS2_PLACEMENT_3D('',#13426,#9297,#9298);
#7526=AXIS2_PLACEMENT_3D('',#13432,#9302,#9303);
#7527=AXIS2_PLACEMENT_3D('',#13441,#9308,#9309);
#7528=AXIS2_PLACEMENT_3D('',#13447,#9313,#9314);
#7529=AXIS2_PLACEMENT_3D('',#13453,#9318,#9319);
#7530=AXIS2_PLACEMENT_3D('',#13456,#9322,#9323);
#7531=AXIS2_PLACEMENT_3D('',#13457,#9324,#9325);
#7532=AXIS2_PLACEMENT_3D('',#13458,#9326,#9327);
#7533=AXIS2_PLACEMENT_3D('',#13459,#9328,#9329);
#7534=AXIS2_PLACEMENT_3D('',#13461,#9330,#9331);
#7535=AXIS2_PLACEMENT_3D('',#13464,#9333,#9334);
#7536=AXIS2_PLACEMENT_3D('',#13465,#9335,#9336);
#7537=AXIS2_PLACEMENT_3D('',#13468,#9338,#9339);
#7538=AXIS2_PLACEMENT_3D('',#13469,#9340,#9341);
#7539=AXIS2_PLACEMENT_3D('',#13471,#9342,#9343);
#7540=AXIS2_PLACEMENT_3D('',#13474,#9345,#9346);
#7541=AXIS2_PLACEMENT_3D('',#13475,#9347,#9348);
#7542=AXIS2_PLACEMENT_3D('',#13478,#9350,#9351);
#7543=AXIS2_PLACEMENT_3D('',#13479,#9352,#9353);
#7544=AXIS2_PLACEMENT_3D('',#13480,#9354,#9355);
#7545=AXIS2_PLACEMENT_3D('',#13481,#9356,#9357);
#7546=AXIS2_PLACEMENT_3D('',#13482,#9358,#9359);
#7547=AXIS2_PLACEMENT_3D('',#13483,#9360,#9361);
#7548=DIRECTION('axis',(0.,0.,1.));
#7549=DIRECTION('refdir',(1.,0.,0.));
#7550=DIRECTION('center_axis',(0.,0.,1.));
#7551=DIRECTION('ref_axis',(0.,1.,0.));
#7552=DIRECTION('',(0.,0.,-1.));
#7553=DIRECTION('center_axis',(0.,0.,1.));
#7554=DIRECTION('ref_axis',(0.,1.,0.));
#7555=DIRECTION('',(0.,0.,1.));
#7556=DIRECTION('center_axis',(0.,0.,1.));
#7557=DIRECTION('ref_axis',(0.,1.,0.));
#7558=DIRECTION('',(0.,0.,1.));
#7559=DIRECTION('center_axis',(0.,0.,-1.));
#7560=DIRECTION('ref_axis',(0.,1.,0.));
#7561=DIRECTION('center_axis',(1.,0.,0.));
#7562=DIRECTION('ref_axis',(0.,1.,0.));
#7563=DIRECTION('',(0.,-1.,0.));
#7564=DIRECTION('',(0.,1.,0.));
#7565=DIRECTION('',(0.,0.,-1.));
#7566=DIRECTION('',(0.,1.,0.));
#7567=DIRECTION('',(0.,0.,1.));
#7568=DIRECTION('center_axis',(-8.88178419700124E-15,1.,0.));
#7569=DIRECTION('ref_axis',(-1.,-8.88178419700124E-15,0.));
#7570=DIRECTION('',(-1.,-8.88178419700124E-15,0.));
#7571=DIRECTION('',(-1.,-8.88178419700124E-15,0.));
#7572=DIRECTION('',(0.,0.,1.));
#7573=DIRECTION('center_axis',(1.,0.,0.));
#7574=DIRECTION('ref_axis',(0.,1.,0.));
#7575=DIRECTION('',(0.,0.,-1.));
#7576=DIRECTION('',(0.,1.,0.));
#7577=DIRECTION('',(0.,0.,1.));
#7578=DIRECTION('',(0.,1.,0.));
#7579=DIRECTION('',(0.,0.,1.));
#7580=DIRECTION('',(0.,-1.,0.));
#7581=DIRECTION('center_axis',(0.,0.,1.));
#7582=DIRECTION('ref_axis',(1.,2.22044604925031E-15,0.));
#7583=DIRECTION('',(0.,0.,1.));
#7584=DIRECTION('center_axis',(0.,0.,-1.));
#7585=DIRECTION('ref_axis',(1.,2.22044604925031E-15,0.));
#7586=DIRECTION('center_axis',(0.,0.,1.));
#7587=DIRECTION('ref_axis',(1.,2.22044604925031E-15,0.));
#7588=DIRECTION('',(0.,0.,1.));
#7589=DIRECTION('center_axis',(0.,0.,1.));
#7590=DIRECTION('ref_axis',(1.,2.22044604925031E-15,0.));
#7591=DIRECTION('center_axis',(-8.88178419700128E-15,-1.,0.));
#7592=DIRECTION('ref_axis',(1.,-8.88178419700128E-15,0.));
#7593=DIRECTION('',(1.,-8.88178419700128E-15,0.));
#7594=DIRECTION('',(0.,0.,-1.));
#7595=DIRECTION('',(1.,-8.88178419700128E-15,0.));
#7596=DIRECTION('center_axis',(-1.,0.,0.));
#7597=DIRECTION('ref_axis',(0.,-1.,0.));
#7598=DIRECTION('',(0.,1.,0.));
#7599=DIRECTION('',(0.,0.,-1.));
#7600=DIRECTION('',(0.,-1.,0.));
#7601=DIRECTION('',(0.,0.,1.));
#7602=DIRECTION('',(0.,-1.,0.));
#7603=DIRECTION('',(0.,0.,1.));
#7604=DIRECTION('center_axis',(0.,0.,1.));
#7605=DIRECTION('ref_axis',(-1.,0.,0.));
#7606=DIRECTION('',(0.,0.,1.));
#7607=DIRECTION('center_axis',(0.,0.,-1.));
#7608=DIRECTION('ref_axis',(-1.,0.,0.));
#7609=DIRECTION('center_axis',(0.,0.,1.));
#7610=DIRECTION('ref_axis',(-1.,0.,0.));
#7611=DIRECTION('',(0.,0.,1.));
#7612=DIRECTION('center_axis',(0.,0.,1.));
#7613=DIRECTION('ref_axis',(-1.,0.,0.));
#7614=DIRECTION('center_axis',(8.88178419700124E-15,1.,0.));
#7615=DIRECTION('ref_axis',(-1.,8.88178419700124E-15,0.));
#7616=DIRECTION('',(-1.,8.88178419700124E-15,0.));
#7617=DIRECTION('',(0.,0.,-1.));
#7618=DIRECTION('',(-1.,8.88178419700124E-15,0.));
#7619=DIRECTION('center_axis',(0.,0.,1.));
#7620=DIRECTION('ref_axis',(0.,-1.,0.));
#7621=DIRECTION('',(0.,0.,-1.));
#7622=DIRECTION('center_axis',(0.,0.,1.));
#7623=DIRECTION('ref_axis',(0.,-1.,0.));
#7624=DIRECTION('',(0.,0.,1.));
#7625=DIRECTION('center_axis',(0.,0.,1.));
#7626=DIRECTION('ref_axis',(0.,-1.,0.));
#7627=DIRECTION('',(0.,0.,1.));
#7628=DIRECTION('center_axis',(0.,0.,-1.));
#7629=DIRECTION('ref_axis',(0.,-1.,0.));
#7630=DIRECTION('center_axis',(-1.,0.,0.));
#7631=DIRECTION('ref_axis',(0.,-1.,0.));
#7632=DIRECTION('',(0.,0.,1.));
#7633=DIRECTION('',(0.,1.,0.));
#7634=DIRECTION('',(0.,-1.,0.));
#7635=DIRECTION('',(0.,0.,-1.));
#7636=DIRECTION('',(0.,-1.,0.));
#7637=DIRECTION('center_axis',(8.88178419700128E-15,-1.,0.));
#7638=DIRECTION('ref_axis',(1.,8.88178419700128E-15,0.));
#7639=DIRECTION('',(1.,8.88178419700128E-15,0.));
#7640=DIRECTION('',(1.,8.88178419700128E-15,0.));
#7641=DIRECTION('',(0.,0.,1.));
#7642=DIRECTION('center_axis',(1.,-8.47498492080272E-17,0.));
#7643=DIRECTION('ref_axis',(-8.47498492080272E-17,-1.,0.));
#7644=DIRECTION('',(-8.47498492080272E-17,-1.,0.));
#7645=DIRECTION('',(0.,0.,1.));
#7646=DIRECTION('',(-8.47498492080272E-17,-1.,0.));
#7647=DIRECTION('',(0.,0.,1.));
#7648=DIRECTION('',(8.47498492080272E-17,1.,0.));
#7649=DIRECTION('',(0.,0.,1.));
#7650=DIRECTION('',(-8.47498492080272E-17,-1.,0.));
#7651=DIRECTION('',(0.,0.,-1.));
#7652=DIRECTION('',(-8.47498492080272E-17,-1.,0.));
#7653=DIRECTION('',(-8.47498492080272E-17,1.,0.));
#7654=DIRECTION('',(0.,-1.,0.));
#7655=DIRECTION('',(0.,0.,1.));
#7656=DIRECTION('',(8.47498492080272E-17,1.,0.));
#7657=DIRECTION('',(0.,0.,1.));
#7658=DIRECTION('center_axis',(-4.93432455388958E-16,1.,0.));
#7659=DIRECTION('ref_axis',(1.,4.93432455388958E-16,0.));
#7660=DIRECTION('',(-1.,4.93432455388958E-16,0.));
#7661=DIRECTION('',(-1.,-4.93432455388958E-16,0.));
#7662=DIRECTION('',(0.,0.,1.));
#7663=DIRECTION('',(1.,4.93432455388958E-16,0.));
#7664=DIRECTION('',(0.,0.,-1.));
#7665=DIRECTION('',(-1.,-4.93432455388958E-16,0.));
#7666=DIRECTION('center_axis',(1.,0.,0.));
#7667=DIRECTION('ref_axis',(0.,-1.,0.));
#7668=DIRECTION('',(0.,-1.,0.));
#7669=DIRECTION('',(0.,0.,-1.));
#7670=DIRECTION('',(0.,-1.,0.));
#7671=DIRECTION('',(0.,0.,-1.));
#7672=DIRECTION('',(0.,-1.,0.));
#7673=DIRECTION('',(0.,1.,0.));
#7674=DIRECTION('center_axis',(0.,1.,0.));
#7675=DIRECTION('ref_axis',(1.,0.,0.));
#7676=DIRECTION('',(1.,0.,0.));
#7677=DIRECTION('',(-1.,0.,0.));
#7678=DIRECTION('center_axis',(0.,-1.,0.));
#7679=DIRECTION('ref_axis',(-1.,0.,0.));
#7680=DIRECTION('',(0.,0.,-1.));
#7681=DIRECTION('center_axis',(0.,-1.,0.));
#7682=DIRECTION('ref_axis',(0.,0.,1.));
#7683=DIRECTION('',(-1.,0.,0.));
#7684=DIRECTION('center_axis',(0.,-1.,0.));
#7685=DIRECTION('ref_axis',(1.,0.,-1.00929365875014E-15));
#7686=DIRECTION('',(0.,0.,1.));
#7687=DIRECTION('center_axis',(0.,-1.,0.));
#7688=DIRECTION('ref_axis',(5.04646829375071E-16,0.,-1.));
#7689=DIRECTION('',(-1.,0.,0.));
#7690=DIRECTION('',(1.,0.,0.));
#7691=DIRECTION('',(1.,0.,0.));
#7692=DIRECTION('',(0.,0.,1.));
#7693=DIRECTION('center_axis',(0.,0.,-1.));
#7694=DIRECTION('ref_axis',(-1.,0.,0.));
#7695=DIRECTION('',(1.,0.,0.));
#7696=DIRECTION('',(0.,-1.,0.));
#7697=DIRECTION('',(0.,-1.,0.));
#7698=DIRECTION('',(1.,0.,0.));
#7699=DIRECTION('',(0.,1.,0.));
#7700=DIRECTION('',(1.,-4.93432455388958E-16,0.));
#7701=DIRECTION('',(0.,1.,0.));
#7702=DIRECTION('',(0.,1.,0.));
#7703=DIRECTION('center_axis',(0.,0.,-1.));
#7704=DIRECTION('ref_axis',(-1.,0.,0.));
#7705=DIRECTION('center_axis',(0.,0.,-1.));
#7706=DIRECTION('ref_axis',(-1.,0.,0.));
#7707=DIRECTION('center_axis',(0.,0.,-1.));
#7708=DIRECTION('ref_axis',(-1.,0.,0.));
#7709=DIRECTION('center_axis',(0.,0.,-1.));
#7710=DIRECTION('ref_axis',(-1.,0.,0.));
#7711=DIRECTION('',(-1.,9.65411325761006E-17,0.));
#7712=DIRECTION('center_axis',(0.,0.,-1.));
#7713=DIRECTION('ref_axis',(-1.,0.,0.));
#7714=DIRECTION('center_axis',(0.,0.,-1.));
#7715=DIRECTION('ref_axis',(-1.,0.,0.));
#7716=DIRECTION('',(-1.,9.65411325761006E-17,0.));
#7717=DIRECTION('center_axis',(0.,0.,-1.));
#7718=DIRECTION('ref_axis',(-1.,-2.22044604925031E-15,0.));
#7719=DIRECTION('',(-1.11022302462516E-15,1.,0.));
#7720=DIRECTION('center_axis',(0.,0.,-1.));
#7721=DIRECTION('ref_axis',(0.,1.,0.));
#7722=DIRECTION('',(1.,0.,0.));
#7723=DIRECTION('center_axis',(0.,0.,-1.));
#7724=DIRECTION('ref_axis',(1.,2.22044604925031E-15,0.));
#7725=DIRECTION('',(0.,-1.,0.));
#7726=DIRECTION('center_axis',(0.,0.,-1.));
#7727=DIRECTION('ref_axis',(2.22044604925031E-15,-1.,0.));
#7728=DIRECTION('',(-1.,9.65411325761006E-17,0.));
#7729=DIRECTION('',(-1.,9.65411325761006E-17,0.));
#7730=DIRECTION('center_axis',(0.,0.,-1.));
#7731=DIRECTION('ref_axis',(-1.,-2.22044604925031E-15,0.));
#7732=DIRECTION('',(-1.11022302462516E-15,1.,0.));
#7733=DIRECTION('center_axis',(0.,0.,-1.));
#7734=DIRECTION('ref_axis',(0.,1.,0.));
#7735=DIRECTION('',(1.,0.,0.));
#7736=DIRECTION('center_axis',(0.,0.,-1.));
#7737=DIRECTION('ref_axis',(1.,2.22044604925031E-15,0.));
#7738=DIRECTION('',(0.,-1.,0.));
#7739=DIRECTION('center_axis',(0.,0.,-1.));
#7740=DIRECTION('ref_axis',(2.22044604925031E-15,-1.,0.));
#7741=DIRECTION('center_axis',(0.,0.,-1.));
#7742=DIRECTION('ref_axis',(-1.,0.,0.));
#7743=DIRECTION('center_axis',(0.,0.,-1.));
#7744=DIRECTION('ref_axis',(-1.,0.,0.));
#7745=DIRECTION('',(0.,-1.,0.));
#7746=DIRECTION('',(1.,0.,0.));
#7747=DIRECTION('center_axis',(0.,0.,-1.));
#7748=DIRECTION('ref_axis',(1.,1.11022302462516E-15,0.));
#7749=DIRECTION('',(0.,-1.,0.));
#7750=DIRECTION('center_axis',(0.,0.,-1.));
#7751=DIRECTION('ref_axis',(2.22044604925031E-15,-1.,0.));
#7752=DIRECTION('',(-1.,4.82705662880503E-17,0.));
#7753=DIRECTION('center_axis',(0.,0.,-1.));
#7754=DIRECTION('ref_axis',(-1.,-2.22044604925031E-15,0.));
#7755=DIRECTION('',(-1.11022302462516E-15,1.,0.));
#7756=DIRECTION('center_axis',(0.,0.,-1.));
#7757=DIRECTION('ref_axis',(0.,1.,0.));
#7758=DIRECTION('',(1.,0.,0.));
#7759=DIRECTION('',(0.,1.,0.));
#7760=DIRECTION('',(-1.,4.82705662880503E-17,0.));
#7761=DIRECTION('center_axis',(0.,0.,-1.));
#7762=DIRECTION('ref_axis',(-1.,-2.22044604925031E-15,0.));
#7763=DIRECTION('',(-1.11022302462516E-15,1.,0.));
#7764=DIRECTION('center_axis',(0.,0.,-1.));
#7765=DIRECTION('ref_axis',(0.,1.,0.));
#7766=DIRECTION('',(1.,0.,0.));
#7767=DIRECTION('center_axis',(0.,0.,-1.));
#7768=DIRECTION('ref_axis',(1.,1.11022302462516E-15,0.));
#7769=DIRECTION('',(0.,-1.,0.));
#7770=DIRECTION('center_axis',(0.,0.,-1.));
#7771=DIRECTION('ref_axis',(2.22044604925031E-15,-1.,0.));
#7772=DIRECTION('',(-1.,4.82705662880503E-17,0.));
#7773=DIRECTION('center_axis',(4.93432455388958E-16,1.,0.));
#7774=DIRECTION('ref_axis',(1.,-4.93432455388958E-16,0.));
#7775=DIRECTION('',(-1.,4.93432455388958E-16,0.));
#7776=DIRECTION('center_axis',(-4.93432455388958E-16,-1.,0.));
#7777=DIRECTION('ref_axis',(0.,0.,1.));
#7778=DIRECTION('center_axis',(1.23973323042435E-48,1.,0.));
#7779=DIRECTION('ref_axis',(-1.,1.23973323042435E-48,0.));
#7780=DIRECTION('',(-1.,1.23973323042435E-48,0.));
#7781=DIRECTION('center_axis',(-9.88331057177857E-78,1.,-3.56083790465992E-63));
#7782=DIRECTION('ref_axis',(2.77555756156288E-15,3.56083790465992E-63,1.));
#7783=DIRECTION('center_axis',(-4.93432455388958E-16,-1.,0.));
#7784=DIRECTION('ref_axis',(0.,0.,1.));
#7785=DIRECTION('',(-1.,4.93432455388958E-16,0.));
#7786=DIRECTION('',(-1.,-4.93432455388958E-16,0.));
#7787=DIRECTION('center_axis',(-4.93432455388958E-16,-1.,0.));
#7788=DIRECTION('ref_axis',(0.,0.,1.));
#7789=DIRECTION('',(0.,0.,-1.));
#7790=DIRECTION('center_axis',(-4.93432455388958E-16,-1.,0.));
#7791=DIRECTION('ref_axis',(-1.,0.,0.));
#7792=DIRECTION('center_axis',(-4.93432455388958E-16,-1.,0.));
#7793=DIRECTION('ref_axis',(5.04646829375071E-16,0.,-1.));
#7794=DIRECTION('',(0.,0.,1.));
#7795=DIRECTION('center_axis',(0.,1.,0.));
#7796=DIRECTION('ref_axis',(1.,0.,-1.00929365875014E-15));
#7797=DIRECTION('',(1.,0.,0.));
#7798=DIRECTION('center_axis',(0.,0.,1.));
#7799=DIRECTION('ref_axis',(1.,0.,0.));
#7800=DIRECTION('',(8.47498492080272E-17,-1.,0.));
#7801=DIRECTION('',(1.,-9.65411325761006E-17,0.));
#7802=DIRECTION('center_axis',(0.,0.,1.));
#7803=DIRECTION('ref_axis',(2.22044604925031E-15,-1.,0.));
#7804=DIRECTION('',(0.,1.,0.));
#7805=DIRECTION('center_axis',(0.,0.,1.));
#7806=DIRECTION('ref_axis',(1.,2.22044604925031E-15,0.));
#7807=DIRECTION('',(-1.,0.,0.));
#7808=DIRECTION('center_axis',(0.,0.,1.));
#7809=DIRECTION('ref_axis',(0.,1.,0.));
#7810=DIRECTION('',(1.11022302462516E-15,-1.,0.));
#7811=DIRECTION('center_axis',(0.,0.,1.));
#7812=DIRECTION('ref_axis',(-1.,-2.22044604925031E-15,0.));
#7813=DIRECTION('',(1.,-9.65411325761006E-17,0.));
#7814=DIRECTION('center_axis',(0.,0.,1.));
#7815=DIRECTION('ref_axis',(2.22044604925031E-15,-1.,0.));
#7816=DIRECTION('',(0.,1.,0.));
#7817=DIRECTION('center_axis',(0.,0.,1.));
#7818=DIRECTION('ref_axis',(1.,2.22044604925031E-15,0.));
#7819=DIRECTION('',(-1.,0.,0.));
#7820=DIRECTION('center_axis',(0.,0.,1.));
#7821=DIRECTION('ref_axis',(0.,1.,0.));
#7822=DIRECTION('',(1.11022302462516E-15,-1.,0.));
#7823=DIRECTION('center_axis',(0.,0.,1.));
#7824=DIRECTION('ref_axis',(-1.,-2.22044604925031E-15,0.));
#7825=DIRECTION('center_axis',(0.,0.,1.));
#7826=DIRECTION('ref_axis',(-1.,0.,0.));
#7827=DIRECTION('center_axis',(0.,0.,1.));
#7828=DIRECTION('ref_axis',(-1.,0.,0.));
#7829=DIRECTION('',(0.,-1.,0.));
#7830=DIRECTION('',(-1.,0.,0.));
#7831=DIRECTION('center_axis',(0.,0.,1.));
#7832=DIRECTION('ref_axis',(0.,1.,0.));
#7833=DIRECTION('',(1.11022302462516E-15,-1.,0.));
#7834=DIRECTION('center_axis',(0.,0.,1.));
#7835=DIRECTION('ref_axis',(-1.,-2.22044604925031E-15,0.));
#7836=DIRECTION('',(1.,-4.82705662880503E-17,0.));
#7837=DIRECTION('center_axis',(0.,0.,1.));
#7838=DIRECTION('ref_axis',(2.22044604925031E-15,-1.,0.));
#7839=DIRECTION('',(0.,1.,0.));
#7840=DIRECTION('center_axis',(0.,0.,1.));
#7841=DIRECTION('ref_axis',(1.,1.11022302462516E-15,0.));
#7842=DIRECTION('',(-1.,0.,0.));
#7843=DIRECTION('',(0.,1.,0.));
#7844=DIRECTION('',(1.,-4.82705662880503E-17,0.));
#7845=DIRECTION('center_axis',(0.,0.,1.));
#7846=DIRECTION('ref_axis',(2.22044604925031E-15,-1.,0.));
#7847=DIRECTION('',(0.,1.,0.));
#7848=DIRECTION('center_axis',(0.,0.,1.));
#7849=DIRECTION('ref_axis',(1.,1.11022302462516E-15,0.));
#7850=DIRECTION('',(-1.,0.,0.));
#7851=DIRECTION('center_axis',(0.,0.,1.));
#7852=DIRECTION('ref_axis',(0.,1.,0.));
#7853=DIRECTION('',(1.11022302462516E-15,-1.,0.));
#7854=DIRECTION('center_axis',(0.,0.,1.));
#7855=DIRECTION('ref_axis',(-1.,-2.22044604925031E-15,0.));
#7856=DIRECTION('',(1.,-4.82705662880503E-17,0.));
#7857=DIRECTION('center_axis',(1.,8.47498492080272E-17,0.));
#7858=DIRECTION('ref_axis',(8.47498492080272E-17,-1.,0.));
#7859=DIRECTION('',(-8.47498492080272E-17,1.,0.));
#7860=DIRECTION('',(-8.47498492080272E-17,1.,0.));
#7861=DIRECTION('',(0.,0.,1.));
#7862=DIRECTION('',(8.47498492080272E-17,-1.,0.));
#7863=DIRECTION('',(0.,0.,1.));
#7864=DIRECTION('',(8.47498492080272E-17,-1.,0.));
#7865=DIRECTION('',(0.,0.,1.));
#7866=DIRECTION('',(8.47498492080272E-17,-1.,0.));
#7867=DIRECTION('',(0.,0.,-1.));
#7868=DIRECTION('',(0.,0.,1.));
#7869=DIRECTION('',(8.47498492080272E-17,-1.,0.));
#7870=DIRECTION('',(0.,0.,1.));
#7871=DIRECTION('',(0.,1.,0.));
#7872=DIRECTION('center_axis',(1.,0.,0.));
#7873=DIRECTION('ref_axis',(0.,-1.,0.));
#7874=DIRECTION('',(0.,0.,-1.));
#7875=DIRECTION('',(0.,0.,1.));
#7876=DIRECTION('center_axis',(-1.,0.,0.));
#7877=DIRECTION('ref_axis',(0.,1.,0.));
#7878=DIRECTION('',(0.,0.,1.));
#7879=DIRECTION('',(0.,0.,-1.));
#7880=DIRECTION('center_axis',(0.,1.,0.));
#7881=DIRECTION('ref_axis',(1.,0.,0.));
#7882=DIRECTION('',(0.,0.,-1.));
#7883=DIRECTION('center_axis',(0.,1.,0.));
#7884=DIRECTION('ref_axis',(1.,0.,0.));
#7885=DIRECTION('',(0.,0.,-1.));
#7886=DIRECTION('center_axis',(-4.82705662880503E-17,-1.,0.));
#7887=DIRECTION('ref_axis',(-1.,4.82705662880503E-17,0.));
#7888=DIRECTION('',(0.,0.,-1.));
#7889=DIRECTION('center_axis',(1.,0.,0.));
#7890=DIRECTION('ref_axis',(0.,0.,1.));
#7891=DIRECTION('',(0.,-1.,0.));
#7892=DIRECTION('',(0.,0.,1.));
#7893=DIRECTION('center_axis',(-1.,0.,0.));
#7894=DIRECTION('ref_axis',(0.,0.,-1.));
#7895=DIRECTION('',(0.,0.,-1.));
#7896=DIRECTION('',(0.,-1.,0.));
#7897=DIRECTION('center_axis',(0.,0.,1.));
#7898=DIRECTION('ref_axis',(-1.,0.,0.));
#7899=DIRECTION('',(-1.,0.,0.));
#7900=DIRECTION('center_axis',(0.,1.,0.));
#7901=DIRECTION('ref_axis',(1.,0.,0.));
#7902=DIRECTION('',(-1.,0.,0.));
#7903=DIRECTION('',(0.,0.,-1.));
#7904=DIRECTION('',(1.,0.,0.));
#7905=DIRECTION('',(-1.,0.,0.));
#7906=DIRECTION('center_axis',(0.,0.,1.));
#7907=DIRECTION('ref_axis',(-1.,0.,0.));
#7908=DIRECTION('',(-1.,9.65411325761006E-17,0.));
#7909=DIRECTION('center_axis',(0.,0.,1.));
#7910=DIRECTION('ref_axis',(-1.,0.,0.));
#7911=DIRECTION('center_axis',(0.,0.,1.));
#7912=DIRECTION('ref_axis',(-1.,0.,0.));
#7913=DIRECTION('center_axis',(0.,0.,-1.));
#7914=DIRECTION('ref_axis',(-1.,0.,0.));
#7915=DIRECTION('',(0.,0.,-1.));
#7916=DIRECTION('center_axis',(0.,0.,1.));
#7917=DIRECTION('ref_axis',(-1.,0.,0.));
#7918=DIRECTION('center_axis',(0.,0.,1.));
#7919=DIRECTION('ref_axis',(-1.,0.,0.));
#7920=DIRECTION('',(0.,0.,-1.));
#7921=DIRECTION('center_axis',(0.,0.,1.));
#7922=DIRECTION('ref_axis',(-1.,0.,0.));
#7923=DIRECTION('center_axis',(0.,0.,1.));
#7924=DIRECTION('ref_axis',(-1.,0.,0.));
#7925=DIRECTION('',(-1.,9.65411325761006E-17,0.));
#7926=DIRECTION('center_axis',(0.,0.,1.));
#7927=DIRECTION('ref_axis',(-1.,0.,0.));
#7928=DIRECTION('center_axis',(0.,0.,1.));
#7929=DIRECTION('ref_axis',(-1.,0.,0.));
#7930=DIRECTION('center_axis',(0.,0.,-1.));
#7931=DIRECTION('ref_axis',(-1.,0.,0.));
#7932=DIRECTION('',(0.,0.,-1.));
#7933=DIRECTION('center_axis',(0.,0.,1.));
#7934=DIRECTION('ref_axis',(-1.,0.,0.));
#7935=DIRECTION('center_axis',(0.,0.,1.));
#7936=DIRECTION('ref_axis',(-1.,0.,0.));
#7937=DIRECTION('',(0.,0.,-1.));
#7938=DIRECTION('center_axis',(0.,0.,1.));
#7939=DIRECTION('ref_axis',(-1.,0.,0.));
#7940=DIRECTION('center_axis',(0.,-1.,0.));
#7941=DIRECTION('ref_axis',(0.,0.,1.));
#7942=DIRECTION('',(0.,-1.,0.));
#7943=DIRECTION('',(0.,1.,0.));
#7944=DIRECTION('center_axis',(0.,1.,0.));
#7945=DIRECTION('ref_axis',(0.,0.,1.));
#7946=DIRECTION('',(0.,1.,0.));
#7947=DIRECTION('',(0.,-1.,0.));
#7948=DIRECTION('center_axis',(0.,1.,0.));
#7949=DIRECTION('ref_axis',(2.77555756156288E-15,0.,1.));
#7950=DIRECTION('',(0.,1.,0.));
#7951=DIRECTION('center_axis',(0.,1.,0.));
#7952=DIRECTION('ref_axis',(5.04646829375071E-16,0.,-1.));
#7953=DIRECTION('',(0.,1.,0.));
#7954=DIRECTION('center_axis',(1.,0.,0.));
#7955=DIRECTION('ref_axis',(0.,0.,-1.));
#7956=DIRECTION('',(0.,1.,0.));
#7957=DIRECTION('center_axis',(0.,1.,0.));
#7958=DIRECTION('ref_axis',(1.,0.,-1.00929365875014E-15));
#7959=DIRECTION('',(0.,1.,0.));
#7960=DIRECTION('center_axis',(0.,0.,1.));
#7961=DIRECTION('ref_axis',(1.,0.,0.));
#7962=DIRECTION('',(0.,1.,0.));
#7963=DIRECTION('center_axis',(0.,1.,0.));
#7964=DIRECTION('ref_axis',(0.,0.,1.));
#7965=DIRECTION('',(0.,1.,0.));
#7966=DIRECTION('center_axis',(-1.,0.,0.));
#7967=DIRECTION('ref_axis',(0.,0.,1.));
#7968=DIRECTION('',(0.,1.,0.));
#7969=DIRECTION('center_axis',(0.,1.,0.));
#7970=DIRECTION('ref_axis',(-1.,0.,0.));
#7971=DIRECTION('center_axis',(0.,1.,0.));
#7972=DIRECTION('ref_axis',(-1.,0.,0.));
#7973=DIRECTION('',(0.,1.,0.));
#7974=DIRECTION('center_axis',(0.,0.,1.));
#7975=DIRECTION('ref_axis',(1.,-1.23973323042435E-48,0.));
#7976=DIRECTION('',(0.,0.,-1.));
#7977=DIRECTION('',(0.,0.,-1.));
#7978=DIRECTION('center_axis',(0.,0.,1.));
#7979=DIRECTION('ref_axis',(1.,0.,0.));
#7980=DIRECTION('center_axis',(0.,0.,-1.));
#7981=DIRECTION('ref_axis',(1.,0.,0.));
#7982=DIRECTION('',(-0.642787609686539,0.766044443118978,0.));
#7983=DIRECTION('center_axis',(0.,0.,1.));
#7984=DIRECTION('ref_axis',(1.,0.,0.));
#7985=DIRECTION('',(-0.707106781186544,0.707106781186551,0.));
#7986=DIRECTION('center_axis',(0.,0.,-1.));
#7987=DIRECTION('ref_axis',(1.,0.,0.));
#7988=DIRECTION('',(0.707106781186535,-0.70710678118656,0.));
#7989=DIRECTION('center_axis',(0.,0.,1.));
#7990=DIRECTION('ref_axis',(1.,0.,0.));
#7991=DIRECTION('center_axis',(0.,0.,-1.));
#7992=DIRECTION('ref_axis',(1.,0.,0.));
#7993=DIRECTION('',(0.707106781186535,0.70710678118656,0.));
#7994=DIRECTION('center_axis',(0.,0.,1.));
#7995=DIRECTION('ref_axis',(1.,0.,0.));
#7996=DIRECTION('',(-0.707106781186544,-0.707106781186551,0.));
#7997=DIRECTION('center_axis',(0.,0.,-1.));
#7998=DIRECTION('ref_axis',(1.,0.,0.));
#7999=DIRECTION('',(-0.642787609686539,-0.766044443118978,0.));
#8000=DIRECTION('center_axis',(0.,0.,-1.));
#8001=DIRECTION('ref_axis',(1.,0.,0.));
#8002=DIRECTION('center_axis',(0.,0.,-1.));
#8003=DIRECTION('ref_axis',(1.,0.,0.));
#8004=DIRECTION('center_axis',(0.,0.,1.));
#8005=DIRECTION('ref_axis',(1.,0.,0.));
#8006=DIRECTION('center_axis',(0.,0.,-1.));
#8007=DIRECTION('ref_axis',(-1.,0.,0.));
#8008=DIRECTION('center_axis',(0.,0.,1.));
#8009=DIRECTION('ref_axis',(-1.,0.,0.));
#8010=DIRECTION('',(0.,1.,0.));
#8011=DIRECTION('center_axis',(0.,0.,-1.));
#8012=DIRECTION('ref_axis',(-1.,0.,0.));
#8013=DIRECTION('',(0.642787609686539,-0.766044443118978,0.));
#8014=DIRECTION('center_axis',(0.,0.,1.));
#8015=DIRECTION('ref_axis',(-1.,0.,0.));
#8016=DIRECTION('',(0.707106781186544,-0.707106781186551,0.));
#8017=DIRECTION('center_axis',(0.,0.,-1.));
#8018=DIRECTION('ref_axis',(-1.,0.,0.));
#8019=DIRECTION('',(-0.707106781186535,0.70710678118656,0.));
#8020=DIRECTION('center_axis',(0.,0.,1.));
#8021=DIRECTION('ref_axis',(-1.,0.,0.));
#8022=DIRECTION('center_axis',(0.,0.,-1.));
#8023=DIRECTION('ref_axis',(-1.,0.,0.));
#8024=DIRECTION('',(-0.707106781186535,-0.70710678118656,0.));
#8025=DIRECTION('center_axis',(0.,0.,1.));
#8026=DIRECTION('ref_axis',(-1.,0.,0.));
#8027=DIRECTION('',(0.707106781186544,0.707106781186551,0.));
#8028=DIRECTION('center_axis',(0.,0.,-1.));
#8029=DIRECTION('ref_axis',(-1.,0.,0.));
#8030=DIRECTION('',(0.642787609686539,0.766044443118978,0.));
#8031=DIRECTION('center_axis',(0.,0.,-1.));
#8032=DIRECTION('ref_axis',(-1.,0.,0.));
#8033=DIRECTION('',(0.,1.,0.));
#8034=DIRECTION('center_axis',(0.,0.,1.));
#8035=DIRECTION('ref_axis',(-1.,0.,0.));
#8036=DIRECTION('center_axis',(0.,0.,-1.));
#8037=DIRECTION('ref_axis',(-1.,0.,0.));
#8038=DIRECTION('center_axis',(0.,0.,-1.));
#8039=DIRECTION('ref_axis',(1.,0.,0.));
#8040=DIRECTION('center_axis',(0.,0.,-1.));
#8041=DIRECTION('ref_axis',(1.,0.,0.));
#8042=DIRECTION('',(0.,0.,-1.));
#8043=DIRECTION('center_axis',(0.,0.,1.));
#8044=DIRECTION('ref_axis',(-1.,0.,0.));
#8045=DIRECTION('center_axis',(0.,0.,-1.));
#8046=DIRECTION('ref_axis',(-1.,0.,0.));
#8047=DIRECTION('',(0.,0.,-1.));
#8048=DIRECTION('center_axis',(0.,0.,1.));
#8049=DIRECTION('ref_axis',(-1.,0.,0.));
#8050=DIRECTION('center_axis',(0.,0.,1.));
#8051=DIRECTION('ref_axis',(-1.,0.,0.));
#8052=DIRECTION('center_axis',(0.,0.,1.));
#8053=DIRECTION('ref_axis',(-1.,0.,0.));
#8054=DIRECTION('',(0.,0.,-1.));
#8055=DIRECTION('center_axis',(0.,0.,1.));
#8056=DIRECTION('ref_axis',(-1.,0.,0.));
#8057=DIRECTION('center_axis',(0.,0.,1.));
#8058=DIRECTION('ref_axis',(-1.,0.,0.));
#8059=DIRECTION('center_axis',(0.,0.,-1.));
#8060=DIRECTION('ref_axis',(-1.,0.,0.));
#8061=DIRECTION('',(0.,0.,-1.));
#8062=DIRECTION('center_axis',(0.,0.,1.));
#8063=DIRECTION('ref_axis',(-1.,0.,0.));
#8064=DIRECTION('center_axis',(0.,0.,1.));
#8065=DIRECTION('ref_axis',(-1.,0.,0.));
#8066=DIRECTION('center_axis',(0.,0.,1.));
#8067=DIRECTION('ref_axis',(-1.,0.,0.));
#8068=DIRECTION('',(0.,0.,-1.));
#8069=DIRECTION('center_axis',(0.,0.,1.));
#8070=DIRECTION('ref_axis',(-1.,0.,0.));
#8071=DIRECTION('center_axis',(0.,0.,-1.));
#8072=DIRECTION('ref_axis',(-1.,0.,0.));
#8073=DIRECTION('center_axis',(0.,0.,1.));
#8074=DIRECTION('ref_axis',(-1.,0.,0.));
#8075=DIRECTION('center_axis',(0.,0.,-1.));
#8076=DIRECTION('ref_axis',(-1.,0.,0.));
#8077=DIRECTION('',(0.,0.,-1.));
#8078=DIRECTION('center_axis',(0.,0.,1.));
#8079=DIRECTION('ref_axis',(-1.,0.,0.));
#8080=DIRECTION('center_axis',(0.,0.,1.));
#8081=DIRECTION('ref_axis',(-1.,0.,0.));
#8082=DIRECTION('center_axis',(0.,0.,1.));
#8083=DIRECTION('ref_axis',(-1.,0.,0.));
#8084=DIRECTION('',(0.,0.,-1.));
#8085=DIRECTION('center_axis',(0.,0.,1.));
#8086=DIRECTION('ref_axis',(-1.,0.,0.));
#8087=DIRECTION('center_axis',(0.,0.,-1.));
#8088=DIRECTION('ref_axis',(-1.,0.,0.));
#8089=DIRECTION('center_axis',(0.,0.,1.));
#8090=DIRECTION('ref_axis',(-1.,0.,0.));
#8091=DIRECTION('center_axis',(0.,0.,-1.));
#8092=DIRECTION('ref_axis',(-1.,0.,0.));
#8093=DIRECTION('',(0.,0.,-1.));
#8094=DIRECTION('center_axis',(0.,0.,1.));
#8095=DIRECTION('ref_axis',(-1.,0.,0.));
#8096=DIRECTION('center_axis',(0.,0.,1.));
#8097=DIRECTION('ref_axis',(-1.,0.,0.));
#8098=DIRECTION('center_axis',(0.,0.,1.));
#8099=DIRECTION('ref_axis',(-1.,0.,0.));
#8100=DIRECTION('',(0.,0.,-1.));
#8101=DIRECTION('center_axis',(0.,0.,1.));
#8102=DIRECTION('ref_axis',(-1.,0.,0.));
#8103=DIRECTION('center_axis',(0.,0.,-1.));
#8104=DIRECTION('ref_axis',(-1.,0.,0.));
#8105=DIRECTION('center_axis',(0.,1.,0.));
#8106=DIRECTION('ref_axis',(1.,0.,0.));
#8107=DIRECTION('',(0.,0.,-1.));
#8108=DIRECTION('',(0.,0.,-1.));
#8109=DIRECTION('center_axis',(0.,0.,-1.));
#8110=DIRECTION('ref_axis',(0.,1.,0.));
#8111=DIRECTION('',(0.,0.,-1.));
#8112=DIRECTION('center_axis',(-1.,-1.11022302462516E-15,0.));
#8113=DIRECTION('ref_axis',(-1.11022302462516E-15,1.,0.));
#8114=DIRECTION('',(0.,0.,-1.));
#8115=DIRECTION('center_axis',(0.,0.,-1.));
#8116=DIRECTION('ref_axis',(-1.,-2.22044604925031E-15,0.));
#8117=DIRECTION('center_axis',(-4.82705662880503E-17,-1.,0.));
#8118=DIRECTION('ref_axis',(-1.,4.82705662880503E-17,0.));
#8119=DIRECTION('',(0.,0.,-1.));
#8120=DIRECTION('center_axis',(0.,0.,-1.));
#8121=DIRECTION('ref_axis',(2.22044604925031E-15,-1.,0.));
#8122=DIRECTION('',(0.,0.,-1.));
#8123=DIRECTION('center_axis',(1.,0.,0.));
#8124=DIRECTION('ref_axis',(0.,-1.,0.));
#8125=DIRECTION('',(0.,0.,-1.));
#8126=DIRECTION('center_axis',(0.,0.,-1.));
#8127=DIRECTION('ref_axis',(1.,1.11022302462516E-15,0.));
#8128=DIRECTION('center_axis',(0.,0.,-1.));
#8129=DIRECTION('ref_axis',(0.,1.,0.));
#8130=DIRECTION('',(0.,0.,-1.));
#8131=DIRECTION('center_axis',(-1.,-1.11022302462516E-15,0.));
#8132=DIRECTION('ref_axis',(-1.11022302462516E-15,1.,0.));
#8133=DIRECTION('',(0.,0.,-1.));
#8134=DIRECTION('center_axis',(0.,0.,-1.));
#8135=DIRECTION('ref_axis',(-1.,-2.22044604925031E-15,0.));
#8136=DIRECTION('',(0.,0.,-1.));
#8137=DIRECTION('center_axis',(-4.82705662880503E-17,-1.,0.));
#8138=DIRECTION('ref_axis',(-1.,4.82705662880503E-17,0.));
#8139=DIRECTION('',(0.,0.,-1.));
#8140=DIRECTION('center_axis',(0.,0.,-1.));
#8141=DIRECTION('ref_axis',(2.22044604925031E-15,-1.,0.));
#8142=DIRECTION('',(0.,0.,-1.));
#8143=DIRECTION('center_axis',(1.,0.,0.));
#8144=DIRECTION('ref_axis',(0.,-1.,0.));
#8145=DIRECTION('',(0.,0.,-1.));
#8146=DIRECTION('center_axis',(0.,0.,-1.));
#8147=DIRECTION('ref_axis',(1.,1.11022302462516E-15,0.));
#8148=DIRECTION('center_axis',(0.,1.,0.));
#8149=DIRECTION('ref_axis',(1.,0.,0.));
#8150=DIRECTION('',(0.,0.,-1.));
#8151=DIRECTION('',(0.,0.,-1.));
#8152=DIRECTION('center_axis',(0.,0.,-1.));
#8153=DIRECTION('ref_axis',(0.,1.,0.));
#8154=DIRECTION('',(0.,0.,-1.));
#8155=DIRECTION('center_axis',(-1.,-1.11022302462516E-15,0.));
#8156=DIRECTION('ref_axis',(-1.11022302462516E-15,1.,0.));
#8157=DIRECTION('',(0.,0.,-1.));
#8158=DIRECTION('center_axis',(0.,0.,-1.));
#8159=DIRECTION('ref_axis',(-1.,-2.22044604925031E-15,0.));
#8160=DIRECTION('',(0.,0.,-1.));
#8161=DIRECTION('center_axis',(-9.65411325761006E-17,-1.,0.));
#8162=DIRECTION('ref_axis',(-1.,9.65411325761006E-17,0.));
#8163=DIRECTION('',(0.,0.,-1.));
#8164=DIRECTION('center_axis',(0.,0.,-1.));
#8165=DIRECTION('ref_axis',(2.22044604925031E-15,-1.,0.));
#8166=DIRECTION('',(0.,0.,-1.));
#8167=DIRECTION('center_axis',(1.,0.,0.));
#8168=DIRECTION('ref_axis',(0.,-1.,0.));
#8169=DIRECTION('',(0.,0.,-1.));
#8170=DIRECTION('center_axis',(0.,0.,-1.));
#8171=DIRECTION('ref_axis',(1.,2.22044604925031E-15,0.));
#8172=DIRECTION('center_axis',(0.,1.,0.));
#8173=DIRECTION('ref_axis',(1.,0.,0.));
#8174=DIRECTION('',(0.,0.,-1.));
#8175=DIRECTION('',(0.,0.,-1.));
#8176=DIRECTION('center_axis',(0.,0.,-1.));
#8177=DIRECTION('ref_axis',(0.,1.,0.));
#8178=DIRECTION('',(0.,0.,-1.));
#8179=DIRECTION('center_axis',(-1.,-1.11022302462516E-15,0.));
#8180=DIRECTION('ref_axis',(-1.11022302462516E-15,1.,0.));
#8181=DIRECTION('',(0.,0.,-1.));
#8182=DIRECTION('center_axis',(0.,0.,-1.));
#8183=DIRECTION('ref_axis',(-1.,-2.22044604925031E-15,0.));
#8184=DIRECTION('',(0.,0.,-1.));
#8185=DIRECTION('center_axis',(-9.65411325761006E-17,-1.,0.));
#8186=DIRECTION('ref_axis',(-1.,9.65411325761006E-17,0.));
#8187=DIRECTION('',(0.,0.,-1.));
#8188=DIRECTION('center_axis',(0.,0.,-1.));
#8189=DIRECTION('ref_axis',(2.22044604925031E-15,-1.,0.));
#8190=DIRECTION('',(0.,0.,-1.));
#8191=DIRECTION('center_axis',(1.,0.,0.));
#8192=DIRECTION('ref_axis',(0.,-1.,0.));
#8193=DIRECTION('',(0.,0.,-1.));
#8194=DIRECTION('center_axis',(0.,0.,-1.));
#8195=DIRECTION('ref_axis',(1.,2.22044604925031E-15,0.));
#8196=DIRECTION('center_axis',(0.,-1.,0.));
#8197=DIRECTION('ref_axis',(-1.,0.,0.));
#8198=DIRECTION('',(-1.,0.,0.));
#8199=DIRECTION('',(0.,0.,-1.));
#8200=DIRECTION('',(-1.,0.,0.));
#8201=DIRECTION('',(0.,0.,-1.));
#8202=DIRECTION('center_axis',(0.,0.,-1.));
#8203=DIRECTION('ref_axis',(0.,-1.,0.));
#8204=DIRECTION('center_axis',(0.,0.,1.));
#8205=DIRECTION('ref_axis',(0.,-1.,0.));
#8206=DIRECTION('center_axis',(0.,0.,-1.));
#8207=DIRECTION('ref_axis',(0.,-1.,0.));
#8208=DIRECTION('',(0.,0.,-1.));
#8209=DIRECTION('center_axis',(1.,0.,0.));
#8210=DIRECTION('ref_axis',(0.,-1.,0.));
#8211=DIRECTION('',(0.,-1.,0.));
#8212=DIRECTION('',(0.,-1.,0.));
#8213=DIRECTION('',(0.,0.,-1.));
#8214=DIRECTION('center_axis',(0.,0.,-1.));
#8215=DIRECTION('ref_axis',(0.,1.,0.));
#8216=DIRECTION('center_axis',(0.,0.,1.));
#8217=DIRECTION('ref_axis',(0.,1.,0.));
#8218=DIRECTION('center_axis',(0.,0.,1.));
#8219=DIRECTION('ref_axis',(0.,1.,0.));
#8220=DIRECTION('',(0.,0.,-1.));
#8221=DIRECTION('center_axis',(2.22044604925029E-14,-1.,0.));
#8222=DIRECTION('ref_axis',(-1.,-2.22044604925029E-14,0.));
#8223=DIRECTION('',(-1.,-2.22044604925029E-14,0.));
#8224=DIRECTION('',(-1.,-2.22044604925029E-14,0.));
#8225=DIRECTION('',(0.,0.,-1.));
#8226=DIRECTION('center_axis',(0.,0.,-1.));
#8227=DIRECTION('ref_axis',(1.,-1.11022302462516E-14,0.));
#8228=DIRECTION('center_axis',(0.,0.,1.));
#8229=DIRECTION('ref_axis',(1.,-1.11022302462516E-14,0.));
#8230=DIRECTION('center_axis',(0.,0.,1.));
#8231=DIRECTION('ref_axis',(1.,-1.11022302462516E-14,0.));
#8232=DIRECTION('center_axis',(0.,0.,-1.));
#8233=DIRECTION('ref_axis',(0.,-1.,0.));
#8234=DIRECTION('center_axis',(0.,0.,1.));
#8235=DIRECTION('ref_axis',(0.,-1.,0.));
#8236=DIRECTION('center_axis',(0.,0.,1.));
#8237=DIRECTION('ref_axis',(0.,-1.,0.));
#8238=DIRECTION('',(0.,0.,-1.));
#8239=DIRECTION('center_axis',(0.,1.,0.));
#8240=DIRECTION('ref_axis',(1.,0.,0.));
#8241=DIRECTION('',(-1.,0.,0.));
#8242=DIRECTION('',(1.,0.,0.));
#8243=DIRECTION('',(0.,0.,-1.));
#8244=DIRECTION('center_axis',(0.,0.,-1.));
#8245=DIRECTION('ref_axis',(-1.,0.,0.));
#8246=DIRECTION('center_axis',(0.,0.,1.));
#8247=DIRECTION('ref_axis',(-1.,0.,0.));
#8248=DIRECTION('center_axis',(0.,0.,1.));
#8249=DIRECTION('ref_axis',(-1.,0.,0.));
#8250=DIRECTION('',(0.,0.,-1.));
#8251=DIRECTION('center_axis',(1.,0.,0.));
#8252=DIRECTION('ref_axis',(0.,-1.,0.));
#8253=DIRECTION('',(0.,1.,0.));
#8254=DIRECTION('',(0.,-1.,0.));
#8255=DIRECTION('',(0.,0.,-1.));
#8256=DIRECTION('center_axis',(0.,0.,-1.));
#8257=DIRECTION('ref_axis',(1.,0.,0.));
#8258=DIRECTION('center_axis',(0.,0.,1.));
#8259=DIRECTION('ref_axis',(1.,0.,0.));
#8260=DIRECTION('center_axis',(0.,0.,-1.));
#8261=DIRECTION('ref_axis',(1.,0.,0.));
#8262=DIRECTION('',(0.,0.,-1.));
#8263=DIRECTION('center_axis',(0.,1.,0.));
#8264=DIRECTION('ref_axis',(1.,0.,0.));
#8265=DIRECTION('',(-1.,0.,0.));
#8266=DIRECTION('',(1.,0.,0.));
#8267=DIRECTION('',(0.,0.,-1.));
#8268=DIRECTION('center_axis',(0.,0.,-1.));
#8269=DIRECTION('ref_axis',(0.,1.,0.));
#8270=DIRECTION('center_axis',(0.,0.,1.));
#8271=DIRECTION('ref_axis',(0.,1.,0.));
#8272=DIRECTION('center_axis',(0.,0.,-1.));
#8273=DIRECTION('ref_axis',(0.,1.,0.));
#8274=DIRECTION('',(0.,0.,-1.));
#8275=DIRECTION('center_axis',(-1.,3.70074341541718E-15,0.));
#8276=DIRECTION('ref_axis',(3.70074341541718E-15,1.,0.));
#8277=DIRECTION('',(-3.70074341541718E-15,-1.,0.));
#8278=DIRECTION('',(3.70074341541718E-15,1.,0.));
#8279=DIRECTION('',(0.,0.,-1.));
#8280=DIRECTION('center_axis',(0.,0.,-1.));
#8281=DIRECTION('ref_axis',(-1.,0.,0.));
#8282=DIRECTION('center_axis',(0.,0.,1.));
#8283=DIRECTION('ref_axis',(-1.,0.,0.));
#8284=DIRECTION('center_axis',(0.,0.,-1.));
#8285=DIRECTION('ref_axis',(-1.,0.,0.));
#8286=DIRECTION('center_axis',(0.,0.,1.));
#8287=DIRECTION('ref_axis',(-1.,0.,0.));
#8288=DIRECTION('center_axis',(0.,0.,-1.));
#8289=DIRECTION('ref_axis',(-1.,0.,0.));
#8290=DIRECTION('center_axis',(0.,0.,1.));
#8291=DIRECTION('ref_axis',(-1.,0.,0.));
#8292=DIRECTION('',(0.,0.,-1.));
#8293=DIRECTION('center_axis',(0.,0.,-1.));
#8294=DIRECTION('ref_axis',(-1.,0.,0.));
#8295=DIRECTION('',(0.,0.,-1.));
#8296=DIRECTION('center_axis',(0.,-1.,0.));
#8297=DIRECTION('ref_axis',(-1.,0.,0.));
#8298=DIRECTION('',(1.,0.,0.));
#8299=DIRECTION('',(-1.,0.,0.));
#8300=DIRECTION('',(0.,0.,-1.));
#8301=DIRECTION('center_axis',(0.,0.,-1.));
#8302=DIRECTION('ref_axis',(0.,-1.,0.));
#8303=DIRECTION('center_axis',(0.,0.,1.));
#8304=DIRECTION('ref_axis',(0.,-1.,0.));
#8305=DIRECTION('center_axis',(0.,0.,-1.));
#8306=DIRECTION('ref_axis',(0.,-1.,0.));
#8307=DIRECTION('',(0.,0.,-1.));
#8308=DIRECTION('center_axis',(1.,0.,0.));
#8309=DIRECTION('ref_axis',(0.,-1.,0.));
#8310=DIRECTION('',(0.,1.,0.));
#8311=DIRECTION('',(0.,-1.,0.));
#8312=DIRECTION('',(0.,0.,-1.));
#8313=DIRECTION('center_axis',(0.,0.,-1.));
#8314=DIRECTION('ref_axis',(1.,0.,0.));
#8315=DIRECTION('center_axis',(0.,0.,1.));
#8316=DIRECTION('ref_axis',(1.,0.,0.));
#8317=DIRECTION('center_axis',(0.,0.,-1.));
#8318=DIRECTION('ref_axis',(1.,0.,0.));
#8319=DIRECTION('',(0.,0.,-1.));
#8320=DIRECTION('center_axis',(0.,1.,0.));
#8321=DIRECTION('ref_axis',(1.,0.,0.));
#8322=DIRECTION('',(1.,0.,0.));
#8323=DIRECTION('',(1.,0.,0.));
#8324=DIRECTION('',(0.,0.,-1.));
#8325=DIRECTION('center_axis',(0.,0.,-1.));
#8326=DIRECTION('ref_axis',(0.,1.,0.));
#8327=DIRECTION('center_axis',(0.,0.,1.));
#8328=DIRECTION('ref_axis',(0.,1.,0.));
#8329=DIRECTION('center_axis',(0.,0.,-1.));
#8330=DIRECTION('ref_axis',(0.,1.,0.));
#8331=DIRECTION('',(0.,0.,-1.));
#8332=DIRECTION('center_axis',(-1.,0.,0.));
#8333=DIRECTION('ref_axis',(0.,1.,0.));
#8334=DIRECTION('',(0.,1.,0.));
#8335=DIRECTION('',(0.,1.,0.));
#8336=DIRECTION('',(0.,0.,-1.));
#8337=DIRECTION('center_axis',(0.,0.,-1.));
#8338=DIRECTION('ref_axis',(0.,-1.,0.));
#8339=DIRECTION('center_axis',(0.,0.,1.));
#8340=DIRECTION('ref_axis',(0.,-1.,0.));
#8341=DIRECTION('center_axis',(0.,0.,1.));
#8342=DIRECTION('ref_axis',(0.,-1.,0.));
#8343=DIRECTION('',(0.,0.,-1.));
#8344=DIRECTION('center_axis',(0.,1.,0.));
#8345=DIRECTION('ref_axis',(1.,0.,0.));
#8346=DIRECTION('',(1.,0.,0.));
#8347=DIRECTION('',(1.,0.,0.));
#8348=DIRECTION('',(0.,0.,-1.));
#8349=DIRECTION('center_axis',(0.,0.,-1.));
#8350=DIRECTION('ref_axis',(-1.,0.,0.));
#8351=DIRECTION('center_axis',(0.,0.,1.));
#8352=DIRECTION('ref_axis',(-1.,0.,0.));
#8353=DIRECTION('center_axis',(0.,0.,1.));
#8354=DIRECTION('ref_axis',(-1.,0.,0.));
#8355=DIRECTION('center_axis',(0.,0.,-1.));
#8356=DIRECTION('ref_axis',(0.,1.,0.));
#8357=DIRECTION('center_axis',(0.,0.,1.));
#8358=DIRECTION('ref_axis',(0.,1.,0.));
#8359=DIRECTION('center_axis',(0.,0.,1.));
#8360=DIRECTION('ref_axis',(0.,1.,0.));
#8361=DIRECTION('',(0.,0.,-1.));
#8362=DIRECTION('center_axis',(-2.22044604925026E-14,-1.,0.));
#8363=DIRECTION('ref_axis',(-1.,2.22044604925026E-14,0.));
#8364=DIRECTION('',(1.,-2.22044604925026E-14,0.));
#8365=DIRECTION('',(-1.,2.22044604925026E-14,0.));
#8366=DIRECTION('',(0.,0.,-1.));
#8367=DIRECTION('center_axis',(0.,0.,-1.));
#8368=DIRECTION('ref_axis',(1.,0.,0.));
#8369=DIRECTION('center_axis',(0.,0.,1.));
#8370=DIRECTION('ref_axis',(1.,0.,0.));
#8371=DIRECTION('center_axis',(0.,0.,1.));
#8372=DIRECTION('ref_axis',(1.,0.,0.));
#8373=DIRECTION('',(0.,0.,-1.));
#8374=DIRECTION('center_axis',(-1.,0.,0.));
#8375=DIRECTION('ref_axis',(0.,1.,0.));
#8376=DIRECTION('',(0.,-1.,0.));
#8377=DIRECTION('',(0.,1.,0.));
#8378=DIRECTION('center_axis',(0.,0.,1.));
#8379=DIRECTION('ref_axis',(-1.,0.,0.));
#8380=DIRECTION('center_axis',(0.,0.,1.));
#8381=DIRECTION('ref_axis',(-1.,0.,0.));
#8382=DIRECTION('',(0.,1.,0.));
#8383=DIRECTION('center_axis',(0.,0.,-1.));
#8384=DIRECTION('ref_axis',(-1.,0.,0.));
#8385=DIRECTION('',(-1.,0.,0.));
#8386=DIRECTION('center_axis',(0.,0.,-1.));
#8387=DIRECTION('ref_axis',(0.,-1.,0.));
#8388=DIRECTION('',(0.,-1.,0.));
#8389=DIRECTION('center_axis',(0.,0.,-1.));
#8390=DIRECTION('ref_axis',(1.,0.,0.));
#8391=DIRECTION('',(1.,0.,0.));
#8392=DIRECTION('center_axis',(0.,0.,-1.));
#8393=DIRECTION('ref_axis',(0.,1.,0.));
#8394=DIRECTION('',(0.,1.,0.));
#8395=DIRECTION('center_axis',(0.,0.,1.));
#8396=DIRECTION('ref_axis',(0.,-1.,0.));
#8397=DIRECTION('',(1.,0.,0.));
#8398=DIRECTION('center_axis',(0.,0.,1.));
#8399=DIRECTION('ref_axis',(-1.,0.,0.));
#8400=DIRECTION('center_axis',(0.,0.,1.));
#8401=DIRECTION('ref_axis',(0.,1.,0.));
#8402=DIRECTION('',(-1.,2.22044604925026E-14,0.));
#8403=DIRECTION('center_axis',(0.,0.,1.));
#8404=DIRECTION('ref_axis',(1.,0.,0.));
#8405=DIRECTION('center_axis',(0.,0.,1.));
#8406=DIRECTION('ref_axis',(-1.,0.,0.));
#8407=DIRECTION('center_axis',(0.,0.,-1.));
#8408=DIRECTION('ref_axis',(-1.,0.,0.));
#8409=DIRECTION('',(-1.,0.,0.));
#8410=DIRECTION('center_axis',(0.,0.,-1.));
#8411=DIRECTION('ref_axis',(0.,-1.,0.));
#8412=DIRECTION('',(0.,-1.,0.));
#8413=DIRECTION('center_axis',(0.,0.,1.));
#8414=DIRECTION('ref_axis',(0.,1.,0.));
#8415=DIRECTION('',(-1.,-2.22044604925029E-14,0.));
#8416=DIRECTION('center_axis',(0.,0.,1.));
#8417=DIRECTION('ref_axis',(1.,-1.11022302462516E-14,0.));
#8418=DIRECTION('center_axis',(0.,0.,1.));
#8419=DIRECTION('ref_axis',(0.,-1.,0.));
#8420=DIRECTION('',(1.,0.,0.));
#8421=DIRECTION('center_axis',(0.,0.,1.));
#8422=DIRECTION('ref_axis',(-1.,0.,0.));
#8423=DIRECTION('',(0.,-1.,0.));
#8424=DIRECTION('center_axis',(0.,0.,-1.));
#8425=DIRECTION('ref_axis',(1.,0.,0.));
#8426=DIRECTION('',(1.,0.,0.));
#8427=DIRECTION('center_axis',(0.,0.,-1.));
#8428=DIRECTION('ref_axis',(0.,1.,0.));
#8429=DIRECTION('',(3.70074341541718E-15,1.,0.));
#8430=DIRECTION('center_axis',(0.,0.,-1.));
#8431=DIRECTION('ref_axis',(0.,1.,0.));
#8432=DIRECTION('',(0.,0.,-1.));
#8433=DIRECTION('center_axis',(0.,0.,-1.));
#8434=DIRECTION('ref_axis',(0.,1.,0.));
#8435=DIRECTION('',(0.,0.,-1.));
#8436=DIRECTION('center_axis',(0.,1.,0.));
#8437=DIRECTION('ref_axis',(1.,0.,0.));
#8438=DIRECTION('',(0.,0.,-1.));
#8439=DIRECTION('',(1.,0.,0.));
#8440=DIRECTION('center_axis',(0.,0.,-1.));
#8441=DIRECTION('ref_axis',(1.,0.,0.));
#8442=DIRECTION('',(0.,0.,-1.));
#8443=DIRECTION('center_axis',(0.,0.,-1.));
#8444=DIRECTION('ref_axis',(1.,0.,0.));
#8445=DIRECTION('center_axis',(1.,0.,0.));
#8446=DIRECTION('ref_axis',(0.,-1.,0.));
#8447=DIRECTION('',(0.,0.,-1.));
#8448=DIRECTION('',(0.,-1.,0.));
#8449=DIRECTION('center_axis',(0.,0.,-1.));
#8450=DIRECTION('ref_axis',(0.,-1.,0.));
#8451=DIRECTION('',(0.,0.,-1.));
#8452=DIRECTION('center_axis',(0.,0.,-1.));
#8453=DIRECTION('ref_axis',(0.,-1.,0.));
#8454=DIRECTION('center_axis',(0.,-1.,0.));
#8455=DIRECTION('ref_axis',(-1.,0.,0.));
#8456=DIRECTION('',(0.,0.,-1.));
#8457=DIRECTION('',(-1.,0.,0.));
#8458=DIRECTION('center_axis',(0.,0.,-1.));
#8459=DIRECTION('ref_axis',(-1.,0.,0.));
#8460=DIRECTION('',(0.,0.,-1.));
#8461=DIRECTION('center_axis',(0.,0.,-1.));
#8462=DIRECTION('ref_axis',(-1.,0.,0.));
#8463=DIRECTION('center_axis',(-1.,0.,0.));
#8464=DIRECTION('ref_axis',(0.,1.,0.));
#8465=DIRECTION('',(0.,0.,-1.));
#8466=DIRECTION('',(0.,1.,0.));
#8467=DIRECTION('center_axis',(0.,0.,1.));
#8468=DIRECTION('ref_axis',(1.,0.,0.));
#8469=DIRECTION('center_axis',(0.,0.,1.));
#8470=DIRECTION('ref_axis',(-1.,0.,0.));
#8471=DIRECTION('center_axis',(0.,0.,-1.));
#8472=DIRECTION('ref_axis',(1.,0.,0.));
#8473=DIRECTION('center_axis',(0.,0.,1.));
#8474=DIRECTION('ref_axis',(1.,0.,0.));
#8475=DIRECTION('center_axis',(0.,0.,-1.));
#8476=DIRECTION('ref_axis',(-1.,0.,0.));
#8477=DIRECTION('',(0.,1.,0.));
#8478=DIRECTION('center_axis',(0.,0.,1.));
#8479=DIRECTION('ref_axis',(1.,0.,0.));
#8480=DIRECTION('center_axis',(0.,0.,1.));
#8481=DIRECTION('ref_axis',(-1.,0.,0.));
#8482=DIRECTION('center_axis',(0.,0.,1.));
#8483=DIRECTION('ref_axis',(-1.,0.,0.));
#8484=DIRECTION('center_axis',(0.,0.,1.));
#8485=DIRECTION('ref_axis',(1.,0.,0.));
#8486=DIRECTION('center_axis',(0.,0.,-1.));
#8487=DIRECTION('ref_axis',(-1.,0.,0.));
#8488=DIRECTION('',(-0.642787609686539,-0.766044443118978,0.));
#8489=DIRECTION('center_axis',(0.,0.,1.));
#8490=DIRECTION('ref_axis',(-1.,0.,0.));
#8491=DIRECTION('',(0.707106781186544,0.707106781186551,0.));
#8492=DIRECTION('center_axis',(0.,0.,1.));
#8493=DIRECTION('ref_axis',(-1.,0.,0.));
#8494=DIRECTION('',(0.707106781186535,0.70710678118656,0.));
#8495=DIRECTION('center_axis',(0.,0.,1.));
#8496=DIRECTION('ref_axis',(-1.,0.,0.));
#8497=DIRECTION('center_axis',(0.,0.,-1.));
#8498=DIRECTION('ref_axis',(-1.,0.,0.));
#8499=DIRECTION('',(0.707106781186535,-0.70710678118656,0.));
#8500=DIRECTION('center_axis',(0.,0.,-1.));
#8501=DIRECTION('ref_axis',(-1.,0.,0.));
#8502=DIRECTION('',(0.707106781186544,-0.707106781186551,0.));
#8503=DIRECTION('center_axis',(0.,0.,-1.));
#8504=DIRECTION('ref_axis',(-1.,0.,0.));
#8505=DIRECTION('',(-0.642787609686539,0.766044443118978,0.));
#8506=DIRECTION('center_axis',(0.,0.,-1.));
#8507=DIRECTION('ref_axis',(-1.,0.,0.));
#8508=DIRECTION('center_axis',(0.,0.,-1.));
#8509=DIRECTION('ref_axis',(1.,0.,0.));
#8510=DIRECTION('',(0.642787609686539,0.766044443118978,0.));
#8511=DIRECTION('center_axis',(0.,0.,1.));
#8512=DIRECTION('ref_axis',(1.,0.,0.));
#8513=DIRECTION('',(-0.707106781186544,-0.707106781186551,0.));
#8514=DIRECTION('center_axis',(0.,0.,1.));
#8515=DIRECTION('ref_axis',(1.,0.,0.));
#8516=DIRECTION('',(-0.707106781186535,-0.70710678118656,0.));
#8517=DIRECTION('center_axis',(0.,0.,1.));
#8518=DIRECTION('ref_axis',(1.,0.,0.));
#8519=DIRECTION('center_axis',(0.,0.,-1.));
#8520=DIRECTION('ref_axis',(1.,0.,0.));
#8521=DIRECTION('',(-0.707106781186535,0.70710678118656,0.));
#8522=DIRECTION('center_axis',(0.,0.,-1.));
#8523=DIRECTION('ref_axis',(1.,0.,0.));
#8524=DIRECTION('',(-0.707106781186544,0.707106781186551,0.));
#8525=DIRECTION('center_axis',(0.,0.,-1.));
#8526=DIRECTION('ref_axis',(1.,0.,0.));
#8527=DIRECTION('',(0.642787609686539,-0.766044443118978,0.));
#8528=DIRECTION('center_axis',(0.,0.,-1.));
#8529=DIRECTION('ref_axis',(1.,0.,0.));
#8530=DIRECTION('center_axis',(0.,0.,-1.));
#8531=DIRECTION('ref_axis',(1.,-1.11022302462516E-14,0.));
#8532=DIRECTION('',(0.,0.,-1.));
#8533=DIRECTION('center_axis',(0.,0.,1.));
#8534=DIRECTION('ref_axis',(1.,-1.11022302462516E-14,0.));
#8535=DIRECTION('center_axis',(2.22044604925029E-14,-1.,0.));
#8536=DIRECTION('ref_axis',(-1.,-2.22044604925029E-14,0.));
#8537=DIRECTION('',(0.,0.,-1.));
#8538=DIRECTION('',(-1.,-2.22044604925029E-14,0.));
#8539=DIRECTION('center_axis',(0.,0.,-1.));
#8540=DIRECTION('ref_axis',(0.,1.,0.));
#8541=DIRECTION('',(0.,0.,-1.));
#8542=DIRECTION('center_axis',(0.,0.,1.));
#8543=DIRECTION('ref_axis',(0.,1.,0.));
#8544=DIRECTION('center_axis',(1.,0.,0.));
#8545=DIRECTION('ref_axis',(0.,-1.,0.));
#8546=DIRECTION('',(0.,0.,-1.));
#8547=DIRECTION('',(0.,-1.,0.));
#8548=DIRECTION('center_axis',(0.,0.,-1.));
#8549=DIRECTION('ref_axis',(0.,-1.,0.));
#8550=DIRECTION('',(0.,0.,-1.));
#8551=DIRECTION('center_axis',(0.,0.,-1.));
#8552=DIRECTION('ref_axis',(0.,-1.,0.));
#8553=DIRECTION('center_axis',(0.,-1.,0.));
#8554=DIRECTION('ref_axis',(-1.,0.,0.));
#8555=DIRECTION('',(0.,0.,-1.));
#8556=DIRECTION('',(-1.,0.,0.));
#8557=DIRECTION('center_axis',(0.,0.,-1.));
#8558=DIRECTION('ref_axis',(-1.,0.,0.));
#8559=DIRECTION('',(0.,0.,-1.));
#8560=DIRECTION('center_axis',(0.,0.,-1.));
#8561=DIRECTION('ref_axis',(-1.,0.,0.));
#8562=DIRECTION('center_axis',(-1.,0.,0.));
#8563=DIRECTION('ref_axis',(0.,1.,0.));
#8564=DIRECTION('',(0.,1.,0.));
#8565=DIRECTION('',(0.,0.,-1.));
#8566=DIRECTION('center_axis',(0.,0.,-1.));
#8567=DIRECTION('ref_axis',(0.,-1.,0.));
#8568=DIRECTION('center_axis',(0.,0.,1.));
#8569=DIRECTION('ref_axis',(0.,-1.,0.));
#8570=DIRECTION('',(0.,0.,-1.));
#8571=DIRECTION('center_axis',(0.,1.,0.));
#8572=DIRECTION('ref_axis',(1.,0.,0.));
#8573=DIRECTION('',(1.,0.,0.));
#8574=DIRECTION('',(0.,0.,-1.));
#8575=DIRECTION('center_axis',(0.,0.,-1.));
#8576=DIRECTION('ref_axis',(-1.,0.,0.));
#8577=DIRECTION('center_axis',(0.,0.,1.));
#8578=DIRECTION('ref_axis',(-1.,0.,0.));
#8579=DIRECTION('center_axis',(0.,0.,-1.));
#8580=DIRECTION('ref_axis',(0.,1.,0.));
#8581=DIRECTION('center_axis',(0.,0.,1.));
#8582=DIRECTION('ref_axis',(0.,1.,0.));
#8583=DIRECTION('',(0.,0.,-1.));
#8584=DIRECTION('center_axis',(-2.22044604925026E-14,-1.,0.));
#8585=DIRECTION('ref_axis',(-1.,2.22044604925026E-14,0.));
#8586=DIRECTION('',(-1.,2.22044604925026E-14,0.));
#8587=DIRECTION('',(0.,0.,-1.));
#8588=DIRECTION('center_axis',(0.,0.,-1.));
#8589=DIRECTION('ref_axis',(1.,0.,0.));
#8590=DIRECTION('center_axis',(0.,0.,1.));
#8591=DIRECTION('ref_axis',(1.,0.,0.));
#8592=DIRECTION('center_axis',(0.,0.,1.));
#8593=DIRECTION('ref_axis',(-1.,0.,0.));
#8594=DIRECTION('center_axis',(0.,0.,-1.));
#8595=DIRECTION('ref_axis',(0.,-1.,0.));
#8596=DIRECTION('center_axis',(0.,0.,1.));
#8597=DIRECTION('ref_axis',(0.,-1.,0.));
#8598=DIRECTION('',(0.,0.,-1.));
#8599=DIRECTION('center_axis',(0.,1.,0.));
#8600=DIRECTION('ref_axis',(1.,0.,0.));
#8601=DIRECTION('',(1.,0.,0.));
#8602=DIRECTION('',(0.,0.,-1.));
#8603=DIRECTION('center_axis',(0.,0.,-1.));
#8604=DIRECTION('ref_axis',(-1.,0.,0.));
#8605=DIRECTION('center_axis',(0.,0.,1.));
#8606=DIRECTION('ref_axis',(-1.,0.,0.));
#8607=DIRECTION('',(0.,0.,-1.));
#8608=DIRECTION('center_axis',(1.,0.,0.));
#8609=DIRECTION('ref_axis',(0.,-1.,0.));
#8610=DIRECTION('',(0.,-1.,0.));
#8611=DIRECTION('',(0.,0.,-1.));
#8612=DIRECTION('center_axis',(0.,0.,-1.));
#8613=DIRECTION('ref_axis',(1.,0.,0.));
#8614=DIRECTION('center_axis',(0.,0.,-1.));
#8615=DIRECTION('ref_axis',(1.,0.,0.));
#8616=DIRECTION('',(0.,0.,-1.));
#8617=DIRECTION('center_axis',(0.,1.,0.));
#8618=DIRECTION('ref_axis',(1.,0.,0.));
#8619=DIRECTION('',(1.,0.,0.));
#8620=DIRECTION('',(0.,0.,-1.));
#8621=DIRECTION('center_axis',(0.,0.,-1.));
#8622=DIRECTION('ref_axis',(0.,1.,0.));
#8623=DIRECTION('center_axis',(0.,0.,-1.));
#8624=DIRECTION('ref_axis',(0.,1.,0.));
#8625=DIRECTION('',(0.,0.,-1.));
#8626=DIRECTION('center_axis',(-1.,3.70074341541718E-15,0.));
#8627=DIRECTION('ref_axis',(3.70074341541718E-15,1.,0.));
#8628=DIRECTION('',(3.70074341541718E-15,1.,0.));
#8629=DIRECTION('center_axis',(0.,0.,1.));
#8630=DIRECTION('ref_axis',(-1.,0.,0.));
#8631=DIRECTION('center_axis',(0.466928039206418,0.466928039206418,-0.75097031393105));
#8632=DIRECTION('ref_axis',(0.531016201450436,0.531016201450436,0.660335965697992));
#8633=DIRECTION('center_axis',(-0.5,-0.5,0.707106781186548));
#8634=DIRECTION('ref_axis',(0.5,0.5,0.707106781186548));
#8635=DIRECTION('center_axis',(-0.499999999999997,-0.500000000000003,-0.707106781186548));
#8636=DIRECTION('ref_axis',(-0.14644660940673,0.853553390593273,-0.500000000000001));
#8637=DIRECTION('',(-0.499999999999997,-0.500000000000003,-0.707106781186547));
#8638=DIRECTION('',(0.499999999999997,0.500000000000003,0.707106781186548));
#8639=DIRECTION('center_axis',(-0.5,-0.5,0.707106781186548));
#8640=DIRECTION('ref_axis',(-0.816496580927726,0.,-0.577350269189626));
#8641=DIRECTION('',(0.707106781186547,-0.707106781186547,0.));
#8642=DIRECTION('center_axis',(0.5,0.5,-0.707106781186548));
#8643=DIRECTION('ref_axis',(-0.5,-0.5,-0.707106781186547));
#8644=DIRECTION('center_axis',(0.,0.,1.));
#8645=DIRECTION('ref_axis',(-1.,0.,0.));
#8646=DIRECTION('center_axis',(0.,0.,-1.));
#8647=DIRECTION('ref_axis',(-1.,0.,0.));
#8648=DIRECTION('',(0.707106781186547,-0.707106781186547,0.));
#8649=DIRECTION('center_axis',(0.,0.,1.));
#8650=DIRECTION('ref_axis',(-1.,0.,0.));
#8651=DIRECTION('center_axis',(-0.5,-0.5,0.707106781186548));
#8652=DIRECTION('ref_axis',(0.5,0.5,0.707106781186548));
#8653=DIRECTION('center_axis',(0.466928039206418,0.466928039206418,-0.75097031393105));
#8654=DIRECTION('ref_axis',(0.531016201450436,0.531016201450436,0.660335965697992));
#8655=DIRECTION('center_axis',(0.499999999999991,0.500000000000009,0.707106781186548));
#8656=DIRECTION('ref_axis',(0.853553390593277,-0.146446609406718,-0.499999999999997));
#8657=DIRECTION('',(-0.499999999999991,-0.500000000000009,-0.707106781186547));
#8658=DIRECTION('',(0.499999999999991,0.500000000000009,0.707106781186547));
#8659=DIRECTION('center_axis',(0.,0.,-1.));
#8660=DIRECTION('ref_axis',(-0.707106781186547,-0.707106781186548,0.));
#8661=DIRECTION('',(0.,0.,-1.));
#8662=DIRECTION('',(0.,0.,-1.));
#8663=DIRECTION('center_axis',(-0.5,-0.5,0.707106781186548));
#8664=DIRECTION('ref_axis',(-0.816496580927726,0.,-0.577350269189626));
#8665=DIRECTION('center_axis',(0.5,0.5,-0.707106781186548));
#8666=DIRECTION('ref_axis',(-0.5,-0.5,-0.707106781186547));
#8667=DIRECTION('center_axis',(0.,0.,-1.));
#8668=DIRECTION('ref_axis',(-0.707106781186551,-0.707106781186544,0.));
#8669=DIRECTION('',(0.,0.,-1.));
#8670=DIRECTION('',(0.,0.,-1.));
#8671=DIRECTION('center_axis',(0.70710678118656,-0.707106781186535,0.));
#8672=DIRECTION('ref_axis',(-0.707106781186535,-0.70710678118656,0.));
#8673=DIRECTION('',(0.,0.,-1.));
#8674=DIRECTION('',(0.,0.,-1.));
#8675=DIRECTION('',(0.,0.,-1.));
#8676=DIRECTION('center_axis',(0.766044443118978,-0.642787609686539,0.));
#8677=DIRECTION('ref_axis',(-0.642787609686539,-0.766044443118978,0.));
#8678=DIRECTION('',(0.,0.,1.));
#8679=DIRECTION('',(-0.642787609686539,-0.766044443118978,0.));
#8680=DIRECTION('',(0.,0.,-1.));
#8681=DIRECTION('',(0.,0.,-1.));
#8682=DIRECTION('center_axis',(0.,0.,1.));
#8683=DIRECTION('ref_axis',(-1.,0.,0.));
#8684=DIRECTION('center_axis',(0.,0.,-1.));
#8685=DIRECTION('ref_axis',(-1.,0.,0.));
#8686=DIRECTION('',(0.642787609629237,0.76604444316706,0.));
#8687=DIRECTION('center_axis',(0.,0.,1.));
#8688=DIRECTION('ref_axis',(-1.,0.,0.));
#8689=DIRECTION('',(0.,0.,1.));
#8690=DIRECTION('',(0.,0.,-1.));
#8691=DIRECTION('',(0.,0.,-1.));
#8692=DIRECTION('',(0.,0.,-1.));
#8693=DIRECTION('center_axis',(-0.76604444316706,0.642787609629237,0.));
#8694=DIRECTION('ref_axis',(0.642787609629237,0.76604444316706,0.));
#8695=DIRECTION('',(0.,0.,-1.));
#8696=DIRECTION('',(0.642787609629237,0.76604444316706,0.));
#8697=DIRECTION('center_axis',(0.,0.,1.));
#8698=DIRECTION('ref_axis',(-1.,0.,0.));
#8699=DIRECTION('center_axis',(0.,0.,-1.));
#8700=DIRECTION('ref_axis',(-1.,0.,0.));
#8701=DIRECTION('center_axis',(0.,0.,-1.));
#8702=DIRECTION('ref_axis',(-1.,0.,0.));
#8703=DIRECTION('',(0.642787609686539,0.766044443118978,0.));
#8704=DIRECTION('center_axis',(-0.707106781186551,0.707106781186544,0.));
#8705=DIRECTION('ref_axis',(0.707106781186544,0.707106781186551,0.));
#8706=DIRECTION('',(0.,0.,-1.));
#8707=DIRECTION('center_axis',(-0.766044443118978,0.642787609686539,0.));
#8708=DIRECTION('ref_axis',(0.642787609686539,0.766044443118978,0.));
#8709=DIRECTION('',(0.,0.,-1.));
#8710=DIRECTION('',(0.,0.,-1.));
#8711=DIRECTION('',(0.,0.,-1.));
#8712=DIRECTION('center_axis',(0.,0.,-1.));
#8713=DIRECTION('ref_axis',(-1.,0.,0.));
#8714=DIRECTION('center_axis',(0.,0.,-1.));
#8715=DIRECTION('ref_axis',(-1.,0.,0.));
#8716=DIRECTION('center_axis',(0.,0.,1.));
#8717=DIRECTION('ref_axis',(-1.,0.,0.));
#8718=DIRECTION('',(0.,0.,-1.));
#8719=DIRECTION('center_axis',(0.,0.,-1.));
#8720=DIRECTION('ref_axis',(-1.,0.,0.));
#8721=DIRECTION('',(0.,0.,-1.));
#8722=DIRECTION('',(0.,0.,-1.));
#8723=DIRECTION('',(0.,0.,-1.));
#8724=DIRECTION('center_axis',(0.,0.,-1.));
#8725=DIRECTION('ref_axis',(-1.,0.,0.));
#8726=DIRECTION('',(0.,0.,-1.));
#8727=DIRECTION('',(0.,0.,-1.));
#8728=DIRECTION('center_axis',(0.,0.,-1.));
#8729=DIRECTION('ref_axis',(-1.,0.,0.));
#8730=DIRECTION('',(0.,0.,1.));
#8731=DIRECTION('center_axis',(0.,0.,-1.));
#8732=DIRECTION('ref_axis',(-1.,0.,0.));
#8733=DIRECTION('center_axis',(0.466928039206418,-0.466928039206418,0.75097031393105));
#8734=DIRECTION('ref_axis',(-0.531016201450436,0.531016201450436,0.660335965697992));
#8735=DIRECTION('center_axis',(-0.5,0.5,-0.707106781186548));
#8736=DIRECTION('ref_axis',(-0.5,0.5,0.707106781186548));
#8737=DIRECTION('center_axis',(-0.499999999999997,0.500000000000003,0.707106781186548));
#8738=DIRECTION('ref_axis',(0.14644660940673,0.853553390593273,-0.500000000000001));
#8739=DIRECTION('',(0.499999999999997,-0.500000000000003,-0.707106781186547));
#8740=DIRECTION('',(-0.499999999999997,0.500000000000003,0.707106781186548));
#8741=DIRECTION('center_axis',(-0.5,0.5,-0.707106781186548));
#8742=DIRECTION('ref_axis',(0.816496580927726,0.,-0.577350269189626));
#8743=DIRECTION('center_axis',(0.5,-0.5,0.707106781186548));
#8744=DIRECTION('ref_axis',(0.5,-0.5,-0.707106781186547));
#8745=DIRECTION('',(-0.707106781186547,-0.707106781186547,0.));
#8746=DIRECTION('center_axis',(0.,0.,-1.));
#8747=DIRECTION('ref_axis',(1.,0.,0.));
#8748=DIRECTION('center_axis',(0.,0.,-1.));
#8749=DIRECTION('ref_axis',(1.,0.,0.));
#8750=DIRECTION('',(-0.707106781186547,-0.707106781186547,0.));
#8751=DIRECTION('center_axis',(0.,0.,1.));
#8752=DIRECTION('ref_axis',(1.,0.,0.));
#8753=DIRECTION('center_axis',(-0.5,0.5,-0.707106781186548));
#8754=DIRECTION('ref_axis',(-0.5,0.5,0.707106781186548));
#8755=DIRECTION('center_axis',(0.466928039206418,-0.466928039206418,0.75097031393105));
#8756=DIRECTION('ref_axis',(-0.531016201450436,0.531016201450436,0.660335965697992));
#8757=DIRECTION('center_axis',(0.499999999999991,-0.500000000000009,-0.707106781186548));
#8758=DIRECTION('ref_axis',(-0.853553390593277,-0.146446609406718,-0.499999999999997));
#8759=DIRECTION('',(0.499999999999991,-0.500000000000009,-0.707106781186547));
#8760=DIRECTION('',(-0.499999999999991,0.500000000000009,0.707106781186547));
#8761=DIRECTION('center_axis',(0.,0.,1.));
#8762=DIRECTION('ref_axis',(0.707106781186547,-0.707106781186548,0.));
#8763=DIRECTION('',(0.,0.,-1.));
#8764=DIRECTION('',(0.,0.,-1.));
#8765=DIRECTION('center_axis',(-0.5,0.5,-0.707106781186548));
#8766=DIRECTION('ref_axis',(0.816496580927726,0.,-0.577350269189626));
#8767=DIRECTION('center_axis',(0.5,-0.5,0.707106781186548));
#8768=DIRECTION('ref_axis',(0.5,-0.5,-0.707106781186547));
#8769=DIRECTION('center_axis',(0.,0.,1.));
#8770=DIRECTION('ref_axis',(0.707106781186551,-0.707106781186544,0.));
#8771=DIRECTION('',(0.,0.,-1.));
#8772=DIRECTION('',(0.,0.,-1.));
#8773=DIRECTION('center_axis',(0.70710678118656,0.707106781186535,0.));
#8774=DIRECTION('ref_axis',(0.707106781186535,-0.70710678118656,0.));
#8775=DIRECTION('',(0.,0.,-1.));
#8776=DIRECTION('',(0.,0.,-1.));
#8777=DIRECTION('',(0.,0.,-1.));
#8778=DIRECTION('center_axis',(0.766044443118978,0.642787609686539,0.));
#8779=DIRECTION('ref_axis',(0.642787609686539,-0.766044443118978,0.));
#8780=DIRECTION('',(0.,0.,-1.));
#8781=DIRECTION('',(0.642787609686539,-0.766044443118978,0.));
#8782=DIRECTION('',(0.,0.,-1.));
#8783=DIRECTION('',(0.,0.,-1.));
#8784=DIRECTION('center_axis',(0.,0.,-1.));
#8785=DIRECTION('ref_axis',(1.,0.,0.));
#8786=DIRECTION('center_axis',(0.,0.,-1.));
#8787=DIRECTION('ref_axis',(1.,0.,0.));
#8788=DIRECTION('',(-0.642787609629237,0.76604444316706,0.));
#8789=DIRECTION('center_axis',(0.,0.,-1.));
#8790=DIRECTION('ref_axis',(1.,0.,0.));
#8791=DIRECTION('',(0.,0.,-1.));
#8792=DIRECTION('',(0.,0.,1.));
#8793=DIRECTION('',(0.,0.,-1.));
#8794=DIRECTION('',(0.,0.,-1.));
#8795=DIRECTION('center_axis',(-0.76604444316706,-0.642787609629237,0.));
#8796=DIRECTION('ref_axis',(-0.642787609629237,0.76604444316706,0.));
#8797=DIRECTION('',(-0.642787609629237,0.76604444316706,0.));
#8798=DIRECTION('',(0.,0.,1.));
#8799=DIRECTION('center_axis',(0.,0.,-1.));
#8800=DIRECTION('ref_axis',(1.,0.,0.));
#8801=DIRECTION('',(-0.642787609686539,0.766044443118978,0.));
#8802=DIRECTION('center_axis',(0.,0.,-1.));
#8803=DIRECTION('ref_axis',(1.,0.,0.));
#8804=DIRECTION('center_axis',(0.,0.,1.));
#8805=DIRECTION('ref_axis',(1.,0.,0.));
#8806=DIRECTION('center_axis',(-0.707106781186551,-0.707106781186544,0.));
#8807=DIRECTION('ref_axis',(-0.707106781186544,0.707106781186551,0.));
#8808=DIRECTION('',(0.,0.,-1.));
#8809=DIRECTION('center_axis',(-0.766044443118978,-0.642787609686539,0.));
#8810=DIRECTION('ref_axis',(-0.642787609686539,0.766044443118978,0.));
#8811=DIRECTION('',(0.,0.,-1.));
#8812=DIRECTION('',(0.,0.,1.));
#8813=DIRECTION('',(0.,0.,-1.));
#8814=DIRECTION('center_axis',(0.,0.,1.));
#8815=DIRECTION('ref_axis',(1.,0.,0.));
#8816=DIRECTION('center_axis',(0.,0.,1.));
#8817=DIRECTION('ref_axis',(1.,0.,0.));
#8818=DIRECTION('center_axis',(0.,0.,1.));
#8819=DIRECTION('ref_axis',(1.,0.,0.));
#8820=DIRECTION('',(0.,0.,-1.));
#8821=DIRECTION('center_axis',(0.,0.,-1.));
#8822=DIRECTION('ref_axis',(1.,0.,0.));
#8823=DIRECTION('',(0.,0.,-1.));
#8824=DIRECTION('',(0.,0.,-1.));
#8825=DIRECTION('',(0.,0.,-1.));
#8826=DIRECTION('center_axis',(0.,0.,1.));
#8827=DIRECTION('ref_axis',(1.,0.,0.));
#8828=DIRECTION('',(0.,0.,-1.));
#8829=DIRECTION('center_axis',(0.,0.,1.));
#8830=DIRECTION('ref_axis',(1.,0.,0.));
#8831=DIRECTION('',(0.,0.,1.));
#8832=DIRECTION('center_axis',(0.,0.,1.));
#8833=DIRECTION('ref_axis',(1.,0.,0.));
#8834=DIRECTION('center_axis',(-0.466928039206418,0.466928039206418,0.75097031393105));
#8835=DIRECTION('ref_axis',(0.531016201450436,-0.531016201450436,0.660335965697992));
#8836=DIRECTION('center_axis',(0.5,-0.5,-0.707106781186548));
#8837=DIRECTION('ref_axis',(0.5,-0.5,0.707106781186548));
#8838=DIRECTION('center_axis',(0.499999999999997,-0.500000000000003,0.707106781186548));
#8839=DIRECTION('ref_axis',(-0.14644660940673,-0.853553390593273,-0.500000000000001));
#8840=DIRECTION('',(-0.499999999999997,0.500000000000003,-0.707106781186547));
#8841=DIRECTION('',(0.499999999999997,-0.500000000000003,0.707106781186548));
#8842=DIRECTION('center_axis',(0.5,-0.5,-0.707106781186548));
#8843=DIRECTION('ref_axis',(-0.816496580927726,0.,-0.577350269189626));
#8844=DIRECTION('center_axis',(-0.5,0.5,0.707106781186548));
#8845=DIRECTION('ref_axis',(-0.5,0.5,-0.707106781186547));
#8846=DIRECTION('',(0.707106781186547,0.707106781186547,0.));
#8847=DIRECTION('center_axis',(0.,0.,-1.));
#8848=DIRECTION('ref_axis',(-1.,0.,0.));
#8849=DIRECTION('center_axis',(0.,0.,-1.));
#8850=DIRECTION('ref_axis',(-1.,0.,0.));
#8851=DIRECTION('',(0.707106781186547,0.707106781186547,0.));
#8852=DIRECTION('center_axis',(0.,0.,1.));
#8853=DIRECTION('ref_axis',(-1.,0.,0.));
#8854=DIRECTION('center_axis',(0.5,-0.5,-0.707106781186548));
#8855=DIRECTION('ref_axis',(0.5,-0.5,0.707106781186548));
#8856=DIRECTION('center_axis',(-0.466928039206418,0.466928039206418,0.75097031393105));
#8857=DIRECTION('ref_axis',(0.531016201450436,-0.531016201450436,0.660335965697992));
#8858=DIRECTION('center_axis',(-0.499999999999991,0.500000000000009,-0.707106781186548));
#8859=DIRECTION('ref_axis',(0.853553390593277,0.146446609406718,-0.499999999999997));
#8860=DIRECTION('',(-0.499999999999991,0.500000000000009,-0.707106781186547));
#8861=DIRECTION('',(0.499999999999991,-0.500000000000009,0.707106781186547));
#8862=DIRECTION('center_axis',(0.,0.,1.));
#8863=DIRECTION('ref_axis',(-0.707106781186547,0.707106781186548,0.));
#8864=DIRECTION('',(0.,0.,-1.));
#8865=DIRECTION('',(0.,0.,-1.));
#8866=DIRECTION('center_axis',(0.5,-0.5,-0.707106781186548));
#8867=DIRECTION('ref_axis',(-0.816496580927726,0.,-0.577350269189626));
#8868=DIRECTION('center_axis',(-0.5,0.5,0.707106781186548));
#8869=DIRECTION('ref_axis',(-0.5,0.5,-0.707106781186547));
#8870=DIRECTION('center_axis',(0.,0.,1.));
#8871=DIRECTION('ref_axis',(-0.707106781186551,0.707106781186544,0.));
#8872=DIRECTION('',(0.,0.,-1.));
#8873=DIRECTION('',(0.,0.,-1.));
#8874=DIRECTION('center_axis',(-0.70710678118656,-0.707106781186535,0.));
#8875=DIRECTION('ref_axis',(-0.707106781186535,0.70710678118656,0.));
#8876=DIRECTION('',(0.,0.,-1.));
#8877=DIRECTION('',(0.,0.,-1.));
#8878=DIRECTION('center_axis',(0.,0.,-1.));
#8879=DIRECTION('ref_axis',(-1.,0.,0.));
#8880=DIRECTION('center_axis',(0.,0.,-1.));
#8881=DIRECTION('ref_axis',(-1.,0.,0.));
#8882=DIRECTION('center_axis',(-0.766044443118978,-0.642787609686539,0.));
#8883=DIRECTION('ref_axis',(-0.642787609686539,0.766044443118978,0.));
#8884=DIRECTION('',(0.,0.,-1.));
#8885=DIRECTION('',(-0.642787609686539,0.766044443118978,0.));
#8886=DIRECTION('',(0.,0.,-1.));
#8887=DIRECTION('',(0.,0.,-1.));
#8888=DIRECTION('center_axis',(0.,0.,-1.));
#8889=DIRECTION('ref_axis',(-1.,0.,0.));
#8890=DIRECTION('center_axis',(0.,0.,-1.));
#8891=DIRECTION('ref_axis',(-1.,0.,0.));
#8892=DIRECTION('',(0.642787609629237,-0.76604444316706,0.));
#8893=DIRECTION('center_axis',(0.,0.,-1.));
#8894=DIRECTION('ref_axis',(-1.,0.,0.));
#8895=DIRECTION('',(0.,0.,1.));
#8896=DIRECTION('',(0.,0.,-1.));
#8897=DIRECTION('',(0.,0.,-1.));
#8898=DIRECTION('center_axis',(0.76604444316706,0.642787609629237,0.));
#8899=DIRECTION('ref_axis',(0.642787609629237,-0.76604444316706,0.));
#8900=DIRECTION('',(0.642787609629237,-0.76604444316706,0.));
#8901=DIRECTION('',(0.,0.,1.));
#8902=DIRECTION('center_axis',(0.,0.,-1.));
#8903=DIRECTION('ref_axis',(-1.,0.,0.));
#8904=DIRECTION('',(0.642787609686539,-0.766044443118978,0.));
#8905=DIRECTION('center_axis',(0.,0.,-1.));
#8906=DIRECTION('ref_axis',(-1.,0.,0.));
#8907=DIRECTION('center_axis',(0.,0.,1.));
#8908=DIRECTION('ref_axis',(-1.,0.,0.));
#8909=DIRECTION('center_axis',(0.,0.,-1.));
#8910=DIRECTION('ref_axis',(-1.,0.,0.));
#8911=DIRECTION('center_axis',(0.,0.,1.));
#8912=DIRECTION('ref_axis',(-1.,0.,0.));
#8913=DIRECTION('center_axis',(1.,0.,0.));
#8914=DIRECTION('ref_axis',(0.,-1.,0.));
#8915=DIRECTION('center_axis',(0.707106781186551,0.707106781186544,0.));
#8916=DIRECTION('ref_axis',(0.707106781186544,-0.707106781186551,0.));
#8917=DIRECTION('',(0.,0.,-1.));
#8918=DIRECTION('center_axis',(0.766044443118978,0.642787609686539,0.));
#8919=DIRECTION('ref_axis',(0.642787609686539,-0.766044443118978,0.));
#8920=DIRECTION('',(0.,0.,-1.));
#8921=DIRECTION('',(0.,0.,1.));
#8922=DIRECTION('',(0.,0.,-1.));
#8923=DIRECTION('center_axis',(0.,0.,1.));
#8924=DIRECTION('ref_axis',(-1.,0.,0.));
#8925=DIRECTION('center_axis',(0.,0.,1.));
#8926=DIRECTION('ref_axis',(-1.,0.,0.));
#8927=DIRECTION('',(0.,0.,-1.));
#8928=DIRECTION('',(0.,0.,-1.));
#8929=DIRECTION('center_axis',(0.,0.,1.));
#8930=DIRECTION('ref_axis',(-1.,0.,0.));
#8931=DIRECTION('center_axis',(0.,0.,1.));
#8932=DIRECTION('ref_axis',(-1.,0.,0.));
#8933=DIRECTION('',(0.,0.,1.));
#8934=DIRECTION('center_axis',(0.,0.,1.));
#8935=DIRECTION('ref_axis',(-1.,0.,0.));
#8936=DIRECTION('center_axis',(-0.466928039206418,-0.466928039206418,-0.75097031393105));
#8937=DIRECTION('ref_axis',(-0.531016201450436,-0.531016201450436,0.660335965697992));
#8938=DIRECTION('center_axis',(0.5,0.5,0.707106781186548));
#8939=DIRECTION('ref_axis',(-0.5,-0.5,0.707106781186548));
#8940=DIRECTION('center_axis',(0.499999999999997,0.500000000000003,-0.707106781186548));
#8941=DIRECTION('ref_axis',(0.14644660940673,-0.853553390593273,-0.500000000000001));
#8942=DIRECTION('',(0.499999999999997,0.500000000000003,-0.707106781186547));
#8943=DIRECTION('',(-0.499999999999997,-0.500000000000003,0.707106781186548));
#8944=DIRECTION('center_axis',(0.5,0.5,0.707106781186548));
#8945=DIRECTION('ref_axis',(0.816496580927726,0.,-0.577350269189626));
#8946=DIRECTION('',(-0.707106781186547,0.707106781186547,0.));
#8947=DIRECTION('center_axis',(-0.5,-0.5,-0.707106781186548));
#8948=DIRECTION('ref_axis',(0.5,0.5,-0.707106781186547));
#8949=DIRECTION('center_axis',(0.,0.,1.));
#8950=DIRECTION('ref_axis',(1.,0.,0.));
#8951=DIRECTION('center_axis',(0.,0.,-1.));
#8952=DIRECTION('ref_axis',(1.,0.,0.));
#8953=DIRECTION('',(-0.707106781186547,0.707106781186547,0.));
#8954=DIRECTION('center_axis',(0.,0.,1.));
#8955=DIRECTION('ref_axis',(1.,0.,0.));
#8956=DIRECTION('center_axis',(0.5,0.5,0.707106781186548));
#8957=DIRECTION('ref_axis',(-0.5,-0.5,0.707106781186548));
#8958=DIRECTION('center_axis',(-0.466928039206418,-0.466928039206418,-0.75097031393105));
#8959=DIRECTION('ref_axis',(-0.531016201450436,-0.531016201450436,0.660335965697992));
#8960=DIRECTION('center_axis',(-0.499999999999991,-0.500000000000009,0.707106781186548));
#8961=DIRECTION('ref_axis',(-0.853553390593277,0.146446609406718,-0.499999999999997));
#8962=DIRECTION('',(0.499999999999991,0.500000000000009,-0.707106781186547));
#8963=DIRECTION('',(-0.499999999999991,-0.500000000000009,0.707106781186547));
#8964=DIRECTION('center_axis',(0.,0.,-1.));
#8965=DIRECTION('ref_axis',(0.707106781186547,0.707106781186548,0.));
#8966=DIRECTION('',(0.,0.,-1.));
#8967=DIRECTION('',(0.,0.,-1.));
#8968=DIRECTION('center_axis',(0.5,0.5,0.707106781186548));
#8969=DIRECTION('ref_axis',(0.816496580927726,0.,-0.577350269189626));
#8970=DIRECTION('center_axis',(-0.5,-0.5,-0.707106781186548));
#8971=DIRECTION('ref_axis',(0.5,0.5,-0.707106781186547));
#8972=DIRECTION('center_axis',(0.,0.,-1.));
#8973=DIRECTION('ref_axis',(0.707106781186551,0.707106781186544,0.));
#8974=DIRECTION('',(0.,0.,-1.));
#8975=DIRECTION('',(0.,0.,-1.));
#8976=DIRECTION('center_axis',(-0.70710678118656,0.707106781186535,0.));
#8977=DIRECTION('ref_axis',(0.707106781186535,0.70710678118656,0.));
#8978=DIRECTION('',(0.,0.,-1.));
#8979=DIRECTION('',(0.,0.,-1.));
#8980=DIRECTION('center_axis',(0.,0.,1.));
#8981=DIRECTION('ref_axis',(1.,0.,0.));
#8982=DIRECTION('center_axis',(0.,0.,1.));
#8983=DIRECTION('ref_axis',(1.,0.,0.));
#8984=DIRECTION('center_axis',(-0.766044443118978,0.642787609686539,0.));
#8985=DIRECTION('ref_axis',(0.642787609686539,0.766044443118978,0.));
#8986=DIRECTION('',(0.,0.,1.));
#8987=DIRECTION('',(0.642787609686539,0.766044443118978,0.));
#8988=DIRECTION('',(0.,0.,-1.));
#8989=DIRECTION('',(0.,0.,-1.));
#8990=DIRECTION('center_axis',(0.,0.,1.));
#8991=DIRECTION('ref_axis',(1.,0.,0.));
#8992=DIRECTION('center_axis',(0.,0.,-1.));
#8993=DIRECTION('ref_axis',(1.,0.,0.));
#8994=DIRECTION('',(-0.642787609629237,-0.76604444316706,0.));
#8995=DIRECTION('center_axis',(0.,0.,1.));
#8996=DIRECTION('ref_axis',(1.,0.,0.));
#8997=DIRECTION('',(0.,0.,1.));
#8998=DIRECTION('',(0.,0.,-1.));
#8999=DIRECTION('',(0.,0.,-1.));
#9000=DIRECTION('center_axis',(0.76604444316706,-0.642787609629237,0.));
#9001=DIRECTION('ref_axis',(-0.642787609629237,-0.76604444316706,0.));
#9002=DIRECTION('',(0.,0.,-1.));
#9003=DIRECTION('',(-0.642787609629237,-0.76604444316706,0.));
#9004=DIRECTION('center_axis',(0.,0.,1.));
#9005=DIRECTION('ref_axis',(1.,0.,0.));
#9006=DIRECTION('center_axis',(0.,0.,-1.));
#9007=DIRECTION('ref_axis',(1.,0.,0.));
#9008=DIRECTION('center_axis',(0.,0.,-1.));
#9009=DIRECTION('ref_axis',(1.,0.,0.));
#9010=DIRECTION('',(-0.642787609686539,-0.766044443118978,0.));
#9011=DIRECTION('center_axis',(0.,0.,1.));
#9012=DIRECTION('ref_axis',(1.,0.,0.));
#9013=DIRECTION('center_axis',(0.,0.,-1.));
#9014=DIRECTION('ref_axis',(1.,0.,0.));
#9015=DIRECTION('center_axis',(0.,0.,-1.));
#9016=DIRECTION('ref_axis',(-1.,0.,0.));
#9017=DIRECTION('center_axis',(0.707106781186551,-0.707106781186544,0.));
#9018=DIRECTION('ref_axis',(-0.707106781186544,-0.707106781186551,0.));
#9019=DIRECTION('',(0.,0.,-1.));
#9020=DIRECTION('center_axis',(0.766044443118978,-0.642787609686539,0.));
#9021=DIRECTION('ref_axis',(-0.642787609686539,-0.766044443118978,0.));
#9022=DIRECTION('',(0.,0.,-1.));
#9023=DIRECTION('',(0.,0.,-1.));
#9024=DIRECTION('',(0.,0.,-1.));
#9025=DIRECTION('center_axis',(0.,0.,-1.));
#9026=DIRECTION('ref_axis',(1.,0.,0.));
#9027=DIRECTION('center_axis',(0.,0.,-1.));
#9028=DIRECTION('ref_axis',(1.,0.,0.));
#9029=DIRECTION('',(0.,0.,-1.));
#9030=DIRECTION('',(0.,0.,-1.));
#9031=DIRECTION('center_axis',(0.,0.,-1.));
#9032=DIRECTION('ref_axis',(1.,0.,0.));
#9033=DIRECTION('center_axis',(0.,0.,-1.));
#9034=DIRECTION('ref_axis',(1.,0.,0.));
#9035=DIRECTION('',(0.,0.,1.));
#9036=DIRECTION('center_axis',(0.,0.,-1.));
#9037=DIRECTION('ref_axis',(1.,0.,0.));
#9038=DIRECTION('center_axis',(0.,-1.,0.));
#9039=DIRECTION('ref_axis',(-1.,0.,0.));
#9040=DIRECTION('',(1.,0.,0.));
#9041=DIRECTION('',(0.,0.,-1.));
#9042=DIRECTION('',(-1.,0.,0.));
#9043=DIRECTION('',(0.,0.,-1.));
#9044=DIRECTION('center_axis',(1.,0.,0.));
#9045=DIRECTION('ref_axis',(0.,-1.,0.));
#9046=DIRECTION('',(0.,1.,0.));
#9047=DIRECTION('',(0.,-1.,0.));
#9048=DIRECTION('',(0.,0.,-1.));
#9049=DIRECTION('center_axis',(0.,1.,0.));
#9050=DIRECTION('ref_axis',(1.,0.,0.));
#9051=DIRECTION('',(-1.,0.,0.));
#9052=DIRECTION('',(1.,0.,0.));
#9053=DIRECTION('',(0.,0.,-1.));
#9054=DIRECTION('center_axis',(-1.,0.,0.));
#9055=DIRECTION('ref_axis',(0.,1.,0.));
#9056=DIRECTION('',(0.,-1.,0.));
#9057=DIRECTION('',(0.,1.,0.));
#9058=DIRECTION('',(0.,0.,-1.));
#9059=DIRECTION('center_axis',(0.,-1.,0.));
#9060=DIRECTION('ref_axis',(-1.,0.,0.));
#9061=DIRECTION('',(1.,0.,0.));
#9062=DIRECTION('',(-1.,0.,0.));
#9063=DIRECTION('',(0.,0.,-1.));
#9064=DIRECTION('center_axis',(-1.,5.93707894245428E-16,0.));
#9065=DIRECTION('ref_axis',(5.93707894245428E-16,1.,0.));
#9066=DIRECTION('',(-5.93707894245428E-16,-1.,0.));
#9067=DIRECTION('',(5.93707894245428E-16,1.,0.));
#9068=DIRECTION('center_axis',(0.,0.,-1.));
#9069=DIRECTION('ref_axis',(-1.,0.,0.));
#9070=DIRECTION('center_axis',(-1.,0.,0.));
#9071=DIRECTION('ref_axis',(0.,1.,0.));
#9072=DIRECTION('',(0.,-1.,0.));
#9073=DIRECTION('',(0.,0.,-1.));
#9074=DIRECTION('',(0.,1.,0.));
#9075=DIRECTION('',(0.,0.,-1.));
#9076=DIRECTION('center_axis',(0.,-1.,0.));
#9077=DIRECTION('ref_axis',(-1.,0.,0.));
#9078=DIRECTION('',(1.,0.,0.));
#9079=DIRECTION('',(-1.,0.,0.));
#9080=DIRECTION('',(0.,0.,-1.));
#9081=DIRECTION('center_axis',(1.,0.,0.));
#9082=DIRECTION('ref_axis',(0.,-1.,0.));
#9083=DIRECTION('',(0.,1.,0.));
#9084=DIRECTION('',(0.,-1.,0.));
#9085=DIRECTION('',(0.,0.,-1.));
#9086=DIRECTION('center_axis',(0.,1.,0.));
#9087=DIRECTION('ref_axis',(1.,0.,0.));
#9088=DIRECTION('',(-1.,0.,0.));
#9089=DIRECTION('',(1.,0.,0.));
#9090=DIRECTION('',(0.,0.,-1.));
#9091=DIRECTION('center_axis',(-1.,0.,0.));
#9092=DIRECTION('ref_axis',(0.,1.,0.));
#9093=DIRECTION('',(0.,-1.,0.));
#9094=DIRECTION('',(0.,1.,0.));
#9095=DIRECTION('',(0.,0.,-1.));
#9096=DIRECTION('center_axis',(1.48920738950155E-15,1.,0.));
#9097=DIRECTION('ref_axis',(1.,-1.48920738950155E-15,0.));
#9098=DIRECTION('',(-1.,1.48920738950155E-15,0.));
#9099=DIRECTION('',(1.,-1.48920738950155E-15,0.));
#9100=DIRECTION('center_axis',(0.,0.,-1.));
#9101=DIRECTION('ref_axis',(-1.,0.,0.));
#9102=DIRECTION('center_axis',(0.,1.,0.));
#9103=DIRECTION('ref_axis',(1.,0.,0.));
#9104=DIRECTION('',(-1.,0.,0.));
#9105=DIRECTION('',(0.,0.,-1.));
#9106=DIRECTION('',(1.,0.,0.));
#9107=DIRECTION('',(0.,0.,-1.));
#9108=DIRECTION('center_axis',(1.,-5.93707894245428E-16,0.));
#9109=DIRECTION('ref_axis',(-5.93707894245428E-16,-1.,0.));
#9110=DIRECTION('',(5.93707894245428E-16,1.,0.));
#9111=DIRECTION('',(-5.93707894245428E-16,-1.,0.));
#9112=DIRECTION('',(0.,0.,-1.));
#9113=DIRECTION('center_axis',(0.,1.,0.));
#9114=DIRECTION('ref_axis',(1.,0.,0.));
#9115=DIRECTION('',(-1.,0.,0.));
#9116=DIRECTION('',(1.,0.,0.));
#9117=DIRECTION('',(0.,0.,-1.));
#9118=DIRECTION('center_axis',(-1.,0.,0.));
#9119=DIRECTION('ref_axis',(0.,1.,0.));
#9120=DIRECTION('',(0.,-1.,0.));
#9121=DIRECTION('',(0.,1.,0.));
#9122=DIRECTION('',(0.,0.,-1.));
#9123=DIRECTION('center_axis',(0.,-1.,0.));
#9124=DIRECTION('ref_axis',(-1.,0.,0.));
#9125=DIRECTION('',(1.,0.,0.));
#9126=DIRECTION('',(-1.,0.,0.));
#9127=DIRECTION('',(0.,0.,-1.));
#9128=DIRECTION('center_axis',(1.,0.,0.));
#9129=DIRECTION('ref_axis',(0.,-1.,0.));
#9130=DIRECTION('',(0.,1.,0.));
#9131=DIRECTION('',(0.,-1.,0.));
#9132=DIRECTION('center_axis',(0.,0.,-1.));
#9133=DIRECTION('ref_axis',(-1.,0.,0.));
#9134=DIRECTION('center_axis',(1.,0.,0.));
#9135=DIRECTION('ref_axis',(0.,-1.,0.));
#9136=DIRECTION('',(0.,1.,0.));
#9137=DIRECTION('',(0.,0.,-1.));
#9138=DIRECTION('',(0.,-1.,0.));
#9139=DIRECTION('',(0.,0.,-1.));
#9140=DIRECTION('center_axis',(0.,1.,0.));
#9141=DIRECTION('ref_axis',(1.,0.,0.));
#9142=DIRECTION('',(-1.,0.,0.));
#9143=DIRECTION('',(1.,0.,0.));
#9144=DIRECTION('',(0.,0.,-1.));
#9145=DIRECTION('center_axis',(-1.,0.,0.));
#9146=DIRECTION('ref_axis',(0.,1.,0.));
#9147=DIRECTION('',(0.,-1.,0.));
#9148=DIRECTION('',(0.,1.,0.));
#9149=DIRECTION('',(0.,0.,-1.));
#9150=DIRECTION('center_axis',(0.,-1.,0.));
#9151=DIRECTION('ref_axis',(-1.,0.,0.));
#9152=DIRECTION('',(1.,0.,0.));
#9153=DIRECTION('',(-1.,0.,0.));
#9154=DIRECTION('',(0.,0.,-1.));
#9155=DIRECTION('center_axis',(1.,0.,0.));
#9156=DIRECTION('ref_axis',(0.,-1.,0.));
#9157=DIRECTION('',(0.,1.,0.));
#9158=DIRECTION('',(0.,-1.,0.));
#9159=DIRECTION('',(0.,0.,-1.));
#9160=DIRECTION('center_axis',(-1.48920738950155E-15,-1.,0.));
#9161=DIRECTION('ref_axis',(-1.,1.48920738950155E-15,0.));
#9162=DIRECTION('',(1.,-1.48920738950155E-15,0.));
#9163=DIRECTION('',(-1.,1.48920738950155E-15,0.));
#9164=DIRECTION('center_axis',(0.,0.,-1.));
#9165=DIRECTION('ref_axis',(-1.,0.,0.));
#9166=DIRECTION('center_axis',(0.5,-0.866025403784439,0.));
#9167=DIRECTION('ref_axis',(0.866025403784439,0.5,0.));
#9168=DIRECTION('',(0.866025403784439,0.5,0.));
#9169=DIRECTION('',(0.,0.,1.));
#9170=DIRECTION('',(0.866025403784439,0.5,0.));
#9171=DIRECTION('',(0.,0.,1.));
#9172=DIRECTION('center_axis',(1.,-6.93889390390723E-16,0.));
#9173=DIRECTION('ref_axis',(6.93889390390723E-16,1.,0.));
#9174=DIRECTION('',(6.93889390390723E-16,1.,0.));
#9175=DIRECTION('',(6.93889390390723E-16,1.,0.));
#9176=DIRECTION('',(0.,0.,1.));
#9177=DIRECTION('center_axis',(0.5,0.866025403784439,0.));
#9178=DIRECTION('ref_axis',(-0.866025403784439,0.5,0.));
#9179=DIRECTION('',(-0.866025403784439,0.5,0.));
#9180=DIRECTION('',(-0.866025403784439,0.5,0.));
#9181=DIRECTION('',(0.,0.,1.));
#9182=DIRECTION('center_axis',(-0.5,0.866025403784439,0.));
#9183=DIRECTION('ref_axis',(-0.866025403784439,-0.5,0.));
#9184=DIRECTION('',(-0.866025403784439,-0.5,0.));
#9185=DIRECTION('',(-0.866025403784439,-0.5,0.));
#9186=DIRECTION('',(0.,0.,1.));
#9187=DIRECTION('center_axis',(-1.,2.77555756156289E-16,0.));
#9188=DIRECTION('ref_axis',(-2.77555756156289E-16,-1.,0.));
#9189=DIRECTION('',(-2.77555756156289E-16,-1.,0.));
#9190=DIRECTION('',(-2.77555756156289E-16,-1.,0.));
#9191=DIRECTION('',(0.,0.,1.));
#9192=DIRECTION('center_axis',(-0.5,-0.866025403784438,0.));
#9193=DIRECTION('ref_axis',(0.866025403784438,-0.5,0.));
#9194=DIRECTION('',(0.866025403784438,-0.5,0.));
#9195=DIRECTION('',(0.866025403784438,-0.5,0.));
#9196=DIRECTION('center_axis',(0.5,-0.866025403784439,0.));
#9197=DIRECTION('ref_axis',(0.866025403784439,0.5,0.));
#9198=DIRECTION('',(0.866025403784439,0.5,0.));
#9199=DIRECTION('',(0.,0.,1.));
#9200=DIRECTION('',(0.866025403784439,0.5,0.));
#9201=DIRECTION('',(0.,0.,1.));
#9202=DIRECTION('center_axis',(1.,-6.93889390390723E-16,0.));
#9203=DIRECTION('ref_axis',(6.93889390390723E-16,1.,0.));
#9204=DIRECTION('',(6.93889390390723E-16,1.,0.));
#9205=DIRECTION('',(6.93889390390723E-16,1.,0.));
#9206=DIRECTION('',(0.,0.,1.));
#9207=DIRECTION('center_axis',(0.5,0.866025403784439,0.));
#9208=DIRECTION('ref_axis',(-0.866025403784439,0.5,0.));
#9209=DIRECTION('',(-0.866025403784439,0.5,0.));
#9210=DIRECTION('',(-0.866025403784439,0.5,0.));
#9211=DIRECTION('',(0.,0.,1.));
#9212=DIRECTION('center_axis',(-0.5,0.866025403784439,0.));
#9213=DIRECTION('ref_axis',(-0.866025403784439,-0.5,0.));
#9214=DIRECTION('',(-0.866025403784439,-0.5,0.));
#9215=DIRECTION('',(-0.866025403784439,-0.5,0.));
#9216=DIRECTION('',(0.,0.,1.));
#9217=DIRECTION('center_axis',(-1.,2.77555756156289E-16,0.));
#9218=DIRECTION('ref_axis',(-2.77555756156289E-16,-1.,0.));
#9219=DIRECTION('',(-2.77555756156289E-16,-1.,0.));
#9220=DIRECTION('',(-2.77555756156289E-16,-1.,0.));
#9221=DIRECTION('',(0.,0.,1.));
#9222=DIRECTION('center_axis',(-0.5,-0.866025403784438,0.));
#9223=DIRECTION('ref_axis',(0.866025403784438,-0.5,0.));
#9224=DIRECTION('',(0.866025403784438,-0.5,0.));
#9225=DIRECTION('',(0.866025403784438,-0.5,0.));
#9226=DIRECTION('center_axis',(0.350357874316831,-0.936615908419343,0.));
#9227=DIRECTION('ref_axis',(0.936615908419343,0.350357874316831,0.));
#9228=DIRECTION('',(-0.936615908419343,-0.350357874316831,0.));
#9229=DIRECTION('',(0.,0.,1.));
#9230=DIRECTION('',(0.936615908419343,0.350357874316831,0.));
#9231=DIRECTION('',(0.,0.,1.));
#9232=DIRECTION('center_axis',(0.,-1.,0.));
#9233=DIRECTION('ref_axis',(1.,0.,0.));
#9234=DIRECTION('',(-1.,0.,0.));
#9235=DIRECTION('',(1.,0.,0.));
#9236=DIRECTION('',(0.,0.,1.));
#9237=DIRECTION('center_axis',(-0.350357874316832,-0.936615908419343,0.));
#9238=DIRECTION('ref_axis',(0.936615908419343,-0.350357874316832,0.));
#9239=DIRECTION('',(-0.936615908419343,0.350357874316832,0.));
#9240=DIRECTION('',(0.936615908419343,-0.350357874316832,0.));
#9241=DIRECTION('',(0.,0.,1.));
#9242=DIRECTION('center_axis',(-1.,0.,0.));
#9243=DIRECTION('ref_axis',(0.,-1.,0.));
#9244=DIRECTION('',(0.,1.,0.));
#9245=DIRECTION('',(0.,-1.,0.));
#9246=DIRECTION('',(0.,0.,1.));
#9247=DIRECTION('center_axis',(-0.350357874316832,0.936615908419343,0.));
#9248=DIRECTION('ref_axis',(-0.936615908419343,-0.350357874316832,0.));
#9249=DIRECTION('',(-0.936615908419343,-0.350357874316832,0.));
#9250=DIRECTION('',(-0.936615908419343,-0.350357874316832,0.));
#9251=DIRECTION('',(0.,0.,1.));
#9252=DIRECTION('center_axis',(0.,1.,0.));
#9253=DIRECTION('ref_axis',(-1.,0.,0.));
#9254=DIRECTION('',(-1.,0.,0.));
#9255=DIRECTION('',(-1.,0.,0.));
#9256=DIRECTION('',(0.,0.,1.));
#9257=DIRECTION('center_axis',(0.350357874316832,0.936615908419343,0.));
#9258=DIRECTION('ref_axis',(-0.936615908419343,0.350357874316832,0.));
#9259=DIRECTION('',(-0.936615908419343,0.350357874316832,0.));
#9260=DIRECTION('',(-0.936615908419343,0.350357874316832,0.));
#9261=DIRECTION('',(0.,0.,1.));
#9262=DIRECTION('center_axis',(1.,0.,0.));
#9263=DIRECTION('ref_axis',(0.,1.,0.));
#9264=DIRECTION('',(0.,-1.,0.));
#9265=DIRECTION('',(0.,1.,0.));
#9266=DIRECTION('center_axis',(0.,0.,1.));
#9267=DIRECTION('ref_axis',(1.,0.,0.));
#9268=DIRECTION('center_axis',(0.,0.,1.));
#9269=DIRECTION('ref_axis',(-1.,0.,0.));
#9270=DIRECTION('center_axis',(0.4,-0.916515138991168,0.));
#9271=DIRECTION('ref_axis',(-0.916515138991168,-0.4,0.));
#9272=DIRECTION('',(0.916515138991168,0.4,0.));
#9273=DIRECTION('',(0.,0.,-1.));
#9274=DIRECTION('',(-0.916515138991168,-0.4,0.));
#9275=DIRECTION('',(0.,0.,-1.));
#9276=DIRECTION('center_axis',(0.,-1.,0.));
#9277=DIRECTION('ref_axis',(-1.,0.,0.));
#9278=DIRECTION('',(1.,0.,0.));
#9279=DIRECTION('',(-1.,0.,0.));
#9280=DIRECTION('',(0.,0.,-1.));
#9281=DIRECTION('center_axis',(0.450140699203343,-0.892957642288102,0.));
#9282=DIRECTION('ref_axis',(-0.892957642288102,-0.450140699203343,0.));
#9283=DIRECTION('',(0.892957642288102,0.450140699203343,0.));
#9284=DIRECTION('',(-0.892957642288102,-0.450140699203343,0.));
#9285=DIRECTION('',(0.,0.,-1.));
#9286=DIRECTION('center_axis',(-0.817969346469372,0.575261808428535,0.));
#9287=DIRECTION('ref_axis',(0.575261808428535,0.817969346469372,0.));
#9288=DIRECTION('',(0.575261808428535,0.817969346469372,0.));
#9289=DIRECTION('',(0.,0.,-1.));
#9290=DIRECTION('',(0.575261808428535,0.817969346469372,0.));
#9291=DIRECTION('',(0.,0.,-1.));
#9292=DIRECTION('center_axis',(0.,1.,0.));
#9293=DIRECTION('ref_axis',(1.,0.,0.));
#9294=DIRECTION('',(-1.,0.,0.));
#9295=DIRECTION('',(1.,0.,0.));
#9296=DIRECTION('',(0.,0.,-1.));
#9297=DIRECTION('center_axis',(0.817969346469372,0.575261808428535,0.));
#9298=DIRECTION('ref_axis',(0.575261808428535,-0.817969346469372,0.));
#9299=DIRECTION('',(-0.575261808428535,0.817969346469372,0.));
#9300=DIRECTION('',(0.575261808428535,-0.817969346469372,0.));
#9301=DIRECTION('',(0.,0.,-1.));
#9302=DIRECTION('center_axis',(-0.450140699203342,-0.892957642288102,0.));
#9303=DIRECTION('ref_axis',(-0.892957642288102,0.450140699203342,0.));
#9304=DIRECTION('',(-0.892957642288102,0.450140699203342,0.));
#9305=DIRECTION('',(0.,0.,-1.));
#9306=DIRECTION('',(-0.892957642288102,0.450140699203342,0.));
#9307=DIRECTION('',(0.,0.,-1.));
#9308=DIRECTION('center_axis',(0.,-1.,0.));
#9309=DIRECTION('ref_axis',(-1.,0.,0.));
#9310=DIRECTION('',(1.,0.,0.));
#9311=DIRECTION('',(-1.,0.,0.));
#9312=DIRECTION('',(0.,0.,-1.));
#9313=DIRECTION('center_axis',(-0.4,-0.916515138991168,0.));
#9314=DIRECTION('ref_axis',(-0.916515138991168,0.4,0.));
#9315=DIRECTION('',(-0.916515138991168,0.4,0.));
#9316=DIRECTION('',(-0.916515138991168,0.4,0.));
#9317=DIRECTION('',(0.,0.,-1.));
#9318=DIRECTION('center_axis',(0.,-1.,0.));
#9319=DIRECTION('ref_axis',(-1.,0.,0.));
#9320=DIRECTION('',(1.,0.,0.));
#9321=DIRECTION('',(-1.,0.,0.));
#9322=DIRECTION('center_axis',(0.,0.,-1.));
#9323=DIRECTION('ref_axis',(-0.756796912852487,0.653650084293534,0.));
#9324=DIRECTION('center_axis',(0.,0.,-1.));
#9325=DIRECTION('ref_axis',(1.,0.,0.));
#9326=DIRECTION('center_axis',(0.,0.,-1.));
#9327=DIRECTION('ref_axis',(1.,0.,0.));
#9328=DIRECTION('center_axis',(0.,0.,-1.));
#9329=DIRECTION('ref_axis',(1.,0.,0.));
#9330=DIRECTION('center_axis',(0.,0.,-1.));
#9331=DIRECTION('ref_axis',(1.,0.,0.));
#9332=DIRECTION('',(0.707106781186547,-8.65956056235493E-17,0.707106781186547));
#9333=DIRECTION('center_axis',(0.,0.,1.));
#9334=DIRECTION('ref_axis',(1.,0.,0.));
#9335=DIRECTION('center_axis',(0.,0.,-1.));
#9336=DIRECTION('ref_axis',(1.,0.,0.));
#9337=DIRECTION('',(0.,0.,1.));
#9338=DIRECTION('center_axis',(0.,0.,1.));
#9339=DIRECTION('ref_axis',(1.,0.,0.));
#9340=DIRECTION('center_axis',(0.,0.,-1.));
#9341=DIRECTION('ref_axis',(1.,0.,0.));
#9342=DIRECTION('center_axis',(0.,0.,-1.));
#9343=DIRECTION('ref_axis',(1.,0.,0.));
#9344=DIRECTION('',(0.707106781186547,-8.65956056235493E-17,0.707106781186547));
#9345=DIRECTION('center_axis',(0.,0.,1.));
#9346=DIRECTION('ref_axis',(1.,0.,0.));
#9347=DIRECTION('center_axis',(0.,0.,-1.));
#9348=DIRECTION('ref_axis',(1.,0.,0.));
#9349=DIRECTION('',(0.,0.,1.));
#9350=DIRECTION('center_axis',(0.,0.,1.));
#9351=DIRECTION('ref_axis',(1.,0.,0.));
#9352=DIRECTION('center_axis',(0.,0.,-1.));
#9353=DIRECTION('ref_axis',(1.,0.,0.));
#9354=DIRECTION('center_axis',(0.,0.,-1.));
#9355=DIRECTION('ref_axis',(1.,0.,0.));
#9356=DIRECTION('center_axis',(0.,0.,-1.));
#9357=DIRECTION('ref_axis',(1.,0.,0.));
#9358=DIRECTION('center_axis',(0.,0.,-1.));
#9359=DIRECTION('ref_axis',(1.,0.,0.));
#9360=DIRECTION('center_axis',(0.,0.,-1.));
#9361=DIRECTION('ref_axis',(1.,0.,0.));
#9362=CARTESIAN_POINT('',(0.,0.,0.));
#9363=CARTESIAN_POINT('Origin',(-17.5,-23.7,-10.5));
#9364=CARTESIAN_POINT('',(-16.5,-21.9679491924311,-6.));
#9365=CARTESIAN_POINT('',(-16.5,-21.9679491924311,-9.));
#9366=CARTESIAN_POINT('',(-16.5,-21.9679491924311,-10.5));
#9367=CARTESIAN_POINT('',(-17.5,-21.7,-6.));
#9368=CARTESIAN_POINT('Origin',(-17.5,-23.7,-6.));
#9369=CARTESIAN_POINT('',(-17.5,-21.7,-10.5));
#9370=CARTESIAN_POINT('',(-17.5,-21.7,-10.5));
#9371=CARTESIAN_POINT('',(-15.5,-23.7,-10.5));
#9372=CARTESIAN_POINT('Origin',(-17.5,-23.7,-10.5));
#9373=CARTESIAN_POINT('',(-15.5,-23.7,-9.));
#9374=CARTESIAN_POINT('',(-15.5,-23.7,-10.5));
#9375=CARTESIAN_POINT('Origin',(-17.5,-23.7,-9.));
#9376=CARTESIAN_POINT('Origin',(-15.5,-26.2,-10.5));
#9377=CARTESIAN_POINT('',(-15.5,-24.7,-9.));
#9378=CARTESIAN_POINT('',(-15.5,-6.925,-9.));
#9379=CARTESIAN_POINT('',(-15.5,-26.2,-10.5));
#9380=CARTESIAN_POINT('',(-15.5,-6.55,-10.5));
#9381=CARTESIAN_POINT('',(-15.5,-26.2,-6.));
#9382=CARTESIAN_POINT('',(-15.5,-26.2,-5.25));
#9383=CARTESIAN_POINT('',(-15.5,-24.7,-6.));
#9384=CARTESIAN_POINT('',(-15.5,-26.2,-6.));
#9385=CARTESIAN_POINT('',(-15.5,-24.7,-5.25));
#9386=CARTESIAN_POINT('Origin',(-17.5,-21.7,-10.5));
#9387=CARTESIAN_POINT('',(-18.,-21.7,-10.5));
#9388=CARTESIAN_POINT('',(-4.24999999999985,-21.6999999999999,-10.5));
#9389=CARTESIAN_POINT('',(-18.,-21.7,-6.));
#9390=CARTESIAN_POINT('',(-17.5,-21.7,-6.));
#9391=CARTESIAN_POINT('',(-18.,-21.7,-5.25));
#9392=CARTESIAN_POINT('Origin',(-15.5,23.7,-10.5));
#9393=CARTESIAN_POINT('',(-15.5,25.04,-6.));
#9394=CARTESIAN_POINT('',(-15.5,25.04,-9.));
#9395=CARTESIAN_POINT('',(-15.5,25.04,-5.25));
#9396=CARTESIAN_POINT('',(-15.5,26.2,-6.));
#9397=CARTESIAN_POINT('',(-15.5,26.2,-6.));
#9398=CARTESIAN_POINT('',(-15.5,26.2,-10.5));
#9399=CARTESIAN_POINT('',(-15.5,26.2,-5.25));
#9400=CARTESIAN_POINT('',(-15.5,23.7,-10.5));
#9401=CARTESIAN_POINT('',(-15.5,18.4,-10.5));
#9402=CARTESIAN_POINT('',(-15.5,23.7,-9.));
#9403=CARTESIAN_POINT('',(-15.5,23.7,-10.5));
#9404=CARTESIAN_POINT('',(-15.5,18.025,-9.));
#9405=CARTESIAN_POINT('Origin',(-17.5,23.7,-10.5));
#9406=CARTESIAN_POINT('',(-16.5,21.9679491924311,-9.));
#9407=CARTESIAN_POINT('',(-16.5,21.9679491924311,-6.));
#9408=CARTESIAN_POINT('',(-16.5,21.9679491924311,-10.5));
#9409=CARTESIAN_POINT('Origin',(-17.5,23.7,-9.));
#9410=CARTESIAN_POINT('',(-17.5,21.7,-10.5));
#9411=CARTESIAN_POINT('Origin',(-17.5,23.7,-10.5));
#9412=CARTESIAN_POINT('',(-17.5,21.7,-6.));
#9413=CARTESIAN_POINT('',(-17.5,21.7,-10.5));
#9414=CARTESIAN_POINT('Origin',(-17.5,23.7,-6.));
#9415=CARTESIAN_POINT('Origin',(-18.,21.7,-10.5));
#9416=CARTESIAN_POINT('',(-18.,21.7,-10.5));
#9417=CARTESIAN_POINT('',(-4.49999999999996,21.6999999999999,-10.5));
#9418=CARTESIAN_POINT('',(-18.,21.7,-6.));
#9419=CARTESIAN_POINT('',(-18.,21.7,-5.25));
#9420=CARTESIAN_POINT('',(-17.5,21.7,-6.));
#9421=CARTESIAN_POINT('Origin',(15.5,-23.7,-10.5));
#9422=CARTESIAN_POINT('',(15.5,-24.7,-9.));
#9423=CARTESIAN_POINT('',(15.5,-23.7,-9.));
#9424=CARTESIAN_POINT('',(15.5,-5.67499999999999,-9.));
#9425=CARTESIAN_POINT('',(15.5,-24.7,-6.));
#9426=CARTESIAN_POINT('',(15.5,-24.7,-5.25));
#9427=CARTESIAN_POINT('',(15.5,-26.2,-6.));
#9428=CARTESIAN_POINT('',(15.5,-26.2,-6.));
#9429=CARTESIAN_POINT('',(15.5,-26.2,-10.5));
#9430=CARTESIAN_POINT('',(15.5,-26.2,-5.25));
#9431=CARTESIAN_POINT('',(15.5,-23.7,-10.5));
#9432=CARTESIAN_POINT('',(15.5,-5.29999999999999,-10.5));
#9433=CARTESIAN_POINT('',(15.5,-23.7,-10.5));
#9434=CARTESIAN_POINT('Origin',(17.5,-23.7,-10.5));
#9435=CARTESIAN_POINT('',(16.5,-21.9679491924311,-9.));
#9436=CARTESIAN_POINT('',(16.5,-21.9679491924311,-6.));
#9437=CARTESIAN_POINT('',(16.5,-21.9679491924311,-10.5));
#9438=CARTESIAN_POINT('Origin',(17.5,-23.7,-9.));
#9439=CARTESIAN_POINT('',(17.5,-21.7,-10.5));
#9440=CARTESIAN_POINT('Origin',(17.5,-23.7,-10.5));
#9441=CARTESIAN_POINT('',(17.5,-21.7,-6.));
#9442=CARTESIAN_POINT('',(17.5,-21.7,-10.5));
#9443=CARTESIAN_POINT('Origin',(17.5,-23.7,-6.));
#9444=CARTESIAN_POINT('Origin',(18.,-21.7,-10.5));
#9445=CARTESIAN_POINT('',(18.,-21.7,-10.5));
#9446=CARTESIAN_POINT('',(13.4999999999998,-21.7,-10.5));
#9447=CARTESIAN_POINT('',(18.,-21.7,-6.));
#9448=CARTESIAN_POINT('',(18.,-21.7,-5.25));
#9449=CARTESIAN_POINT('',(17.5,-21.7,-6.));
#9450=CARTESIAN_POINT('Origin',(17.5,23.7,-10.5));
#9451=CARTESIAN_POINT('',(16.5,21.9679491924311,-6.));
#9452=CARTESIAN_POINT('',(16.5,21.9679491924311,-9.));
#9453=CARTESIAN_POINT('',(16.5,21.9679491924311,-10.5));
#9454=CARTESIAN_POINT('',(17.5,21.7,-6.));
#9455=CARTESIAN_POINT('Origin',(17.5,23.7,-6.));
#9456=CARTESIAN_POINT('',(17.5,21.7,-10.5));
#9457=CARTESIAN_POINT('',(17.5,21.7,-10.5));
#9458=CARTESIAN_POINT('',(15.5,23.7,-10.5));
#9459=CARTESIAN_POINT('Origin',(17.5,23.7,-10.5));
#9460=CARTESIAN_POINT('',(15.5,23.7,-9.));
#9461=CARTESIAN_POINT('',(15.5,23.7,-10.5));
#9462=CARTESIAN_POINT('Origin',(17.5,23.7,-9.));
#9463=CARTESIAN_POINT('Origin',(15.5,26.2,-10.5));
#9464=CARTESIAN_POINT('',(15.5,25.04,-9.));
#9465=CARTESIAN_POINT('',(15.5,25.04,-6.));
#9466=CARTESIAN_POINT('',(15.5,25.04,-5.25));
#9467=CARTESIAN_POINT('',(15.5,19.275,-9.));
#9468=CARTESIAN_POINT('',(15.5,26.2,-10.5));
#9469=CARTESIAN_POINT('',(15.5,19.65,-10.5));
#9470=CARTESIAN_POINT('',(15.5,26.2,-6.));
#9471=CARTESIAN_POINT('',(15.5,26.2,-5.25));
#9472=CARTESIAN_POINT('',(15.5,26.2,-6.));
#9473=CARTESIAN_POINT('Origin',(17.5,21.7,-10.5));
#9474=CARTESIAN_POINT('',(18.,21.7,-10.5));
#9475=CARTESIAN_POINT('',(13.25,21.7,-10.5));
#9476=CARTESIAN_POINT('',(18.,21.7,-6.));
#9477=CARTESIAN_POINT('',(17.5,21.7,-6.));
#9478=CARTESIAN_POINT('',(18.,21.7,-5.25));
#9479=CARTESIAN_POINT('Origin',(-18.,24.95,0.));
#9480=CARTESIAN_POINT('',(-18.,-24.15,-6.));
#9481=CARTESIAN_POINT('',(-18.,0.500000000000001,-6.));
#9482=CARTESIAN_POINT('',(-18.,-24.15,0.));
#9483=CARTESIAN_POINT('',(-18.,-24.15,0.));
#9484=CARTESIAN_POINT('',(-18.,-12.400000000002,0.));
#9485=CARTESIAN_POINT('',(-18.,26.2,0.));
#9486=CARTESIAN_POINT('',(-18.,-12.400000000002,-2.));
#9487=CARTESIAN_POINT('',(-18.,-12.400000000002,0.));
#9488=CARTESIAN_POINT('',(-18.,12.400000000002,-2.));
#9489=CARTESIAN_POINT('',(-18.,12.475,-2.));
#9490=CARTESIAN_POINT('',(-18.,12.400000000002,0.));
#9491=CARTESIAN_POINT('',(-18.,12.400000000002,0.));
#9492=CARTESIAN_POINT('',(-18.,24.15,0.));
#9493=CARTESIAN_POINT('',(-18.,26.2,0.));
#9494=CARTESIAN_POINT('',(-18.,24.15,-6.));
#9495=CARTESIAN_POINT('',(-18.,24.15,0.));
#9496=CARTESIAN_POINT('',(-18.,24.45,-6.));
#9497=CARTESIAN_POINT('',(-18.,-26.2,-10.5));
#9498=CARTESIAN_POINT('',(-18.,12.400000000002,-7.));
#9499=CARTESIAN_POINT('',(-18.,-12.400000000002,-7.));
#9500=CARTESIAN_POINT('',(-18.,23.45,-7.));
#9501=CARTESIAN_POINT('',(-18.,-12.400000000002,-9.));
#9502=CARTESIAN_POINT('',(-18.,-12.400000000002,0.));
#9503=CARTESIAN_POINT('',(-18.,12.400000000002,-9.));
#9504=CARTESIAN_POINT('',(-18.,12.475,-9.));
#9505=CARTESIAN_POINT('',(-18.,12.400000000002,0.));
#9506=CARTESIAN_POINT('Origin',(-2.55111884448223E-15,-26.2,0.));
#9507=CARTESIAN_POINT('',(2.55111884448223E-15,-26.2,-10.5));
#9508=CARTESIAN_POINT('',(-2.55111884448223E-15,-26.2,-6.));
#9509=CARTESIAN_POINT('',(-8.5,-26.2,-9.));
#9510=CARTESIAN_POINT('',(-8.5,-26.2,-7.5));
#9511=CARTESIAN_POINT('',(-8.5,-26.2,-3.75));
#9512=CARTESIAN_POINT('',(8.5,-26.2,-7.5));
#9513=CARTESIAN_POINT('',(4.25,-26.2,-7.5));
#9514=CARTESIAN_POINT('',(8.5,-26.2,-9.));
#9515=CARTESIAN_POINT('',(8.5,-26.2,-4.5));
#9516=CARTESIAN_POINT('',(-4.25,-26.2,-9.));
#9517=CARTESIAN_POINT('Origin',(16.5,24.7,0.));
#9518=CARTESIAN_POINT('',(16.5,-24.7,-6.));
#9519=CARTESIAN_POINT('',(16.5,0.375000000000005,-6.));
#9520=CARTESIAN_POINT('',(16.5,-24.7,0.));
#9521=CARTESIAN_POINT('',(16.5,-24.7,0.));
#9522=CARTESIAN_POINT('',(16.5,25.04,0.));
#9523=CARTESIAN_POINT('',(16.5,24.675,0.));
#9524=CARTESIAN_POINT('',(16.5,25.04,-6.));
#9525=CARTESIAN_POINT('',(16.5,25.04,0.));
#9526=CARTESIAN_POINT('',(16.5,24.325,-6.));
#9527=CARTESIAN_POINT('',(16.5,-26.2071650458294,-9.));
#9528=CARTESIAN_POINT('Origin',(2.25838945643584E-24,25.04,0.));
#9529=CARTESIAN_POINT('',(-16.5,25.04,-6.));
#9530=CARTESIAN_POINT('',(-8.375,25.04,-6.));
#9531=CARTESIAN_POINT('',(-3.65,25.04,-9.));
#9532=CARTESIAN_POINT('',(2.25838945643584E-24,25.04,-9.));
#9533=CARTESIAN_POINT('',(-4.75,25.04,-7.9));
#9534=CARTESIAN_POINT('Origin',(-3.65,25.04,-7.9));
#9535=CARTESIAN_POINT('',(-4.75,25.04,-6.6));
#9536=CARTESIAN_POINT('',(-4.75,25.04,-3.95));
#9537=CARTESIAN_POINT('',(-3.65,25.04,-5.5));
#9538=CARTESIAN_POINT('Origin',(-3.65,25.04,-6.6));
#9539=CARTESIAN_POINT('',(3.65,25.04,-5.5));
#9540=CARTESIAN_POINT('',(-1.825,25.04,-5.5));
#9541=CARTESIAN_POINT('',(4.75,25.04,-6.6));
#9542=CARTESIAN_POINT('Origin',(3.65,25.04,-6.6));
#9543=CARTESIAN_POINT('',(4.75,25.04,-7.9));
#9544=CARTESIAN_POINT('',(4.75,25.04,-3.3));
#9545=CARTESIAN_POINT('',(3.65,25.04,-9.));
#9546=CARTESIAN_POINT('Origin',(3.65,25.04,-7.9));
#9547=CARTESIAN_POINT('',(2.25838945643584E-24,25.04,-9.));
#9548=CARTESIAN_POINT('',(8.375,25.04,-6.));
#9549=CARTESIAN_POINT('',(-16.5,25.04,0.));
#9550=CARTESIAN_POINT('',(12.325,25.04,0.));
#9551=CARTESIAN_POINT('',(-16.5,25.04,0.));
#9552=CARTESIAN_POINT('Origin',(8.25,12.35,-9.));
#9553=CARTESIAN_POINT('',(-8.5,-24.7,-9.));
#9554=CARTESIAN_POINT('',(2.25838945643584E-24,-24.7,-9.));
#9555=CARTESIAN_POINT('',(-8.5,-24.7,-9.));
#9556=CARTESIAN_POINT('',(8.5,-24.7,-9.));
#9557=CARTESIAN_POINT('',(8.5,-24.7,-9.));
#9558=CARTESIAN_POINT('',(2.25838945643584E-24,-24.7,-9.));
#9559=CARTESIAN_POINT('',(3.65,26.2,-9.));
#9560=CARTESIAN_POINT('',(3.65,24.7,-9.));
#9561=CARTESIAN_POINT('',(-3.65,26.2,-9.));
#9562=CARTESIAN_POINT('',(1.825,26.2,-9.));
#9563=CARTESIAN_POINT('',(-3.65,24.7,-9.));
#9564=CARTESIAN_POINT('',(-16.5,-26.2071650458294,-9.));
#9565=CARTESIAN_POINT('',(-10.75,21.5,-9.));
#9566=CARTESIAN_POINT('Origin',(-12.75,21.5,-9.));
#9567=CARTESIAN_POINT('',(14.75,21.5,-9.));
#9568=CARTESIAN_POINT('Origin',(12.75,21.5,-9.));
#9569=CARTESIAN_POINT('',(11.4374342087038,-17.5,-9.));
#9570=CARTESIAN_POINT('',(12.75,-19.7,-9.));
#9571=CARTESIAN_POINT('Origin',(10.25,-19.7,-9.));
#9572=CARTESIAN_POINT('',(9.06256579129622,-17.5,-9.));
#9573=CARTESIAN_POINT('Origin',(10.25,-19.7,-9.));
#9574=CARTESIAN_POINT('',(-9.06256579129622,-17.5,-9.));
#9575=CARTESIAN_POINT('',(9.875,-17.5,-9.));
#9576=CARTESIAN_POINT('',(-7.75,-19.7,-9.));
#9577=CARTESIAN_POINT('Origin',(-10.25,-19.7,-9.));
#9578=CARTESIAN_POINT('',(-11.4374342087038,-17.5,-9.));
#9579=CARTESIAN_POINT('Origin',(-10.25,-19.7,-9.));
#9580=CARTESIAN_POINT('',(-11.5,-17.5,-9.));
#9581=CARTESIAN_POINT('',(9.875,-17.5,-9.));
#9582=CARTESIAN_POINT('',(-12.5,-16.5,-9.));
#9583=CARTESIAN_POINT('Origin',(-11.5,-16.5,-9.));
#9584=CARTESIAN_POINT('',(-12.5,-14.5,-9.));
#9585=CARTESIAN_POINT('',(-12.5,-2.07500000000001,-9.));
#9586=CARTESIAN_POINT('',(-11.5,-13.5,-9.));
#9587=CARTESIAN_POINT('Origin',(-11.5,-14.5,-9.));
#9588=CARTESIAN_POINT('',(11.5,-13.5,-9.));
#9589=CARTESIAN_POINT('',(-1.625,-13.5,-9.));
#9590=CARTESIAN_POINT('',(12.5,-14.5,-9.));
#9591=CARTESIAN_POINT('Origin',(11.5,-14.5,-9.));
#9592=CARTESIAN_POINT('',(12.5,-16.5,-9.));
#9593=CARTESIAN_POINT('',(12.5,-1.075,-9.));
#9594=CARTESIAN_POINT('',(11.5,-17.5,-9.));
#9595=CARTESIAN_POINT('Origin',(11.5,-16.5,-9.));
#9596=CARTESIAN_POINT('',(9.875,-17.5,-9.));
#9597=CARTESIAN_POINT('',(11.5,13.5,-9.));
#9598=CARTESIAN_POINT('',(-11.5,13.5,-9.));
#9599=CARTESIAN_POINT('',(9.875,13.5,-9.));
#9600=CARTESIAN_POINT('',(-12.5,14.5,-9.));
#9601=CARTESIAN_POINT('Origin',(-11.5,14.5,-9.));
#9602=CARTESIAN_POINT('',(-12.5,16.5,-9.));
#9603=CARTESIAN_POINT('',(-12.5,13.425,-9.));
#9604=CARTESIAN_POINT('',(-11.5,17.5,-9.));
#9605=CARTESIAN_POINT('Origin',(-11.5,16.5,-9.));
#9606=CARTESIAN_POINT('',(11.5,17.5,-9.));
#9607=CARTESIAN_POINT('',(-1.625,17.5,-9.));
#9608=CARTESIAN_POINT('',(12.5,16.5,-9.));
#9609=CARTESIAN_POINT('Origin',(11.5,16.5,-9.));
#9610=CARTESIAN_POINT('',(12.5,14.5,-9.));
#9611=CARTESIAN_POINT('',(12.5,14.425,-9.));
#9612=CARTESIAN_POINT('Origin',(11.5,14.5,-9.));
#9613=CARTESIAN_POINT('',(14.75,-4.,-9.));
#9614=CARTESIAN_POINT('Origin',(12.75,-4.,-9.));
#9615=CARTESIAN_POINT('',(-10.75,-4.,-9.));
#9616=CARTESIAN_POINT('Origin',(-12.75,-4.,-9.));
#9617=CARTESIAN_POINT('',(-4.25000000000001,5.75,-9.));
#9618=CARTESIAN_POINT('',(-4.25000000000001,-5.75,-9.));
#9619=CARTESIAN_POINT('',(-4.25000000000001,9.05,-9.));
#9620=CARTESIAN_POINT('',(11.5,-5.75,-9.));
#9621=CARTESIAN_POINT('',(-1.625,-5.75,-9.));
#9622=CARTESIAN_POINT('',(12.5,-6.75,-9.));
#9623=CARTESIAN_POINT('Origin',(11.5,-6.75,-9.));
#9624=CARTESIAN_POINT('',(12.5,-8.75,-9.));
#9625=CARTESIAN_POINT('',(12.5,2.8,-9.));
#9626=CARTESIAN_POINT('',(11.5,-9.75,-9.));
#9627=CARTESIAN_POINT('Origin',(11.5,-8.75,-9.));
#9628=CARTESIAN_POINT('',(-11.5,-9.75,-9.));
#9629=CARTESIAN_POINT('',(9.875,-9.75,-9.));
#9630=CARTESIAN_POINT('',(-12.5,-8.75,-9.));
#9631=CARTESIAN_POINT('Origin',(-11.5,-8.75,-9.));
#9632=CARTESIAN_POINT('',(-12.5,-6.75,-9.));
#9633=CARTESIAN_POINT('',(-12.5,1.79999999999999,-9.));
#9634=CARTESIAN_POINT('',(-11.5,-5.75,-9.));
#9635=CARTESIAN_POINT('Origin',(-11.5,-6.75,-9.));
#9636=CARTESIAN_POINT('',(-8.25000000000001,-5.75,-9.));
#9637=CARTESIAN_POINT('',(-1.625,-5.75,-9.));
#9638=CARTESIAN_POINT('',(-8.25000000000001,5.75,-9.));
#9639=CARTESIAN_POINT('',(-8.25000000000001,3.175,-9.));
#9640=CARTESIAN_POINT('',(-11.5,5.75,-9.));
#9641=CARTESIAN_POINT('',(9.875,5.75,-9.));
#9642=CARTESIAN_POINT('',(-12.5,6.75,-9.));
#9643=CARTESIAN_POINT('Origin',(-11.5,6.75,-9.));
#9644=CARTESIAN_POINT('',(-12.5,8.75,-9.));
#9645=CARTESIAN_POINT('',(-12.5,9.54999999999999,-9.));
#9646=CARTESIAN_POINT('',(-11.5,9.75,-9.));
#9647=CARTESIAN_POINT('Origin',(-11.5,8.75,-9.));
#9648=CARTESIAN_POINT('',(11.5,9.75,-9.));
#9649=CARTESIAN_POINT('',(-1.625,9.75,-9.));
#9650=CARTESIAN_POINT('',(12.5,8.75,-9.));
#9651=CARTESIAN_POINT('Origin',(11.5,8.75,-9.));
#9652=CARTESIAN_POINT('',(12.5,6.75,-9.));
#9653=CARTESIAN_POINT('',(12.5,10.55,-9.));
#9654=CARTESIAN_POINT('',(11.5,5.75,-9.));
#9655=CARTESIAN_POINT('Origin',(11.5,6.75,-9.));
#9656=CARTESIAN_POINT('',(9.875,5.75,-9.));
#9657=CARTESIAN_POINT('Origin',(-2.55111884448223E-15,26.2,0.));
#9658=CARTESIAN_POINT('',(-7.74807621135333,26.2,-6.));
#9659=CARTESIAN_POINT('',(-2.55111884448223E-15,26.2,-6.));
#9660=CARTESIAN_POINT('',(-6.74881613006359,26.2,-5.03846153846154));
#9661=CARTESIAN_POINT('Origin',(-7.74807621135333,26.2,-5.));
#9662=CARTESIAN_POINT('',(-5.15000000000001,26.2,-3.5));
#9663=CARTESIAN_POINT('Origin',(-5.15000000000001,26.2,-5.1));
#9664=CARTESIAN_POINT('',(5.14999999999999,26.2,-3.5));
#9665=CARTESIAN_POINT('',(-3.65000000000001,26.2,-3.5));
#9666=CARTESIAN_POINT('',(6.74881613006357,26.2,-5.03846153846154));
#9667=CARTESIAN_POINT('Origin',(5.14999999999999,26.2,-5.1));
#9668=CARTESIAN_POINT('',(7.74807621135331,26.2,-6.));
#9669=CARTESIAN_POINT('Origin',(7.74807621135331,26.2,-5.));
#9670=CARTESIAN_POINT('',(-2.55111884448223E-15,26.2,-6.));
#9671=CARTESIAN_POINT('',(2.55111884448223E-15,26.2,-10.5));
#9672=CARTESIAN_POINT('',(-3.65000000000001,26.2,-5.5));
#9673=CARTESIAN_POINT('',(-4.75,26.2,-6.6));
#9674=CARTESIAN_POINT('Origin',(-3.65,26.2,-6.6));
#9675=CARTESIAN_POINT('',(-4.75,26.2,-7.9));
#9676=CARTESIAN_POINT('',(-4.75,26.2,-3.95));
#9677=CARTESIAN_POINT('Origin',(-3.65,26.2,-7.9));
#9678=CARTESIAN_POINT('',(4.75,26.2,-7.9));
#9679=CARTESIAN_POINT('Origin',(3.65,26.2,-7.9));
#9680=CARTESIAN_POINT('',(4.75,26.2,-6.6));
#9681=CARTESIAN_POINT('',(4.75,26.2,-3.3));
#9682=CARTESIAN_POINT('',(3.64999999999999,26.2,-5.5));
#9683=CARTESIAN_POINT('Origin',(3.65,26.2,-6.6));
#9684=CARTESIAN_POINT('',(-1.82500000000001,26.2,-5.5));
#9685=CARTESIAN_POINT('Origin',(9.,13.1,-10.5));
#9686=CARTESIAN_POINT('',(18.,26.2,-10.5));
#9687=CARTESIAN_POINT('',(-11.5,-17.5,-10.5));
#9688=CARTESIAN_POINT('',(11.5,-17.5,-10.5));
#9689=CARTESIAN_POINT('',(10.25,-17.5,-10.5));
#9690=CARTESIAN_POINT('',(12.5,-16.5,-10.5));
#9691=CARTESIAN_POINT('Origin',(11.5,-16.5,-10.5));
#9692=CARTESIAN_POINT('',(12.5,-14.5,-10.5));
#9693=CARTESIAN_POINT('',(12.5,-0.699999999999998,-10.5));
#9694=CARTESIAN_POINT('',(11.5,-13.5,-10.5));
#9695=CARTESIAN_POINT('Origin',(11.5,-14.5,-10.5));
#9696=CARTESIAN_POINT('',(-11.5,-13.5,-10.5));
#9697=CARTESIAN_POINT('',(-1.25,-13.5,-10.5));
#9698=CARTESIAN_POINT('',(-12.5,-14.5,-10.5));
#9699=CARTESIAN_POINT('Origin',(-11.5,-14.5,-10.5));
#9700=CARTESIAN_POINT('',(-12.5,-16.5,-10.5));
#9701=CARTESIAN_POINT('',(-12.5,-1.70000000000001,-10.5));
#9702=CARTESIAN_POINT('Origin',(-11.5,-16.5,-10.5));
#9703=CARTESIAN_POINT('',(-11.5,13.5,-10.5));
#9704=CARTESIAN_POINT('',(11.5,13.5,-10.5));
#9705=CARTESIAN_POINT('',(10.25,13.5,-10.5));
#9706=CARTESIAN_POINT('',(12.5,14.5,-10.5));
#9707=CARTESIAN_POINT('Origin',(11.5,14.5,-10.5));
#9708=CARTESIAN_POINT('',(12.5,16.5,-10.5));
#9709=CARTESIAN_POINT('',(12.5,14.8,-10.5));
#9710=CARTESIAN_POINT('',(11.5,17.5,-10.5));
#9711=CARTESIAN_POINT('Origin',(11.5,16.5,-10.5));
#9712=CARTESIAN_POINT('',(-11.5,17.5,-10.5));
#9713=CARTESIAN_POINT('',(-1.25,17.5,-10.5));
#9714=CARTESIAN_POINT('',(-12.5,16.5,-10.5));
#9715=CARTESIAN_POINT('Origin',(-11.5,16.5,-10.5));
#9716=CARTESIAN_POINT('',(-12.5,14.5,-10.5));
#9717=CARTESIAN_POINT('',(-12.5,13.8,-10.5));
#9718=CARTESIAN_POINT('Origin',(-11.5,14.5,-10.5));
#9719=CARTESIAN_POINT('',(-8.75,-19.7,-10.5));
#9720=CARTESIAN_POINT('Origin',(-10.25,-19.7,-10.5));
#9721=CARTESIAN_POINT('',(11.75,-19.7,-10.5));
#9722=CARTESIAN_POINT('Origin',(10.25,-19.7,-10.5));
#9723=CARTESIAN_POINT('',(-8.25000000000001,5.75,-10.5));
#9724=CARTESIAN_POINT('',(-8.25000000000001,-5.75,-10.5));
#9725=CARTESIAN_POINT('',(-8.25000000000001,3.55,-10.5));
#9726=CARTESIAN_POINT('',(-11.5,-5.75,-10.5));
#9727=CARTESIAN_POINT('',(-1.25,-5.75,-10.5));
#9728=CARTESIAN_POINT('',(-12.5,-6.75,-10.5));
#9729=CARTESIAN_POINT('Origin',(-11.5,-6.75,-10.5));
#9730=CARTESIAN_POINT('',(-12.5,-8.75,-10.5));
#9731=CARTESIAN_POINT('',(-12.5,2.17499999999999,-10.5));
#9732=CARTESIAN_POINT('',(-11.5,-9.75,-10.5));
#9733=CARTESIAN_POINT('Origin',(-11.5,-8.75,-10.5));
#9734=CARTESIAN_POINT('',(11.5,-9.75,-10.5));
#9735=CARTESIAN_POINT('',(10.25,-9.75,-10.5));
#9736=CARTESIAN_POINT('',(12.5,-8.75,-10.5));
#9737=CARTESIAN_POINT('Origin',(11.5,-8.75,-10.5));
#9738=CARTESIAN_POINT('',(12.5,-6.75,-10.5));
#9739=CARTESIAN_POINT('',(12.5,3.175,-10.5));
#9740=CARTESIAN_POINT('',(11.5,-5.75,-10.5));
#9741=CARTESIAN_POINT('Origin',(11.5,-6.75,-10.5));
#9742=CARTESIAN_POINT('',(-4.25000000000001,-5.75,-10.5));
#9743=CARTESIAN_POINT('',(-1.25,-5.75,-10.5));
#9744=CARTESIAN_POINT('',(-4.25000000000001,5.75,-10.5));
#9745=CARTESIAN_POINT('',(-4.25000000000001,9.425,-10.5));
#9746=CARTESIAN_POINT('',(11.5,5.75,-10.5));
#9747=CARTESIAN_POINT('',(10.25,5.75,-10.5));
#9748=CARTESIAN_POINT('',(12.5,6.75,-10.5));
#9749=CARTESIAN_POINT('Origin',(11.5,6.75,-10.5));
#9750=CARTESIAN_POINT('',(12.5,8.75,-10.5));
#9751=CARTESIAN_POINT('',(12.5,10.925,-10.5));
#9752=CARTESIAN_POINT('',(11.5,9.75,-10.5));
#9753=CARTESIAN_POINT('Origin',(11.5,8.75,-10.5));
#9754=CARTESIAN_POINT('',(-11.5,9.75,-10.5));
#9755=CARTESIAN_POINT('',(-1.25,9.75,-10.5));
#9756=CARTESIAN_POINT('',(-12.5,8.75,-10.5));
#9757=CARTESIAN_POINT('Origin',(-11.5,8.75,-10.5));
#9758=CARTESIAN_POINT('',(-12.5,6.75,-10.5));
#9759=CARTESIAN_POINT('',(-12.5,9.92499999999999,-10.5));
#9760=CARTESIAN_POINT('',(-11.5,5.75,-10.5));
#9761=CARTESIAN_POINT('Origin',(-11.5,6.75,-10.5));
#9762=CARTESIAN_POINT('',(10.25,5.75,-10.5));
#9763=CARTESIAN_POINT('Origin',(18.,24.95,0.));
#9764=CARTESIAN_POINT('',(18.,-24.15,-6.));
#9765=CARTESIAN_POINT('',(18.,0.500000000000001,-6.));
#9766=CARTESIAN_POINT('',(18.,24.15,-6.));
#9767=CARTESIAN_POINT('',(18.,24.45,-6.));
#9768=CARTESIAN_POINT('',(18.,24.15,0.));
#9769=CARTESIAN_POINT('',(18.,24.15,0.));
#9770=CARTESIAN_POINT('',(18.,12.400000000002,0.));
#9771=CARTESIAN_POINT('',(18.,26.2,0.));
#9772=CARTESIAN_POINT('',(18.,12.400000000002,-2.));
#9773=CARTESIAN_POINT('',(18.,12.400000000002,0.));
#9774=CARTESIAN_POINT('',(18.,-12.400000000002,-2.));
#9775=CARTESIAN_POINT('',(18.,12.475,-2.));
#9776=CARTESIAN_POINT('',(18.,-12.400000000002,0.));
#9777=CARTESIAN_POINT('',(18.,-12.400000000002,0.));
#9778=CARTESIAN_POINT('',(18.,-24.15,0.));
#9779=CARTESIAN_POINT('',(18.,26.2,0.));
#9780=CARTESIAN_POINT('',(18.,-24.15,0.));
#9781=CARTESIAN_POINT('',(18.,12.400000000002,-9.));
#9782=CARTESIAN_POINT('',(18.,12.400000000002,-7.));
#9783=CARTESIAN_POINT('',(18.,12.400000000002,0.));
#9784=CARTESIAN_POINT('',(18.,-12.400000000002,-9.));
#9785=CARTESIAN_POINT('',(18.,12.475,-9.));
#9786=CARTESIAN_POINT('',(18.,-12.400000000002,-7.));
#9787=CARTESIAN_POINT('',(18.,-12.400000000002,0.));
#9788=CARTESIAN_POINT('',(18.,-23.45,-7.));
#9789=CARTESIAN_POINT('Origin',(-4.25000000000001,5.75,-9.));
#9790=CARTESIAN_POINT('',(-4.25000000000001,-5.75,-9.));
#9791=CARTESIAN_POINT('',(-4.25000000000001,5.75,-9.));
#9792=CARTESIAN_POINT('Origin',(-8.25000000000001,-6.,-9.));
#9793=CARTESIAN_POINT('',(-8.25000000000001,-5.75,-9.));
#9794=CARTESIAN_POINT('',(-8.25000000000001,5.75,-9.));
#9795=CARTESIAN_POINT('Origin',(-11.5,-5.75,-9.));
#9796=CARTESIAN_POINT('',(-11.5,-5.75,-9.));
#9797=CARTESIAN_POINT('Origin',(-11.5,-5.75,-9.));
#9798=CARTESIAN_POINT('',(11.5,-5.75,-9.));
#9799=CARTESIAN_POINT('Origin',(11.5,5.75,-9.));
#9800=CARTESIAN_POINT('',(-11.5,5.75,-9.));
#9801=CARTESIAN_POINT('Origin',(8.5,-24.7,-9.));
#9802=CARTESIAN_POINT('',(8.5,-24.7,-7.5));
#9803=CARTESIAN_POINT('',(8.5,-24.7,-7.5));
#9804=CARTESIAN_POINT('',(8.5,-24.7,-4.5));
#9805=CARTESIAN_POINT('Origin',(-8.5,-24.7,-7.5));
#9806=CARTESIAN_POINT('',(-8.5,-24.7,-7.5));
#9807=CARTESIAN_POINT('',(-8.5,-24.7,-3.75));
#9808=CARTESIAN_POINT('',(-8.5,-24.7,-7.5));
#9809=CARTESIAN_POINT('Origin',(8.5,-24.7,-7.5));
#9810=CARTESIAN_POINT('',(4.25,-24.7,-7.5));
#9811=CARTESIAN_POINT('Origin',(2.25838945643584E-24,-24.7,0.));
#9812=CARTESIAN_POINT('',(-16.5,-24.7,-6.));
#9813=CARTESIAN_POINT('',(-8.375,-24.7,-6.));
#9814=CARTESIAN_POINT('',(-16.5,-24.7,0.));
#9815=CARTESIAN_POINT('',(-16.5,-24.7,0.));
#9816=CARTESIAN_POINT('',(12.325,-24.7,0.));
#9817=CARTESIAN_POINT('',(8.375,-24.7,-6.));
#9818=CARTESIAN_POINT('Origin',(10.25,-19.7,-9.));
#9819=CARTESIAN_POINT('',(9.875,-17.5,-9.));
#9820=CARTESIAN_POINT('Origin',(10.25,-19.7,-9.));
#9821=CARTESIAN_POINT('Origin',(10.25,-19.7,-9.));
#9822=CARTESIAN_POINT('',(11.75,-19.7,-7.));
#9823=CARTESIAN_POINT('Origin',(10.25,-19.7,-7.));
#9824=CARTESIAN_POINT('',(11.75,-19.7,-9.));
#9825=CARTESIAN_POINT('Origin',(10.25,-19.7,-9.));
#9826=CARTESIAN_POINT('',(12.75,-19.7,-7.));
#9827=CARTESIAN_POINT('Origin',(10.25,-19.7,-7.));
#9828=CARTESIAN_POINT('',(12.75,-19.7,-9.));
#9829=CARTESIAN_POINT('Origin',(10.25,-19.7,-7.));
#9830=CARTESIAN_POINT('Origin',(-10.25,-19.7,-9.));
#9831=CARTESIAN_POINT('',(9.875,-17.5,-9.));
#9832=CARTESIAN_POINT('Origin',(-10.25,-19.7,-9.));
#9833=CARTESIAN_POINT('Origin',(-10.25,-19.7,-9.));
#9834=CARTESIAN_POINT('',(-8.75,-19.7,-7.));
#9835=CARTESIAN_POINT('Origin',(-10.25,-19.7,-7.));
#9836=CARTESIAN_POINT('',(-8.75,-19.7,-9.));
#9837=CARTESIAN_POINT('Origin',(-10.25,-19.7,-9.));
#9838=CARTESIAN_POINT('',(-7.75,-19.7,-7.));
#9839=CARTESIAN_POINT('Origin',(-10.25,-19.7,-7.));
#9840=CARTESIAN_POINT('',(-7.75,-19.7,-9.));
#9841=CARTESIAN_POINT('Origin',(-10.25,-19.7,-7.));
#9842=CARTESIAN_POINT('Origin',(-7.74807621135333,26.2,-5.));
#9843=CARTESIAN_POINT('',(-7.74807621135333,28.6589284919086,-6.));
#9844=CARTESIAN_POINT('',(-6.748816130053,28.4983622122354,-5.03846153818629));
#9845=CARTESIAN_POINT('Ctrl Pts',(-7.74807621135333,28.6589284919086,-6.));
#9846=CARTESIAN_POINT('Ctrl Pts',(-7.73454150396631,28.6565965970876,-6.));
#9847=CARTESIAN_POINT('Ctrl Pts',(-7.72100696360436,28.6542711538656,-5.99972521760385));
#9848=CARTESIAN_POINT('Ctrl Pts',(-7.70748095579244,28.6519535824774,-5.99917567285535));
#9849=CARTESIAN_POINT('Ctrl Pts',(-7.6921496333581,28.6493266851172,-5.99855278043592));
#9850=CARTESIAN_POINT('Ctrl Pts',(-7.67683268953285,28.6467104874347,-5.99757702480851));
#9851=CARTESIAN_POINT('Ctrl Pts',(-7.66154230276342,28.6441069969341,-5.9962489059789));
#9852=CARTESIAN_POINT('Ctrl Pts',(-7.62851143675593,28.638482839274,-5.99337985395527));
#9853=CARTESIAN_POINT('Ctrl Pts',(-7.5956314907195,28.6329226482312,-5.98886880135617));
#9854=CARTESIAN_POINT('Ctrl Pts',(-7.56302474442126,28.6274455764599,-5.98272883064788));
#9855=CARTESIAN_POINT('Ctrl Pts',(-7.46923542892674,28.6116914497635,-5.96506795628097));
#9856=CARTESIAN_POINT('Ctrl Pts',(-7.37830987325921,28.5967309312067,-5.93404399194256));
#9857=CARTESIAN_POINT('Ctrl Pts',(-7.29305890162125,28.5829456808166,-5.89048259266742));
#9858=CARTESIAN_POINT('Ctrl Pts',(-7.19178636726481,28.5665697121101,-5.83873452200095));
#9859=CARTESIAN_POINT('Ctrl Pts',(-7.09985426290602,28.5520651221578,-5.76997261373576));
#9860=CARTESIAN_POINT('Ctrl Pts',(-7.02137986718119,28.5398686057897,-5.68695882215928));
#9861=CARTESIAN_POINT('Ctrl Pts',(-6.94645020169788,28.5282230125604,-5.60769480775212));
#9862=CARTESIAN_POINT('Ctrl Pts',(-6.88485589257089,28.5188408443304,-5.51655887708583));
#9863=CARTESIAN_POINT('Ctrl Pts',(-6.83920172287075,28.5119368226116,-5.41706973497419));
#9864=CARTESIAN_POINT('Ctrl Pts',(-6.80192737781538,28.506300034351,-5.33584182881165));
#9865=CARTESIAN_POINT('Ctrl Pts',(-6.77576166086752,28.5023870041232,-5.25009556216976));
#9866=CARTESIAN_POINT('Ctrl Pts',(-6.76131069654689,28.500227535457,-5.16215673946513));
#9867=CARTESIAN_POINT('Ctrl Pts',(-6.75460003545564,28.4992247330118,-5.12132018192885));
#9868=CARTESIAN_POINT('Ctrl Pts',(-6.75041536239756,28.498600733402,-5.08001081329475));
#9869=CARTESIAN_POINT('Ctrl Pts',(-6.74881613006359,28.4983622122385,-5.03846153846154));
#9870=CARTESIAN_POINT('',(-6.74881613006359,26.2,-5.03846153846154));
#9871=CARTESIAN_POINT('',(-7.74807621135333,26.2,-6.));
#9872=CARTESIAN_POINT('Origin',(7.74807621135331,26.2,-5.));
#9873=CARTESIAN_POINT('',(6.74881613001945,28.4983622122254,-5.03846153731524));
#9874=CARTESIAN_POINT('',(6.74881613006357,26.2,-5.03846153846154));
#9875=CARTESIAN_POINT('',(7.74807621135331,28.6589284919086,-6.));
#9876=CARTESIAN_POINT('Ctrl Pts',(6.74881613006357,28.4983622122385,-5.03846153846154));
#9877=CARTESIAN_POINT('Ctrl Pts',(6.75152645605931,28.498766450007,-5.10887787340725));
#9878=CARTESIAN_POINT('Ctrl Pts',(6.76167173440065,28.5002780123596,-5.17878890889844));
#9879=CARTESIAN_POINT('Ctrl Pts',(6.77906798675159,28.5028847037947,-5.24702846122306));
#9880=CARTESIAN_POINT('Ctrl Pts',(6.79747107441069,28.5056422615727,-5.31921748434794));
#9881=CARTESIAN_POINT('Ctrl Pts',(6.82386814471184,28.5096075301256,-5.38906413300916));
#9882=CARTESIAN_POINT('Ctrl Pts',(6.85772920111712,28.5147425757929,-5.45528255113006));
#9883=CARTESIAN_POINT('Ctrl Pts',(6.90929197977124,28.5225620962459,-5.55611831938037));
#9884=CARTESIAN_POINT('Ctrl Pts',(6.97750435483387,28.5329944880153,-5.64726098175584));
#9885=CARTESIAN_POINT('Ctrl Pts',(7.05929331902257,28.5457777096399,-5.72496767323275));
#9886=CARTESIAN_POINT('Ctrl Pts',(7.13624526790861,28.5578049290431,-5.79807877581179));
#9887=CARTESIAN_POINT('Ctrl Pts',(7.22404689973956,28.5717364832411,-5.85819338422636));
#9888=CARTESIAN_POINT('Ctrl Pts',(7.31923598636929,28.5871865088415,-5.90338030191406));
#9889=CARTESIAN_POINT('Ctrl Pts',(7.34454072613279,28.5912936905679,-5.91539263687058));
#9890=CARTESIAN_POINT('Ctrl Pts',(7.37036760367757,28.595507919889,-5.9263500456718));
#9891=CARTESIAN_POINT('Ctrl Pts',(7.39665177152355,28.5998212836628,-5.936216248038));
#9892=CARTESIAN_POINT('Ctrl Pts',(7.46222412977981,28.610582036536,-5.96082993031153));
#9893=CARTESIAN_POINT('Ctrl Pts',(7.53013162155469,28.6218773600639,-5.97846082183334));
#9894=CARTESIAN_POINT('Ctrl Pts',(7.59924901601421,28.6335455786264,-5.98886321901903));
#9895=CARTESIAN_POINT('Ctrl Pts',(7.62814254524089,28.6384233089966,-5.99321179103137));
#9896=CARTESIAN_POINT('Ctrl Pts',(7.65720423600953,28.6433586636249,-5.99629063420087));
#9897=CARTESIAN_POINT('Ctrl Pts',(7.68635032791768,28.6483382329974,-5.99809313959876));
#9898=CARTESIAN_POINT('Ctrl Pts',(7.70690411002011,28.6518498181584,-5.99936426381341));
#9899=CARTESIAN_POINT('Ctrl Pts',(7.72748921696345,28.6553815585155,-6.));
#9900=CARTESIAN_POINT('Ctrl Pts',(7.7480762113533,28.6589284919086,-6.));
#9901=CARTESIAN_POINT('',(7.74807621135331,26.2,-6.));
#9902=CARTESIAN_POINT('Origin',(5.14999999999999,26.2,-5.1));
#9903=CARTESIAN_POINT('',(5.14999999999999,28.289007859511,-3.5));
#9904=CARTESIAN_POINT('',(5.14999999999999,26.2,-3.5));
#9905=CARTESIAN_POINT('Ctrl Pts',(6.74881613001945,28.498362212232,-5.0384615373152));
#9906=CARTESIAN_POINT('Ctrl Pts',(6.74483300985029,28.4977681406659,-4.93497704166132));
#9907=CARTESIAN_POINT('Ctrl Pts',(6.73080402042939,28.4956728662062,-4.83190155749423));
#9908=CARTESIAN_POINT('Ctrl Pts',(6.6628907371697,28.4856092891783,-4.54561087756452));
#9909=CARTESIAN_POINT('Ctrl Pts',(6.58639339725337,28.4743131322616,-4.37008229467494));
#9910=CARTESIAN_POINT('Ctrl Pts',(6.38313581561734,28.4452445820942,-4.06532495034586));
#9911=CARTESIAN_POINT('Ctrl Pts',(6.26165294424272,28.4281980889137,-3.93584835962752));
#9912=CARTESIAN_POINT('Ctrl Pts',(5.96936224958379,28.3887914544754,-3.71240214063554));
#9913=CARTESIAN_POINT('Ctrl Pts',(5.79738242116804,28.3664194847272,-3.62433258069225));
#9914=CARTESIAN_POINT('Ctrl Pts',(5.55241355283536,28.33620958663,-3.55009320030776));
#9915=CARTESIAN_POINT('Ctrl Pts',(5.48970446058604,28.3286052580901,-3.53515197624209));
#9916=CARTESIAN_POINT('Ctrl Pts',(5.37466996881109,28.3149058688188,-3.51498672719143));
#9917=CARTESIAN_POINT('Ctrl Pts',(5.32265760380143,28.3088018285305,-3.50848050306534));
#9918=CARTESIAN_POINT('Ctrl Pts',(5.23673094346003,28.2988699571278,-3.50199538678444));
#9919=CARTESIAN_POINT('Ctrl Pts',(5.20297229733933,28.2950062086166,-3.50052025999274));
#9920=CARTESIAN_POINT('Ctrl Pts',(5.16279261568286,28.2904533070686,-3.50003835565592));
#9921=CARTESIAN_POINT('Ctrl Pts',(5.1563963037575,28.2897298947504,-3.5));
#9922=CARTESIAN_POINT('Ctrl Pts',(5.14999999999999,28.289007859511,-3.5));
#9923=CARTESIAN_POINT('Origin',(3.65,24.7,-7.9));
#9924=CARTESIAN_POINT('',(4.75,24.7,-7.9));
#9925=CARTESIAN_POINT('Origin',(4.75,24.7,-6.6));
#9926=CARTESIAN_POINT('',(4.75,24.7,-6.6));
#9927=CARTESIAN_POINT('Origin',(3.65,24.7,-6.6));
#9928=CARTESIAN_POINT('',(3.65,24.7,-5.5));
#9929=CARTESIAN_POINT('Origin',(-3.65,24.7,-5.5));
#9930=CARTESIAN_POINT('',(-3.65,24.7,-5.5));
#9931=CARTESIAN_POINT('Origin',(-3.65,24.7,-6.6));
#9932=CARTESIAN_POINT('',(-4.75,24.7,-6.6));
#9933=CARTESIAN_POINT('Origin',(-4.75,24.7,-7.9));
#9934=CARTESIAN_POINT('',(-4.75,24.7,-7.9));
#9935=CARTESIAN_POINT('Origin',(-3.65,24.7,-7.9));
#9936=CARTESIAN_POINT('Origin',(-5.15000000000001,26.2,-5.1));
#9937=CARTESIAN_POINT('',(-5.15000000000001,28.289007859511,-3.5));
#9938=CARTESIAN_POINT('Ctrl Pts',(-5.15000000000002,28.289007859511,-3.5));
#9939=CARTESIAN_POINT('Ctrl Pts',(-5.17508571535062,28.2918396153462,-3.5));
#9940=CARTESIAN_POINT('Ctrl Pts',(-5.20016660369325,28.2946920043676,-3.50058996189626));
#9941=CARTESIAN_POINT('Ctrl Pts',(-5.26587662111405,28.3022204518621,-3.50368265156571));
#9942=CARTESIAN_POINT('Ctrl Pts',(-5.30643893941059,28.3069234358344,-3.50714640214212));
#9943=CARTESIAN_POINT('Ctrl Pts',(-5.4315221467934,28.3215959924287,-3.52265099621135));
#9944=CARTESIAN_POINT('Ctrl Pts',(-5.51523988259412,28.3316596885676,-3.53990973009156));
#9945=CARTESIAN_POINT('Ctrl Pts',(-5.79182009682984,28.3656626294258,-3.62041741211653));
#9946=CARTESIAN_POINT('Ctrl Pts',(-5.97405430299086,28.3893807866878,-3.71359079940874));
#9947=CARTESIAN_POINT('Ctrl Pts',(-6.29486288229878,28.4327223856542,-3.96383789596669));
#9948=CARTESIAN_POINT('Ctrl Pts',(-6.43042528342728,28.4519161595061,-4.11901608256292));
#9949=CARTESIAN_POINT('Ctrl Pts',(-6.63846039650854,28.4819158799387,-4.47683424132867));
#9950=CARTESIAN_POINT('Ctrl Pts',(-6.70727539438898,28.4921771994197,-4.67697530803855));
#9951=CARTESIAN_POINT('Ctrl Pts',(-6.74240294398128,28.4974056256788,-4.93597899038538));
#9952=CARTESIAN_POINT('Ctrl Pts',(-6.74684317768994,28.4980679517451,-4.98720273241));
#9953=CARTESIAN_POINT('Ctrl Pts',(-6.748816130053,28.498362212237,-5.03846153818628));
#9954=CARTESIAN_POINT('',(-5.15000000000001,26.2,-3.5));
#9955=CARTESIAN_POINT('Origin',(-5.15000000000001,26.2,-3.5));
#9956=CARTESIAN_POINT('',(-3.51046319893542E-16,28.,-3.5));
#9957=CARTESIAN_POINT('Ctrl Pts',(-8.48161350874843E-7,28.,-3.5));
#9958=CARTESIAN_POINT('Ctrl Pts',(-0.548673620377125,28.0000000100839,-3.5));
#9959=CARTESIAN_POINT('Ctrl Pts',(-1.09734551526296,28.0097890083582,-3.5));
#9960=CARTESIAN_POINT('Ctrl Pts',(-1.64519132013844,28.0293419704799,-3.5));
#9961=CARTESIAN_POINT('Ctrl Pts',(-2.17392208905892,28.0482127049189,-3.5));
#9962=CARTESIAN_POINT('Ctrl Pts',(-2.70188199723742,28.0761774190917,-3.5));
#9963=CARTESIAN_POINT('Ctrl Pts',(-3.22835223549069,28.1131721708615,-3.5));
#9964=CARTESIAN_POINT('Ctrl Pts',(-3.72133277773021,28.1478136215311,-3.5));
#9965=CARTESIAN_POINT('Ctrl Pts',(-4.21300637411071,28.1903722825675,-3.5));
#9966=CARTESIAN_POINT('Ctrl Pts',(-4.70281818514261,28.2407662824368,-3.5));
#9967=CARTESIAN_POINT('Ctrl Pts',(-4.85205626335403,28.2561205542704,-3.5));
#9968=CARTESIAN_POINT('Ctrl Pts',(-5.00112181005015,28.2722020129474,-3.5));
#9969=CARTESIAN_POINT('Ctrl Pts',(-5.14999999999993,28.289007859511,-3.5));
#9970=CARTESIAN_POINT('Ctrl Pts',(5.14999999999991,28.289007859511,-3.5));
#9971=CARTESIAN_POINT('Ctrl Pts',(4.65504564764573,28.2331358281244,-3.5));
#9972=CARTESIAN_POINT('Ctrl Pts',(4.15801664267982,28.1852723066024,-3.5));
#9973=CARTESIAN_POINT('Ctrl Pts',(3.65947575101879,28.1455106225803,-3.5));
#9974=CARTESIAN_POINT('Ctrl Pts',(3.13819883188686,28.1039356013669,-3.5));
#9975=CARTESIAN_POINT('Ctrl Pts',(2.61526995328615,28.0712187129647,-3.5));
#9976=CARTESIAN_POINT('Ctrl Pts',(2.09138033349267,28.0474326802076,-3.5));
#9977=CARTESIAN_POINT('Ctrl Pts',(1.54193192356455,28.0224862079297,-3.5));
#9978=CARTESIAN_POINT('Ctrl Pts',(0.991428155475103,28.0073638983736,-3.5));
#9979=CARTESIAN_POINT('Ctrl Pts',(0.440699261789817,28.002104305419,-3.5));
#9980=CARTESIAN_POINT('Ctrl Pts',(0.293810398155072,28.0007014815593,-3.5));
#9981=CARTESIAN_POINT('Ctrl Pts',(0.146905623761319,28.0000000026999,-3.5));
#9982=CARTESIAN_POINT('Ctrl Pts',(8.48161350874843E-7,28.,-3.5));
#9983=CARTESIAN_POINT('Ctrl Pts',(-8.48161350874843E-7,28.,0.));
#9984=CARTESIAN_POINT('Ctrl Pts',(-8.48161350874843E-7,28.,-6.));
#9985=CARTESIAN_POINT('Ctrl Pts',(-1.83693762486258,28.0000000337605,0.));
#9986=CARTESIAN_POINT('Ctrl Pts',(-1.83693762486258,28.0000000337605,-6.));
#9987=CARTESIAN_POINT('Ctrl Pts',(-5.51081117852643,28.18279528684,0.));
#9988=CARTESIAN_POINT('Ctrl Pts',(-5.51081117852643,28.18279528684,-6.));
#9989=CARTESIAN_POINT('Ctrl Pts',(-10.9351887011402,29.0053737339272,0.));
#9990=CARTESIAN_POINT('Ctrl Pts',(-10.9351887011402,29.0053737339272,-6.));
#9991=CARTESIAN_POINT('Ctrl Pts',(-17.649095247118,31.1391122625437,0.));
#9992=CARTESIAN_POINT('Ctrl Pts',(-17.649095247118,31.1391122625437,-6.));
#9993=CARTESIAN_POINT('Ctrl Pts',(-24.5839482172845,34.9155191009358,0.));
#9994=CARTESIAN_POINT('Ctrl Pts',(-24.5839482172845,34.9155191009358,-6.));
#9995=CARTESIAN_POINT('Ctrl Pts',(-29.5643749629135,38.5850681833381,0.));
#9996=CARTESIAN_POINT('Ctrl Pts',(-29.5643749629135,38.5850681833381,-6.));
#9997=CARTESIAN_POINT('Ctrl Pts',(-33.0261780854437,41.5305489708693,0.));
#9998=CARTESIAN_POINT('Ctrl Pts',(-33.0261780854437,41.5305489708693,-6.));
#9999=CARTESIAN_POINT('Ctrl Pts',(-35.122968771554,43.4492425189335,0.));
#10000=CARTESIAN_POINT('Ctrl Pts',(-35.122968771554,43.4492425189335,-6.));
#10001=CARTESIAN_POINT('Ctrl Pts',(-35.913872278517,44.1920170319218,0.));
#10002=CARTESIAN_POINT('Ctrl Pts',(-35.913872278517,44.1920170319218,-6.));
#10003=CARTESIAN_POINT('',(-35.9138722785171,44.1920170319219,-6.));
#10004=CARTESIAN_POINT('Ctrl Pts',(-7.74807621135333,28.6589284919086,-6.));
#10005=CARTESIAN_POINT('Ctrl Pts',(-8.00946921644622,28.7039638944025,-6.));
#10006=CARTESIAN_POINT('Ctrl Pts',(-10.0432107296803,29.0699249482508,-6.));
#10007=CARTESIAN_POINT('Ctrl Pts',(-13.7667601900508,29.967284427715,-6.));
#10008=CARTESIAN_POINT('Ctrl Pts',(-18.9316183158438,31.8375162385137,-6.));
#10009=CARTESIAN_POINT('Ctrl Pts',(-24.5839482172845,34.9155191009358,-6.));
#10010=CARTESIAN_POINT('Ctrl Pts',(-29.5643749629136,38.5850681833381,-6.));
#10011=CARTESIAN_POINT('Ctrl Pts',(-33.0261780854437,41.5305489708694,-6.));
#10012=CARTESIAN_POINT('Ctrl Pts',(-35.122968771554,43.4492425189335,-6.));
#10013=CARTESIAN_POINT('Ctrl Pts',(-35.913872278517,44.1920170319218,-6.));
#10014=CARTESIAN_POINT('',(-35.9138722785171,44.1920170319219,0.));
#10015=CARTESIAN_POINT('',(-35.9138722785171,44.1920170319219,0.));
#10016=CARTESIAN_POINT('',(-3.51046319893542E-16,28.,0.));
#10017=CARTESIAN_POINT('Ctrl Pts',(-35.913872278517,44.1920170319218,0.));
#10018=CARTESIAN_POINT('Ctrl Pts',(-35.122968771554,43.4492425189335,0.));
#10019=CARTESIAN_POINT('Ctrl Pts',(-33.0261780854437,41.5305489708694,0.));
#10020=CARTESIAN_POINT('Ctrl Pts',(-29.5643749629136,38.5850681833381,0.));
#10021=CARTESIAN_POINT('Ctrl Pts',(-24.5839482172845,34.9155191009358,0.));
#10022=CARTESIAN_POINT('Ctrl Pts',(-17.649095247118,31.1391122625437,0.));
#10023=CARTESIAN_POINT('Ctrl Pts',(-10.9351887011402,29.0053737339272,0.));
#10024=CARTESIAN_POINT('Ctrl Pts',(-5.51081117852643,28.18279528684,0.));
#10025=CARTESIAN_POINT('Ctrl Pts',(-1.83693762486258,28.0000000337605,0.));
#10026=CARTESIAN_POINT('Ctrl Pts',(-8.48161350874843E-7,28.,0.));
#10027=CARTESIAN_POINT('',(-3.51046319893542E-16,28.,0.));
#10028=CARTESIAN_POINT('Origin',(24.65,24.65,-6.));
#10029=CARTESIAN_POINT('',(19.3177145998574,-27.7703911083939,-6.));
#10030=CARTESIAN_POINT('Origin',(18.,-26.2,-6.));
#10031=CARTESIAN_POINT('',(23.0907316074999,-32.2668976821709,-6.));
#10032=CARTESIAN_POINT('',(18.,-26.2,-6.));
#10033=CARTESIAN_POINT('',(35.7607356558701,-41.5931835356927,-6.));
#10034=CARTESIAN_POINT('Ctrl Pts',(35.7607356558692,-41.593183535692,-6.));
#10035=CARTESIAN_POINT('Ctrl Pts',(32.8216000381886,-38.9255011048108,-6.));
#10036=CARTESIAN_POINT('Ctrl Pts',(29.771269227621,-36.4861339200672,-6.));
#10037=CARTESIAN_POINT('Ctrl Pts',(26.5084694067488,-34.3426356101481,-6.));
#10038=CARTESIAN_POINT('Ctrl Pts',(25.3970197228634,-33.6124680700716,-6.));
#10039=CARTESIAN_POINT('Ctrl Pts',(24.2581564750808,-32.9186787936949,-6.));
#10040=CARTESIAN_POINT('Ctrl Pts',(23.0907316075,-32.2668976821709,-6.));
#10041=CARTESIAN_POINT('',(37.0368444296057,-38.4510580130522,-6.));
#10042=CARTESIAN_POINT('Origin',(42.5,-42.5,-6.));
#10043=CARTESIAN_POINT('',(37.7530912347762,-39.1673048182227,-6.));
#10044=CARTESIAN_POINT('',(39.0542804234715,-40.468494006918,-6.));
#10045=CARTESIAN_POINT('',(39.1673048182227,-37.7530912347762,-6.));
#10046=CARTESIAN_POINT('Origin',(42.5,-42.5,-6.));
#10047=CARTESIAN_POINT('',(38.4510580130522,-37.0368444296056,-6.));
#10048=CARTESIAN_POINT('',(40.468494006918,-39.0542804234715,-6.));
#10049=CARTESIAN_POINT('',(41.5931835356927,-35.7607356558701,-6.));
#10050=CARTESIAN_POINT('Origin',(42.5,-42.5,-6.));
#10051=CARTESIAN_POINT('',(26.2026304963712,0.,-6.));
#10052=CARTESIAN_POINT('Ctrl Pts',(26.2026304963712,1.2490009027033E-15,
-6.));
#10053=CARTESIAN_POINT('Ctrl Pts',(26.2070214544048,-4.18163824444221,-6.));
#10054=CARTESIAN_POINT('Ctrl Pts',(26.7585691162737,-8.36091257730772,-6.));
#10055=CARTESIAN_POINT('Ctrl Pts',(27.8143136429776,-12.2624337334232,-6.));
#10056=CARTESIAN_POINT('Ctrl Pts',(29.2231294310532,-17.4687355074019,-6.));
#10057=CARTESIAN_POINT('Ctrl Pts',(31.5089291508882,-22.1950454656651,-6.));
#10058=CARTESIAN_POINT('Ctrl Pts',(34.3426356101481,-26.5084694067488,-6.));
#10059=CARTESIAN_POINT('Ctrl Pts',(36.4861339200672,-29.771269227621,-6.));
#10060=CARTESIAN_POINT('Ctrl Pts',(38.9255011048108,-32.8216000381886,-6.));
#10061=CARTESIAN_POINT('Ctrl Pts',(41.593183535692,-35.7607356558692,-6.));
#10062=CARTESIAN_POINT('',(41.5931835356927,35.7607356558701,-6.));
#10063=CARTESIAN_POINT('Ctrl Pts',(26.2026304963712,-1.2490009027033E-15,
-6.));
#10064=CARTESIAN_POINT('Ctrl Pts',(26.2070214544048,4.18163824444221,-6.));
#10065=CARTESIAN_POINT('Ctrl Pts',(26.7585691162737,8.36091257730772,-6.));
#10066=CARTESIAN_POINT('Ctrl Pts',(27.8143136429776,12.2624337334232,-6.));
#10067=CARTESIAN_POINT('Ctrl Pts',(29.2231294310532,17.4687355074019,-6.));
#10068=CARTESIAN_POINT('Ctrl Pts',(31.5089291508882,22.1950454656651,-6.));
#10069=CARTESIAN_POINT('Ctrl Pts',(34.3426356101481,26.5084694067488,-6.));
#10070=CARTESIAN_POINT('Ctrl Pts',(36.4861339200672,29.771269227621,-6.));
#10071=CARTESIAN_POINT('Ctrl Pts',(38.9255011048108,32.8216000381886,-6.));
#10072=CARTESIAN_POINT('Ctrl Pts',(41.593183535692,35.7607356558692,-6.));
#10073=CARTESIAN_POINT('',(38.4510580130522,37.0368444296056,-6.));
#10074=CARTESIAN_POINT('Origin',(42.5,42.5,-6.));
#10075=CARTESIAN_POINT('',(39.1673048182227,37.7530912347762,-6.));
#10076=CARTESIAN_POINT('',(40.468494006918,39.0542804234715,-6.));
#10077=CARTESIAN_POINT('',(37.7530912347762,39.1673048182227,-6.));
#10078=CARTESIAN_POINT('Origin',(42.5,42.5,-6.));
#10079=CARTESIAN_POINT('',(37.0368444296057,38.4510580130522,-6.));
#10080=CARTESIAN_POINT('',(39.0542804234715,40.468494006918,-6.));
#10081=CARTESIAN_POINT('',(35.7607356558701,41.5931835356927,-6.));
#10082=CARTESIAN_POINT('Origin',(42.5,42.5,-6.));
#10083=CARTESIAN_POINT('',(23.0907316074999,32.2668976821709,-6.));
#10084=CARTESIAN_POINT('Ctrl Pts',(35.7607356558692,41.593183535692,-6.));
#10085=CARTESIAN_POINT('Ctrl Pts',(32.8216000381886,38.9255011048108,-6.));
#10086=CARTESIAN_POINT('Ctrl Pts',(29.771269227621,36.4861339200672,-6.));
#10087=CARTESIAN_POINT('Ctrl Pts',(26.5084694067488,34.3426356101481,-6.));
#10088=CARTESIAN_POINT('Ctrl Pts',(25.3970197228634,33.6124680700716,-6.));
#10089=CARTESIAN_POINT('Ctrl Pts',(24.2581564750808,32.9186787936949,-6.));
#10090=CARTESIAN_POINT('Ctrl Pts',(23.0907316075,32.2668976821709,-6.));
#10091=CARTESIAN_POINT('',(19.3177145998574,27.7703911083939,-6.));
#10092=CARTESIAN_POINT('',(18.,26.2,-6.));
#10093=CARTESIAN_POINT('Origin',(18.,26.2,-6.));
#10094=CARTESIAN_POINT('',(35.9138722785171,44.1920170319219,-6.));
#10095=CARTESIAN_POINT('Ctrl Pts',(7.74807621135331,28.6589284919086,-6.));
#10096=CARTESIAN_POINT('Ctrl Pts',(8.0094692164462,28.7039638944025,-6.));
#10097=CARTESIAN_POINT('Ctrl Pts',(10.0432107296803,29.0699249482508,-6.));
#10098=CARTESIAN_POINT('Ctrl Pts',(13.7667601900508,29.967284427715,-6.));
#10099=CARTESIAN_POINT('Ctrl Pts',(18.9316183158438,31.8375162385137,-6.));
#10100=CARTESIAN_POINT('Ctrl Pts',(24.5839482172845,34.9155191009358,-6.));
#10101=CARTESIAN_POINT('Ctrl Pts',(29.5643749629136,38.5850681833381,-6.));
#10102=CARTESIAN_POINT('Ctrl Pts',(33.0261780854437,41.5305489708694,-6.));
#10103=CARTESIAN_POINT('Ctrl Pts',(35.122968771554,43.4492425189335,-6.));
#10104=CARTESIAN_POINT('Ctrl Pts',(35.913872278517,44.1920170319218,-6.));
#10105=CARTESIAN_POINT('',(44.1920170319218,35.913872278517,-6.));
#10106=CARTESIAN_POINT('Origin',(42.5,42.5,-6.));
#10107=CARTESIAN_POINT('',(28.,0.,-6.));
#10108=CARTESIAN_POINT('Ctrl Pts',(44.1920170319218,35.913872278517,-6.));
#10109=CARTESIAN_POINT('Ctrl Pts',(43.4492425189335,35.122968771554,-6.));
#10110=CARTESIAN_POINT('Ctrl Pts',(41.5305489708693,33.0261780854437,-6.));
#10111=CARTESIAN_POINT('Ctrl Pts',(38.5850681833381,29.5643749629135,-6.));
#10112=CARTESIAN_POINT('Ctrl Pts',(34.9155191009357,24.5839482172845,-6.));
#10113=CARTESIAN_POINT('Ctrl Pts',(31.1391122625436,17.649095247118,-6.));
#10114=CARTESIAN_POINT('Ctrl Pts',(29.0053737339271,10.9351887011402,-6.));
#10115=CARTESIAN_POINT('Ctrl Pts',(28.18279528684,5.51081117852643,-6.));
#10116=CARTESIAN_POINT('Ctrl Pts',(28.0000000337605,1.83693762486258,-6.));
#10117=CARTESIAN_POINT('Ctrl Pts',(28.,8.48161350319732E-7,-6.));
#10118=CARTESIAN_POINT('',(44.1920170319218,-35.913872278517,-6.));
#10119=CARTESIAN_POINT('Ctrl Pts',(44.1920170319218,-35.913872278517,-6.));
#10120=CARTESIAN_POINT('Ctrl Pts',(43.4492425189335,-35.122968771554,-6.));
#10121=CARTESIAN_POINT('Ctrl Pts',(41.5305489708693,-33.0261780854437,-6.));
#10122=CARTESIAN_POINT('Ctrl Pts',(38.5850681833381,-29.5643749629135,-6.));
#10123=CARTESIAN_POINT('Ctrl Pts',(34.9155191009357,-24.5839482172845,-6.));
#10124=CARTESIAN_POINT('Ctrl Pts',(31.1391122625436,-17.649095247118,-6.));
#10125=CARTESIAN_POINT('Ctrl Pts',(29.0053737339271,-10.9351887011402,-6.));
#10126=CARTESIAN_POINT('Ctrl Pts',(28.18279528684,-5.51081117852643,-6.));
#10127=CARTESIAN_POINT('Ctrl Pts',(28.0000000337605,-1.83693762486258,-6.));
#10128=CARTESIAN_POINT('Ctrl Pts',(28.,-8.48161350319732E-7,-6.));
#10129=CARTESIAN_POINT('',(35.9138722785171,-44.1920170319219,-6.));
#10130=CARTESIAN_POINT('Origin',(42.5,-42.5,-6.));
#10131=CARTESIAN_POINT('',(0.,-28.,-6.));
#10132=CARTESIAN_POINT('Ctrl Pts',(8.48161350874843E-7,-28.,-6.));
#10133=CARTESIAN_POINT('Ctrl Pts',(1.83693762486258,-28.0000000337605,-6.));
#10134=CARTESIAN_POINT('Ctrl Pts',(5.51081117852643,-28.18279528684,-6.));
#10135=CARTESIAN_POINT('Ctrl Pts',(10.9351887011402,-29.0053737339272,-6.));
#10136=CARTESIAN_POINT('Ctrl Pts',(17.649095247118,-31.1391122625437,-6.));
#10137=CARTESIAN_POINT('Ctrl Pts',(24.5839482172845,-34.9155191009358,-6.));
#10138=CARTESIAN_POINT('Ctrl Pts',(29.5643749629136,-38.5850681833381,-6.));
#10139=CARTESIAN_POINT('Ctrl Pts',(33.0261780854437,-41.5305489708694,-6.));
#10140=CARTESIAN_POINT('Ctrl Pts',(35.122968771554,-43.4492425189335,-6.));
#10141=CARTESIAN_POINT('Ctrl Pts',(35.913872278517,-44.1920170319218,-6.));
#10142=CARTESIAN_POINT('',(-35.9138722785171,-44.1920170319219,-6.));
#10143=CARTESIAN_POINT('Ctrl Pts',(-8.48161350874843E-7,-28.,-6.));
#10144=CARTESIAN_POINT('Ctrl Pts',(-1.83693762486258,-28.0000000337605,
-6.));
#10145=CARTESIAN_POINT('Ctrl Pts',(-5.51081117852643,-28.18279528684,-6.));
#10146=CARTESIAN_POINT('Ctrl Pts',(-10.9351887011402,-29.0053737339272,
-6.));
#10147=CARTESIAN_POINT('Ctrl Pts',(-17.649095247118,-31.1391122625437,-6.));
#10148=CARTESIAN_POINT('Ctrl Pts',(-24.5839482172845,-34.9155191009358,
-6.));
#10149=CARTESIAN_POINT('Ctrl Pts',(-29.5643749629136,-38.5850681833381,
-6.));
#10150=CARTESIAN_POINT('Ctrl Pts',(-33.0261780854437,-41.5305489708694,
-6.));
#10151=CARTESIAN_POINT('Ctrl Pts',(-35.122968771554,-43.4492425189335,-6.));
#10152=CARTESIAN_POINT('Ctrl Pts',(-35.913872278517,-44.1920170319218,-6.));
#10153=CARTESIAN_POINT('',(-44.1920170319218,-35.913872278517,-6.));
#10154=CARTESIAN_POINT('Origin',(-42.5,-42.5,-6.));
#10155=CARTESIAN_POINT('',(-28.,0.,-6.));
#10156=CARTESIAN_POINT('Ctrl Pts',(-44.1920170319218,-35.913872278517,-6.));
#10157=CARTESIAN_POINT('Ctrl Pts',(-43.4492425189335,-35.122968771554,-6.));
#10158=CARTESIAN_POINT('Ctrl Pts',(-41.5305489708693,-33.0261780854437,
-6.));
#10159=CARTESIAN_POINT('Ctrl Pts',(-38.5850681833381,-29.5643749629135,
-6.));
#10160=CARTESIAN_POINT('Ctrl Pts',(-34.9155191009357,-24.5839482172845,
-6.));
#10161=CARTESIAN_POINT('Ctrl Pts',(-31.1391122625436,-17.649095247118,-6.));
#10162=CARTESIAN_POINT('Ctrl Pts',(-29.0053737339271,-10.9351887011402,
-6.));
#10163=CARTESIAN_POINT('Ctrl Pts',(-28.18279528684,-5.51081117852643,-6.));
#10164=CARTESIAN_POINT('Ctrl Pts',(-28.0000000337605,-1.83693762486258,
-6.));
#10165=CARTESIAN_POINT('Ctrl Pts',(-28.,-8.48161350319732E-7,-6.));
#10166=CARTESIAN_POINT('',(-44.1920170319218,35.913872278517,-6.));
#10167=CARTESIAN_POINT('Ctrl Pts',(-44.1920170319218,35.913872278517,-6.));
#10168=CARTESIAN_POINT('Ctrl Pts',(-43.4492425189335,35.122968771554,-6.));
#10169=CARTESIAN_POINT('Ctrl Pts',(-41.5305489708693,33.0261780854437,-6.));
#10170=CARTESIAN_POINT('Ctrl Pts',(-38.5850681833381,29.5643749629135,-6.));
#10171=CARTESIAN_POINT('Ctrl Pts',(-34.9155191009357,24.5839482172845,-6.));
#10172=CARTESIAN_POINT('Ctrl Pts',(-31.1391122625436,17.649095247118,-6.));
#10173=CARTESIAN_POINT('Ctrl Pts',(-29.0053737339271,10.9351887011402,-6.));
#10174=CARTESIAN_POINT('Ctrl Pts',(-28.18279528684,5.51081117852643,-6.));
#10175=CARTESIAN_POINT('Ctrl Pts',(-28.0000000337605,1.83693762486258,-6.));
#10176=CARTESIAN_POINT('Ctrl Pts',(-28.,8.48161350319732E-7,-6.));
#10177=CARTESIAN_POINT('Origin',(-42.5,42.5,-6.));
#10178=CARTESIAN_POINT('',(-16.5,24.325,-6.));
#10179=CARTESIAN_POINT('',(-19.3177145998574,27.7703911083939,-6.));
#10180=CARTESIAN_POINT('Origin',(-18.,26.2,-6.));
#10181=CARTESIAN_POINT('',(-23.0907316074999,32.2668976821709,-6.));
#10182=CARTESIAN_POINT('',(-18.,26.2,-6.));
#10183=CARTESIAN_POINT('',(-35.7607356558701,41.5931835356927,-6.));
#10184=CARTESIAN_POINT('Ctrl Pts',(-35.7607356558692,41.593183535692,-6.));
#10185=CARTESIAN_POINT('Ctrl Pts',(-32.8216000381886,38.9255011048108,-6.));
#10186=CARTESIAN_POINT('Ctrl Pts',(-29.771269227621,36.4861339200672,-6.));
#10187=CARTESIAN_POINT('Ctrl Pts',(-26.5084694067488,34.3426356101481,-6.));
#10188=CARTESIAN_POINT('Ctrl Pts',(-25.3970197228634,33.6124680700716,-6.));
#10189=CARTESIAN_POINT('Ctrl Pts',(-24.2581564750808,32.9186787936949,-6.));
#10190=CARTESIAN_POINT('Ctrl Pts',(-23.0907316075,32.2668976821709,-6.));
#10191=CARTESIAN_POINT('',(-37.0368444296057,38.4510580130522,-6.));
#10192=CARTESIAN_POINT('Origin',(-42.5,42.5,-6.));
#10193=CARTESIAN_POINT('',(-37.7530912347762,39.1673048182227,-6.));
#10194=CARTESIAN_POINT('',(-39.0542804234715,40.468494006918,-6.));
#10195=CARTESIAN_POINT('',(-39.1673048182227,37.7530912347762,-6.));
#10196=CARTESIAN_POINT('Origin',(-42.5,42.5,-6.));
#10197=CARTESIAN_POINT('',(-38.4510580130522,37.0368444296056,-6.));
#10198=CARTESIAN_POINT('',(-40.468494006918,39.0542804234715,-6.));
#10199=CARTESIAN_POINT('',(-41.5931835356927,35.7607356558701,-6.));
#10200=CARTESIAN_POINT('Origin',(-42.5,42.5,-6.));
#10201=CARTESIAN_POINT('',(-26.2026304963712,0.,-6.));
#10202=CARTESIAN_POINT('Ctrl Pts',(-26.2026304963712,-1.2490009027033E-15,
-6.));
#10203=CARTESIAN_POINT('Ctrl Pts',(-26.2070214544048,4.18163824444221,-6.));
#10204=CARTESIAN_POINT('Ctrl Pts',(-26.7585691162737,8.36091257730772,-6.));
#10205=CARTESIAN_POINT('Ctrl Pts',(-27.8143136429776,12.2624337334232,-6.));
#10206=CARTESIAN_POINT('Ctrl Pts',(-29.2231294310532,17.4687355074019,-6.));
#10207=CARTESIAN_POINT('Ctrl Pts',(-31.5089291508882,22.1950454656651,-6.));
#10208=CARTESIAN_POINT('Ctrl Pts',(-34.3426356101481,26.5084694067488,-6.));
#10209=CARTESIAN_POINT('Ctrl Pts',(-36.4861339200672,29.771269227621,-6.));
#10210=CARTESIAN_POINT('Ctrl Pts',(-38.9255011048108,32.8216000381886,-6.));
#10211=CARTESIAN_POINT('Ctrl Pts',(-41.593183535692,35.7607356558692,-6.));
#10212=CARTESIAN_POINT('',(-41.5931835356927,-35.7607356558701,-6.));
#10213=CARTESIAN_POINT('Ctrl Pts',(-26.2026304963712,1.2490009027033E-15,
-6.));
#10214=CARTESIAN_POINT('Ctrl Pts',(-26.2070214544048,-4.18163824444221,
-6.));
#10215=CARTESIAN_POINT('Ctrl Pts',(-26.7585691162737,-8.36091257730772,
-6.));
#10216=CARTESIAN_POINT('Ctrl Pts',(-27.8143136429776,-12.2624337334232,
-6.));
#10217=CARTESIAN_POINT('Ctrl Pts',(-29.2231294310532,-17.4687355074019,
-6.));
#10218=CARTESIAN_POINT('Ctrl Pts',(-31.5089291508882,-22.1950454656651,
-6.));
#10219=CARTESIAN_POINT('Ctrl Pts',(-34.3426356101481,-26.5084694067488,
-6.));
#10220=CARTESIAN_POINT('Ctrl Pts',(-36.4861339200672,-29.771269227621,-6.));
#10221=CARTESIAN_POINT('Ctrl Pts',(-38.9255011048108,-32.8216000381886,
-6.));
#10222=CARTESIAN_POINT('Ctrl Pts',(-41.593183535692,-35.7607356558692,-6.));
#10223=CARTESIAN_POINT('',(-38.4510580130522,-37.0368444296056,-6.));
#10224=CARTESIAN_POINT('Origin',(-42.5,-42.5,-6.));
#10225=CARTESIAN_POINT('',(-39.1673048182227,-37.7530912347762,-6.));
#10226=CARTESIAN_POINT('',(-40.468494006918,-39.0542804234715,-6.));
#10227=CARTESIAN_POINT('',(-37.7530912347762,-39.1673048182227,-6.));
#10228=CARTESIAN_POINT('Origin',(-42.5,-42.5,-6.));
#10229=CARTESIAN_POINT('',(-37.0368444296057,-38.4510580130522,-6.));
#10230=CARTESIAN_POINT('',(-39.0542804234715,-40.468494006918,-6.));
#10231=CARTESIAN_POINT('',(-35.7607356558701,-41.5931835356927,-6.));
#10232=CARTESIAN_POINT('Origin',(-42.5,-42.5,-6.));
#10233=CARTESIAN_POINT('',(-23.0907316074999,-32.2668976821709,-6.));
#10234=CARTESIAN_POINT('Ctrl Pts',(-35.7607356558692,-41.593183535692,-6.));
#10235=CARTESIAN_POINT('Ctrl Pts',(-32.8216000381886,-38.9255011048108,
-6.));
#10236=CARTESIAN_POINT('Ctrl Pts',(-29.771269227621,-36.4861339200672,-6.));
#10237=CARTESIAN_POINT('Ctrl Pts',(-26.5084694067488,-34.3426356101481,
-6.));
#10238=CARTESIAN_POINT('Ctrl Pts',(-25.3970197228634,-33.6124680700716,
-6.));
#10239=CARTESIAN_POINT('Ctrl Pts',(-24.2581564750808,-32.9186787936949,
-6.));
#10240=CARTESIAN_POINT('Ctrl Pts',(-23.0907316075,-32.2668976821709,-6.));
#10241=CARTESIAN_POINT('',(-19.3177145998574,-27.7703911083939,-6.));
#10242=CARTESIAN_POINT('',(-18.,-26.2,-6.));
#10243=CARTESIAN_POINT('Origin',(-18.,-26.2,-6.));
#10244=CARTESIAN_POINT('',(-16.5,0.375000000000005,-6.));
#10245=CARTESIAN_POINT('',(-16.95,-26.2,-6.));
#10246=CARTESIAN_POINT('Origin',(-18.,-26.2,-6.));
#10247=CARTESIAN_POINT('',(-16.95,26.2,-6.));
#10248=CARTESIAN_POINT('Origin',(-18.,26.2,-6.));
#10249=CARTESIAN_POINT('',(16.95,-26.2,-6.));
#10250=CARTESIAN_POINT('Origin',(18.,-26.2,-6.));
#10251=CARTESIAN_POINT('',(16.95,26.2,-6.));
#10252=CARTESIAN_POINT('Origin',(18.,26.2,-6.));
#10253=CARTESIAN_POINT('Ctrl Pts',(8.48161350874843E-7,28.,0.));
#10254=CARTESIAN_POINT('Ctrl Pts',(8.48161350874843E-7,28.,-6.));
#10255=CARTESIAN_POINT('Ctrl Pts',(1.83693762486258,28.0000000337605,0.));
#10256=CARTESIAN_POINT('Ctrl Pts',(1.83693762486258,28.0000000337605,-6.));
#10257=CARTESIAN_POINT('Ctrl Pts',(5.51081117852643,28.18279528684,0.));
#10258=CARTESIAN_POINT('Ctrl Pts',(5.51081117852643,28.18279528684,-6.));
#10259=CARTESIAN_POINT('Ctrl Pts',(10.9351887011402,29.0053737339272,0.));
#10260=CARTESIAN_POINT('Ctrl Pts',(10.9351887011402,29.0053737339272,-6.));
#10261=CARTESIAN_POINT('Ctrl Pts',(17.649095247118,31.1391122625437,0.));
#10262=CARTESIAN_POINT('Ctrl Pts',(17.649095247118,31.1391122625437,-6.));
#10263=CARTESIAN_POINT('Ctrl Pts',(24.5839482172845,34.9155191009358,0.));
#10264=CARTESIAN_POINT('Ctrl Pts',(24.5839482172845,34.9155191009358,-6.));
#10265=CARTESIAN_POINT('Ctrl Pts',(29.5643749629135,38.5850681833381,0.));
#10266=CARTESIAN_POINT('Ctrl Pts',(29.5643749629135,38.5850681833381,-6.));
#10267=CARTESIAN_POINT('Ctrl Pts',(33.0261780854437,41.5305489708693,0.));
#10268=CARTESIAN_POINT('Ctrl Pts',(33.0261780854437,41.5305489708693,-6.));
#10269=CARTESIAN_POINT('Ctrl Pts',(35.122968771554,43.4492425189335,0.));
#10270=CARTESIAN_POINT('Ctrl Pts',(35.122968771554,43.4492425189335,-6.));
#10271=CARTESIAN_POINT('Ctrl Pts',(35.913872278517,44.1920170319218,0.));
#10272=CARTESIAN_POINT('Ctrl Pts',(35.913872278517,44.1920170319218,-6.));
#10273=CARTESIAN_POINT('',(35.9138722785171,44.1920170319219,0.));
#10274=CARTESIAN_POINT('Ctrl Pts',(35.913872278517,44.1920170319218,0.));
#10275=CARTESIAN_POINT('Ctrl Pts',(35.122968771554,43.4492425189335,0.));
#10276=CARTESIAN_POINT('Ctrl Pts',(33.0261780854437,41.5305489708694,0.));
#10277=CARTESIAN_POINT('Ctrl Pts',(29.5643749629136,38.5850681833381,0.));
#10278=CARTESIAN_POINT('Ctrl Pts',(24.5839482172845,34.9155191009358,0.));
#10279=CARTESIAN_POINT('Ctrl Pts',(17.649095247118,31.1391122625437,0.));
#10280=CARTESIAN_POINT('Ctrl Pts',(10.9351887011402,29.0053737339272,0.));
#10281=CARTESIAN_POINT('Ctrl Pts',(5.51081117852643,28.18279528684,0.));
#10282=CARTESIAN_POINT('Ctrl Pts',(1.83693762486258,28.0000000337605,0.));
#10283=CARTESIAN_POINT('Ctrl Pts',(8.48161350874843E-7,28.,0.));
#10284=CARTESIAN_POINT('',(35.9138722785171,44.1920170319219,0.));
#10285=CARTESIAN_POINT('Origin',(-12.75,21.5,-9.));
#10286=CARTESIAN_POINT('',(-11.7,21.5,-5.5));
#10287=CARTESIAN_POINT('Origin',(-12.75,21.5,-5.5));
#10288=CARTESIAN_POINT('',(-11.7,21.5,-9.));
#10289=CARTESIAN_POINT('',(-11.7,21.5,-9.));
#10290=CARTESIAN_POINT('Origin',(-12.75,21.5,-9.));
#10291=CARTESIAN_POINT('Origin',(-12.75,21.5,-9.));
#10292=CARTESIAN_POINT('',(-10.75,21.5,-5.5));
#10293=CARTESIAN_POINT('Origin',(-12.75,21.5,-5.5));
#10294=CARTESIAN_POINT('',(-10.75,21.5,-9.));
#10295=CARTESIAN_POINT('Origin',(-12.75,21.5,-5.5));
#10296=CARTESIAN_POINT('Origin',(-12.75,-4.,-9.));
#10297=CARTESIAN_POINT('',(-11.7,-4.,-5.5));
#10298=CARTESIAN_POINT('Origin',(-12.75,-4.,-5.5));
#10299=CARTESIAN_POINT('',(-11.7,-4.,-9.));
#10300=CARTESIAN_POINT('',(-11.7,-4.,-9.));
#10301=CARTESIAN_POINT('Origin',(-12.75,-4.,-9.));
#10302=CARTESIAN_POINT('Origin',(-12.75,-4.,-9.));
#10303=CARTESIAN_POINT('',(-10.75,-4.,-5.5));
#10304=CARTESIAN_POINT('Origin',(-12.75,-4.,-5.5));
#10305=CARTESIAN_POINT('',(-10.75,-4.,-9.));
#10306=CARTESIAN_POINT('Origin',(-12.75,-4.,-5.5));
#10307=CARTESIAN_POINT('Origin',(8.25,12.35,-9.));
#10308=CARTESIAN_POINT('Origin',(12.75,21.5,-9.));
#10309=CARTESIAN_POINT('',(13.8,21.5,-5.5));
#10310=CARTESIAN_POINT('Origin',(12.75,21.5,-5.5));
#10311=CARTESIAN_POINT('',(13.8,21.5,-9.));
#10312=CARTESIAN_POINT('',(13.8,21.5,-9.));
#10313=CARTESIAN_POINT('Origin',(12.75,21.5,-9.));
#10314=CARTESIAN_POINT('Origin',(12.75,21.5,-9.));
#10315=CARTESIAN_POINT('',(14.75,21.5,-5.5));
#10316=CARTESIAN_POINT('Origin',(12.75,21.5,-5.5));
#10317=CARTESIAN_POINT('',(14.75,21.5,-9.));
#10318=CARTESIAN_POINT('Origin',(12.75,21.5,-5.5));
#10319=CARTESIAN_POINT('Origin',(8.25,12.35,-9.));
#10320=CARTESIAN_POINT('Origin',(12.75,-4.,-9.));
#10321=CARTESIAN_POINT('',(13.8,-4.,-5.5));
#10322=CARTESIAN_POINT('Origin',(12.75,-4.,-5.5));
#10323=CARTESIAN_POINT('',(13.8,-4.,-9.));
#10324=CARTESIAN_POINT('',(13.8,-4.,-9.));
#10325=CARTESIAN_POINT('Origin',(12.75,-4.,-9.));
#10326=CARTESIAN_POINT('Origin',(12.75,-4.,-9.));
#10327=CARTESIAN_POINT('',(14.75,-4.,-5.5));
#10328=CARTESIAN_POINT('Origin',(12.75,-4.,-5.5));
#10329=CARTESIAN_POINT('',(14.75,-4.,-9.));
#10330=CARTESIAN_POINT('Origin',(12.75,-4.,-5.5));
#10331=CARTESIAN_POINT('Origin',(8.25,12.35,-9.));
#10332=CARTESIAN_POINT('Origin',(-11.5,9.75,-9.));
#10333=CARTESIAN_POINT('',(11.5,9.75,-9.));
#10334=CARTESIAN_POINT('',(-11.5,9.75,-9.));
#10335=CARTESIAN_POINT('Origin',(-11.5,8.75,-9.));
#10336=CARTESIAN_POINT('',(-12.5,8.75,-9.));
#10337=CARTESIAN_POINT('Origin',(-12.5,6.75,-9.));
#10338=CARTESIAN_POINT('',(-12.5,6.75,-9.));
#10339=CARTESIAN_POINT('Origin',(-11.5,6.75,-9.));
#10340=CARTESIAN_POINT('Origin',(11.5,5.75,-9.));
#10341=CARTESIAN_POINT('',(11.5,5.75,-9.));
#10342=CARTESIAN_POINT('Origin',(11.5,6.75,-9.));
#10343=CARTESIAN_POINT('',(12.5,6.75,-9.));
#10344=CARTESIAN_POINT('Origin',(12.5,8.75,-9.));
#10345=CARTESIAN_POINT('',(12.5,8.75,-9.));
#10346=CARTESIAN_POINT('Origin',(11.5,8.75,-9.));
#10347=CARTESIAN_POINT('Origin',(-11.5,-6.75,-9.));
#10348=CARTESIAN_POINT('',(-12.5,-6.75,-9.));
#10349=CARTESIAN_POINT('Origin',(-12.5,-8.75,-9.));
#10350=CARTESIAN_POINT('',(-12.5,-8.75,-9.));
#10351=CARTESIAN_POINT('Origin',(-11.5,-8.75,-9.));
#10352=CARTESIAN_POINT('',(-11.5,-9.75,-9.));
#10353=CARTESIAN_POINT('Origin',(11.5,-9.75,-9.));
#10354=CARTESIAN_POINT('',(11.5,-9.75,-9.));
#10355=CARTESIAN_POINT('Origin',(11.5,-8.75,-9.));
#10356=CARTESIAN_POINT('',(12.5,-8.75,-9.));
#10357=CARTESIAN_POINT('Origin',(12.5,-6.75,-9.));
#10358=CARTESIAN_POINT('',(12.5,-6.75,-9.));
#10359=CARTESIAN_POINT('Origin',(11.5,-6.75,-9.));
#10360=CARTESIAN_POINT('Origin',(-11.5,17.5,-9.));
#10361=CARTESIAN_POINT('',(11.5,17.5,-9.));
#10362=CARTESIAN_POINT('',(-11.5,17.5,-9.));
#10363=CARTESIAN_POINT('Origin',(-11.5,16.5,-9.));
#10364=CARTESIAN_POINT('',(-12.5,16.5,-9.));
#10365=CARTESIAN_POINT('Origin',(-12.5,14.5,-9.));
#10366=CARTESIAN_POINT('',(-12.5,14.5,-9.));
#10367=CARTESIAN_POINT('Origin',(-11.5,14.5,-9.));
#10368=CARTESIAN_POINT('',(-11.5,13.5,-9.));
#10369=CARTESIAN_POINT('Origin',(11.5,13.5,-9.));
#10370=CARTESIAN_POINT('',(11.5,13.5,-9.));
#10371=CARTESIAN_POINT('Origin',(11.5,14.5,-9.));
#10372=CARTESIAN_POINT('',(12.5,14.5,-9.));
#10373=CARTESIAN_POINT('Origin',(12.5,16.5,-9.));
#10374=CARTESIAN_POINT('',(12.5,16.5,-9.));
#10375=CARTESIAN_POINT('Origin',(11.5,16.5,-9.));
#10376=CARTESIAN_POINT('Origin',(-11.5,-13.5,-9.));
#10377=CARTESIAN_POINT('',(11.5,-13.5,-9.));
#10378=CARTESIAN_POINT('',(-11.5,-13.5,-9.));
#10379=CARTESIAN_POINT('Origin',(-11.5,-14.5,-9.));
#10380=CARTESIAN_POINT('',(-12.5,-14.5,-9.));
#10381=CARTESIAN_POINT('Origin',(-12.5,-16.5,-9.));
#10382=CARTESIAN_POINT('',(-12.5,-16.5,-9.));
#10383=CARTESIAN_POINT('Origin',(-11.5,-16.5,-9.));
#10384=CARTESIAN_POINT('',(-11.5,-17.5,-9.));
#10385=CARTESIAN_POINT('Origin',(11.5,-17.5,-9.));
#10386=CARTESIAN_POINT('',(11.5,-17.5,-9.));
#10387=CARTESIAN_POINT('Origin',(11.5,-16.5,-9.));
#10388=CARTESIAN_POINT('',(12.5,-16.5,-9.));
#10389=CARTESIAN_POINT('Origin',(12.5,-14.5,-9.));
#10390=CARTESIAN_POINT('',(12.5,-14.5,-9.));
#10391=CARTESIAN_POINT('Origin',(11.5,-14.5,-9.));
#10392=CARTESIAN_POINT('Origin',(-19.4,-13.500000000005,0.));
#10393=CARTESIAN_POINT('',(-19.4,-13.500000000005,0.));
#10394=CARTESIAN_POINT('',(-19.6,-13.500000000005,0.));
#10395=CARTESIAN_POINT('',(-19.4,-13.500000000005,0.));
#10396=CARTESIAN_POINT('',(-19.6,-13.500000000005,-2.));
#10397=CARTESIAN_POINT('',(-19.6,-13.500000000005,0.));
#10398=CARTESIAN_POINT('',(-19.4,-13.500000000005,-2.));
#10399=CARTESIAN_POINT('',(-19.4,-13.500000000005,-2.));
#10400=CARTESIAN_POINT('',(-19.4,-13.500000000005,0.));
#10401=CARTESIAN_POINT('Origin',(-19.4,-13.100000000005,0.));
#10402=CARTESIAN_POINT('',(-19.,-13.100000000005,0.));
#10403=CARTESIAN_POINT('Origin',(-19.4,-13.100000000005,0.));
#10404=CARTESIAN_POINT('',(-19.,-13.100000000005,-2.));
#10405=CARTESIAN_POINT('Origin',(-19.4,-13.100000000005,-2.));
#10406=CARTESIAN_POINT('',(-19.,-13.100000000005,0.));
#10407=CARTESIAN_POINT('Origin',(-19.,-12.400000000002,0.));
#10408=CARTESIAN_POINT('',(-19.,-12.400000000002,0.));
#10409=CARTESIAN_POINT('',(-19.,-12.400000000002,0.));
#10410=CARTESIAN_POINT('',(-19.,-12.400000000002,-2.));
#10411=CARTESIAN_POINT('',(-19.,-12.400000000002,-2.));
#10412=CARTESIAN_POINT('',(-19.,-12.400000000002,0.));
#10413=CARTESIAN_POINT('Origin',(-18.6,-12.400000000002,0.));
#10414=CARTESIAN_POINT('',(-18.6,-12.000000000002,0.));
#10415=CARTESIAN_POINT('Origin',(-18.6,-12.400000000002,0.));
#10416=CARTESIAN_POINT('',(-18.6,-12.000000000002,-2.));
#10417=CARTESIAN_POINT('Origin',(-18.6,-12.400000000002,-2.));
#10418=CARTESIAN_POINT('',(-18.6,-12.000000000002,0.));
#10419=CARTESIAN_POINT('Origin',(-18.4,-12.000000000002,0.));
#10420=CARTESIAN_POINT('',(-18.4,-12.000000000002,0.));
#10421=CARTESIAN_POINT('',(-18.4,-12.000000000002,0.));
#10422=CARTESIAN_POINT('',(-18.4,-12.000000000002,-2.));
#10423=CARTESIAN_POINT('',(-18.4,-12.000000000002,-2.));
#10424=CARTESIAN_POINT('',(-18.4,-12.000000000002,0.));
#10425=CARTESIAN_POINT('Origin',(-18.4,-12.400000000002,0.));
#10426=CARTESIAN_POINT('Origin',(-18.4,-12.400000000002,0.));
#10427=CARTESIAN_POINT('Origin',(-18.4,-12.400000000002,-2.));
#10428=CARTESIAN_POINT('Origin',(-18.4,12.400000000002,0.));
#10429=CARTESIAN_POINT('',(-18.4,12.000000000002,0.));
#10430=CARTESIAN_POINT('Origin',(-18.4,12.400000000002,0.));
#10431=CARTESIAN_POINT('',(-18.4,12.000000000002,-2.));
#10432=CARTESIAN_POINT('Origin',(-18.4,12.400000000002,-2.));
#10433=CARTESIAN_POINT('',(-18.4,12.000000000002,0.));
#10434=CARTESIAN_POINT('Origin',(-18.6,12.000000000002,0.));
#10435=CARTESIAN_POINT('',(-18.6,12.000000000002,0.));
#10436=CARTESIAN_POINT('',(-18.4,12.000000000002,0.));
#10437=CARTESIAN_POINT('',(-18.6,12.000000000002,-2.));
#10438=CARTESIAN_POINT('',(-18.4,12.000000000002,-2.));
#10439=CARTESIAN_POINT('',(-18.6,12.000000000002,0.));
#10440=CARTESIAN_POINT('Origin',(-18.6,12.400000000002,0.));
#10441=CARTESIAN_POINT('',(-19.,12.400000000002,0.));
#10442=CARTESIAN_POINT('Origin',(-18.6,12.400000000002,0.));
#10443=CARTESIAN_POINT('',(-19.,12.400000000002,-2.));
#10444=CARTESIAN_POINT('Origin',(-18.6,12.400000000002,-2.));
#10445=CARTESIAN_POINT('',(-19.,12.400000000002,0.));
#10446=CARTESIAN_POINT('Origin',(-19.,13.100000000005,0.));
#10447=CARTESIAN_POINT('',(-19.,13.100000000005,0.));
#10448=CARTESIAN_POINT('',(-19.,12.400000000002,0.));
#10449=CARTESIAN_POINT('',(-19.,13.100000000005,-2.));
#10450=CARTESIAN_POINT('',(-19.,12.400000000002,-2.));
#10451=CARTESIAN_POINT('',(-19.,13.100000000005,0.));
#10452=CARTESIAN_POINT('Origin',(-19.4,13.100000000005,0.));
#10453=CARTESIAN_POINT('',(-19.4,13.500000000005,0.));
#10454=CARTESIAN_POINT('Origin',(-19.4,13.100000000005,0.));
#10455=CARTESIAN_POINT('',(-19.4,13.500000000005,-2.));
#10456=CARTESIAN_POINT('Origin',(-19.4,13.100000000005,-2.));
#10457=CARTESIAN_POINT('',(-19.4,13.500000000005,0.));
#10458=CARTESIAN_POINT('Origin',(-19.6,13.500000000005,0.));
#10459=CARTESIAN_POINT('',(-19.6,13.500000000005,0.));
#10460=CARTESIAN_POINT('',(-19.4,13.500000000005,0.));
#10461=CARTESIAN_POINT('',(-19.6,13.500000000005,-2.));
#10462=CARTESIAN_POINT('',(-19.4,13.500000000005,-2.));
#10463=CARTESIAN_POINT('',(-19.6,13.500000000005,0.));
#10464=CARTESIAN_POINT('Origin',(-19.6,13.100000000005,0.));
#10465=CARTESIAN_POINT('',(-20.,13.100000000005,0.));
#10466=CARTESIAN_POINT('Origin',(-19.6,13.100000000005,0.));
#10467=CARTESIAN_POINT('',(-20.,13.100000000005,-2.));
#10468=CARTESIAN_POINT('Origin',(-19.6,13.100000000005,-2.));
#10469=CARTESIAN_POINT('',(-20.,13.100000000005,0.));
#10470=CARTESIAN_POINT('Origin',(-20.0000000000001,-13.100000000005,0.));
#10471=CARTESIAN_POINT('',(-20.,-13.100000000005,0.));
#10472=CARTESIAN_POINT('',(-20.,13.100000000005,0.));
#10473=CARTESIAN_POINT('',(-20.,-13.100000000005,-2.));
#10474=CARTESIAN_POINT('',(-20.,13.100000000005,-2.));
#10475=CARTESIAN_POINT('',(-20.,-13.100000000005,0.));
#10476=CARTESIAN_POINT('Origin',(-19.6,-13.100000000005,0.));
#10477=CARTESIAN_POINT('Origin',(-19.6,-13.100000000005,0.));
#10478=CARTESIAN_POINT('Origin',(-19.6,-13.100000000005,-2.));
#10479=CARTESIAN_POINT('Origin',(-19.,0.,-2.));
#10480=CARTESIAN_POINT('Origin',(19.4,-13.100000000005,0.));
#10481=CARTESIAN_POINT('',(19.,-13.100000000005,0.));
#10482=CARTESIAN_POINT('',(19.4,-13.500000000005,0.));
#10483=CARTESIAN_POINT('Origin',(19.4,-13.100000000005,0.));
#10484=CARTESIAN_POINT('',(19.,-13.100000000005,-2.));
#10485=CARTESIAN_POINT('',(19.,-13.100000000005,0.));
#10486=CARTESIAN_POINT('',(19.4,-13.500000000005,-2.));
#10487=CARTESIAN_POINT('Origin',(19.4,-13.100000000005,-2.));
#10488=CARTESIAN_POINT('',(19.4,-13.500000000005,0.));
#10489=CARTESIAN_POINT('Origin',(19.6,-13.500000000005,0.));
#10490=CARTESIAN_POINT('',(19.6,-13.500000000005,0.));
#10491=CARTESIAN_POINT('',(19.4,-13.500000000005,0.));
#10492=CARTESIAN_POINT('',(19.6,-13.500000000005,-2.));
#10493=CARTESIAN_POINT('',(19.4,-13.500000000005,-2.));
#10494=CARTESIAN_POINT('',(19.6,-13.500000000005,0.));
#10495=CARTESIAN_POINT('Origin',(19.6,-13.100000000005,0.));
#10496=CARTESIAN_POINT('',(20.,-13.100000000005,0.));
#10497=CARTESIAN_POINT('Origin',(19.6,-13.100000000005,0.));
#10498=CARTESIAN_POINT('',(20.,-13.100000000005,-2.));
#10499=CARTESIAN_POINT('Origin',(19.6,-13.100000000005,-2.));
#10500=CARTESIAN_POINT('',(20.,-13.100000000005,0.));
#10501=CARTESIAN_POINT('Origin',(20.,13.100000000005,0.));
#10502=CARTESIAN_POINT('',(20.,13.100000000005,0.));
#10503=CARTESIAN_POINT('',(20.,-13.100000000005,0.));
#10504=CARTESIAN_POINT('',(20.,13.100000000005,-2.));
#10505=CARTESIAN_POINT('',(20.,-13.100000000005,-2.));
#10506=CARTESIAN_POINT('',(20.,13.100000000005,0.));
#10507=CARTESIAN_POINT('Origin',(19.6,13.100000000005,0.));
#10508=CARTESIAN_POINT('',(19.6,13.500000000005,0.));
#10509=CARTESIAN_POINT('Origin',(19.6,13.100000000005,0.));
#10510=CARTESIAN_POINT('',(19.6,13.500000000005,-2.));
#10511=CARTESIAN_POINT('Origin',(19.6,13.100000000005,-2.));
#10512=CARTESIAN_POINT('',(19.6,13.500000000005,0.));
#10513=CARTESIAN_POINT('Origin',(19.4,13.500000000005,0.));
#10514=CARTESIAN_POINT('',(19.4,13.500000000005,0.));
#10515=CARTESIAN_POINT('',(19.4,13.500000000005,0.));
#10516=CARTESIAN_POINT('',(19.4,13.500000000005,-2.));
#10517=CARTESIAN_POINT('',(19.4,13.500000000005,-2.));
#10518=CARTESIAN_POINT('',(19.4,13.500000000005,0.));
#10519=CARTESIAN_POINT('Origin',(19.4,13.100000000005,0.));
#10520=CARTESIAN_POINT('',(19.,13.100000000005,0.));
#10521=CARTESIAN_POINT('Origin',(19.4,13.100000000005,0.));
#10522=CARTESIAN_POINT('',(19.,13.100000000005,-2.));
#10523=CARTESIAN_POINT('Origin',(19.4,13.100000000005,-2.));
#10524=CARTESIAN_POINT('',(19.,13.100000000005,0.));
#10525=CARTESIAN_POINT('Origin',(19.,12.400000000002,0.));
#10526=CARTESIAN_POINT('',(19.,12.400000000002,0.));
#10527=CARTESIAN_POINT('',(19.,12.400000000002,0.));
#10528=CARTESIAN_POINT('',(19.,12.400000000002,-2.));
#10529=CARTESIAN_POINT('',(19.,12.400000000002,-2.));
#10530=CARTESIAN_POINT('',(19.,12.400000000002,0.));
#10531=CARTESIAN_POINT('Origin',(18.6,12.400000000002,0.));
#10532=CARTESIAN_POINT('',(18.6,12.000000000002,0.));
#10533=CARTESIAN_POINT('Origin',(18.6,12.400000000002,0.));
#10534=CARTESIAN_POINT('',(18.6,12.000000000002,-2.));
#10535=CARTESIAN_POINT('Origin',(18.6,12.400000000002,-2.));
#10536=CARTESIAN_POINT('',(18.6,12.000000000002,0.));
#10537=CARTESIAN_POINT('Origin',(18.4,12.000000000002,0.));
#10538=CARTESIAN_POINT('',(18.4,12.000000000002,0.));
#10539=CARTESIAN_POINT('',(18.4,12.000000000002,0.));
#10540=CARTESIAN_POINT('',(18.4,12.000000000002,-2.));
#10541=CARTESIAN_POINT('',(18.4,12.000000000002,-2.));
#10542=CARTESIAN_POINT('',(18.4,12.000000000002,0.));
#10543=CARTESIAN_POINT('Origin',(18.4,12.400000000002,0.));
#10544=CARTESIAN_POINT('Origin',(18.4,12.400000000002,0.));
#10545=CARTESIAN_POINT('Origin',(18.4,12.400000000002,-2.));
#10546=CARTESIAN_POINT('Origin',(18.4,-12.400000000002,0.));
#10547=CARTESIAN_POINT('',(18.4,-12.000000000002,0.));
#10548=CARTESIAN_POINT('Origin',(18.4,-12.400000000002,0.));
#10549=CARTESIAN_POINT('',(18.4,-12.000000000002,-2.));
#10550=CARTESIAN_POINT('Origin',(18.4,-12.400000000002,-2.));
#10551=CARTESIAN_POINT('',(18.4,-12.000000000002,0.));
#10552=CARTESIAN_POINT('Origin',(18.6,-12.000000000002,0.));
#10553=CARTESIAN_POINT('',(18.6,-12.000000000002,0.));
#10554=CARTESIAN_POINT('',(18.4,-12.000000000002,0.));
#10555=CARTESIAN_POINT('',(18.6,-12.000000000002,-2.));
#10556=CARTESIAN_POINT('',(18.4,-12.000000000002,-2.));
#10557=CARTESIAN_POINT('',(18.6,-12.000000000002,0.));
#10558=CARTESIAN_POINT('Origin',(18.6,-12.400000000002,0.));
#10559=CARTESIAN_POINT('',(19.,-12.400000000002,0.));
#10560=CARTESIAN_POINT('Origin',(18.6,-12.400000000002,0.));
#10561=CARTESIAN_POINT('',(19.,-12.400000000002,-2.));
#10562=CARTESIAN_POINT('Origin',(18.6,-12.400000000002,-2.));
#10563=CARTESIAN_POINT('',(19.,-12.400000000002,0.));
#10564=CARTESIAN_POINT('Origin',(19.,-13.100000000005,0.));
#10565=CARTESIAN_POINT('',(19.,-12.400000000002,0.));
#10566=CARTESIAN_POINT('',(19.,-12.400000000002,-2.));
#10567=CARTESIAN_POINT('Origin',(18.9999999999975,2.22044604925031E-15,
-2.));
#10568=CARTESIAN_POINT('Origin',(18.9999999999975,2.22044604925031E-15,
-7.));
#10569=CARTESIAN_POINT('',(19.,-13.100000000005,-7.));
#10570=CARTESIAN_POINT('',(19.,-12.400000000002,-7.));
#10571=CARTESIAN_POINT('',(19.,-6.55000000000252,-7.));
#10572=CARTESIAN_POINT('',(19.4,-13.500000000005,-7.));
#10573=CARTESIAN_POINT('Origin',(19.4,-13.100000000005,-7.));
#10574=CARTESIAN_POINT('',(19.6,-13.500000000005,-7.));
#10575=CARTESIAN_POINT('',(19.2999999999987,-13.500000000005,-7.));
#10576=CARTESIAN_POINT('',(20.,-13.100000000005,-7.));
#10577=CARTESIAN_POINT('Origin',(19.6,-13.100000000005,-7.));
#10578=CARTESIAN_POINT('',(20.,13.100000000005,-7.));
#10579=CARTESIAN_POINT('',(20.,6.55000000000251,-7.));
#10580=CARTESIAN_POINT('',(19.6,13.500000000005,-7.));
#10581=CARTESIAN_POINT('Origin',(19.6,13.100000000005,-7.));
#10582=CARTESIAN_POINT('',(19.4,13.500000000005,-7.));
#10583=CARTESIAN_POINT('',(19.1999999999987,13.500000000005,-7.));
#10584=CARTESIAN_POINT('',(19.,13.100000000005,-7.));
#10585=CARTESIAN_POINT('Origin',(19.4,13.100000000005,-7.));
#10586=CARTESIAN_POINT('',(19.,12.400000000002,-7.));
#10587=CARTESIAN_POINT('',(19.,6.20000000000101,-7.));
#10588=CARTESIAN_POINT('',(18.6,12.000000000002,-7.));
#10589=CARTESIAN_POINT('Origin',(18.6,12.400000000002,-7.));
#10590=CARTESIAN_POINT('',(18.4,12.000000000002,-7.));
#10591=CARTESIAN_POINT('',(18.6999999999987,12.000000000002,-7.));
#10592=CARTESIAN_POINT('Origin',(18.4,12.400000000002,-7.));
#10593=CARTESIAN_POINT('',(18.4,-12.000000000002,-7.));
#10594=CARTESIAN_POINT('Origin',(18.4,-12.400000000002,-7.));
#10595=CARTESIAN_POINT('',(18.6,-12.000000000002,-7.));
#10596=CARTESIAN_POINT('',(18.7999999999986,-12.000000000002,-7.));
#10597=CARTESIAN_POINT('Origin',(18.6,-12.400000000002,-7.));
#10598=CARTESIAN_POINT('Origin',(-19.,0.,-7.));
#10599=CARTESIAN_POINT('',(-19.6,-13.500000000005,-7.));
#10600=CARTESIAN_POINT('',(-20.,-13.100000000005,-7.));
#10601=CARTESIAN_POINT('Origin',(-19.6,-13.100000000005,-7.));
#10602=CARTESIAN_POINT('',(-19.4,-13.500000000005,-7.));
#10603=CARTESIAN_POINT('',(-19.2,-13.500000000005,-7.));
#10604=CARTESIAN_POINT('',(-19.,-13.100000000005,-7.));
#10605=CARTESIAN_POINT('Origin',(-19.4,-13.100000000005,-7.));
#10606=CARTESIAN_POINT('',(-19.,-12.400000000002,-7.));
#10607=CARTESIAN_POINT('',(-19.,-6.20000000000101,-7.));
#10608=CARTESIAN_POINT('',(-18.6,-12.000000000002,-7.));
#10609=CARTESIAN_POINT('Origin',(-18.6,-12.400000000002,-7.));
#10610=CARTESIAN_POINT('',(-18.4,-12.000000000002,-7.));
#10611=CARTESIAN_POINT('',(-18.6999999999999,-12.000000000002,-7.));
#10612=CARTESIAN_POINT('Origin',(-18.4,-12.400000000002,-7.));
#10613=CARTESIAN_POINT('',(-18.4,12.000000000002,-7.));
#10614=CARTESIAN_POINT('Origin',(-18.4,12.400000000002,-7.));
#10615=CARTESIAN_POINT('',(-18.6,12.000000000002,-7.));
#10616=CARTESIAN_POINT('',(-18.8,12.000000000002,-7.));
#10617=CARTESIAN_POINT('',(-19.,12.400000000002,-7.));
#10618=CARTESIAN_POINT('Origin',(-18.6,12.400000000002,-7.));
#10619=CARTESIAN_POINT('',(-19.,13.100000000005,-7.));
#10620=CARTESIAN_POINT('',(-19.,6.55000000000252,-7.));
#10621=CARTESIAN_POINT('',(-19.4,13.500000000005,-7.));
#10622=CARTESIAN_POINT('Origin',(-19.4,13.100000000005,-7.));
#10623=CARTESIAN_POINT('',(-19.6,13.500000000005,-7.));
#10624=CARTESIAN_POINT('',(-19.3,13.500000000005,-7.));
#10625=CARTESIAN_POINT('',(-20.,13.100000000005,-7.));
#10626=CARTESIAN_POINT('Origin',(-19.6,13.100000000005,-7.));
#10627=CARTESIAN_POINT('',(-20.0000000000001,-6.55000000000251,-7.));
#10628=CARTESIAN_POINT('Origin',(19.4,13.100000000005,0.));
#10629=CARTESIAN_POINT('',(19.4,13.500000000005,-9.));
#10630=CARTESIAN_POINT('',(19.4,13.500000000005,0.));
#10631=CARTESIAN_POINT('',(19.,13.100000000005,-9.));
#10632=CARTESIAN_POINT('Origin',(19.4,13.100000000005,-9.));
#10633=CARTESIAN_POINT('',(19.,13.100000000005,0.));
#10634=CARTESIAN_POINT('Origin',(19.4,13.500000000005,0.));
#10635=CARTESIAN_POINT('',(19.6,13.500000000005,-9.));
#10636=CARTESIAN_POINT('',(19.6,13.500000000005,0.));
#10637=CARTESIAN_POINT('',(19.4,13.500000000005,-9.));
#10638=CARTESIAN_POINT('Origin',(19.6,13.100000000005,0.));
#10639=CARTESIAN_POINT('',(20.,13.100000000005,-9.));
#10640=CARTESIAN_POINT('',(20.,13.100000000005,0.));
#10641=CARTESIAN_POINT('Origin',(19.6,13.100000000005,-9.));
#10642=CARTESIAN_POINT('Origin',(20.,13.100000000005,0.));
#10643=CARTESIAN_POINT('',(20.,-13.100000000005,-9.));
#10644=CARTESIAN_POINT('',(20.,-13.100000000005,0.));
#10645=CARTESIAN_POINT('',(20.,-13.100000000005,-9.));
#10646=CARTESIAN_POINT('Origin',(19.6,-13.100000000005,0.));
#10647=CARTESIAN_POINT('',(19.6,-13.500000000005,-9.));
#10648=CARTESIAN_POINT('',(19.6,-13.500000000005,0.));
#10649=CARTESIAN_POINT('Origin',(19.6,-13.100000000005,-9.));
#10650=CARTESIAN_POINT('Origin',(19.6,-13.500000000005,0.));
#10651=CARTESIAN_POINT('',(19.4,-13.500000000005,-9.));
#10652=CARTESIAN_POINT('',(19.4,-13.500000000005,0.));
#10653=CARTESIAN_POINT('',(19.4,-13.500000000005,-9.));
#10654=CARTESIAN_POINT('Origin',(19.4,-13.100000000005,0.));
#10655=CARTESIAN_POINT('',(19.,-13.100000000005,-9.));
#10656=CARTESIAN_POINT('',(19.,-13.100000000005,0.));
#10657=CARTESIAN_POINT('Origin',(19.4,-13.100000000005,-9.));
#10658=CARTESIAN_POINT('Origin',(19.,-13.100000000005,0.));
#10659=CARTESIAN_POINT('',(19.,-12.400000000002,-9.));
#10660=CARTESIAN_POINT('',(19.,-12.400000000002,0.));
#10661=CARTESIAN_POINT('',(19.,-12.400000000002,-9.));
#10662=CARTESIAN_POINT('Origin',(24.65,24.65,0.));
#10663=CARTESIAN_POINT('',(-44.1920170319218,-35.913872278517,0.));
#10664=CARTESIAN_POINT('',(-28.,-1.04493567719704E-15,0.));
#10665=CARTESIAN_POINT('Ctrl Pts',(-44.1920170319218,-35.913872278517,0.));
#10666=CARTESIAN_POINT('Ctrl Pts',(-43.4492425189335,-35.122968771554,0.));
#10667=CARTESIAN_POINT('Ctrl Pts',(-41.5305489708693,-33.0261780854437,
0.));
#10668=CARTESIAN_POINT('Ctrl Pts',(-38.5850681833381,-29.5643749629135,
0.));
#10669=CARTESIAN_POINT('Ctrl Pts',(-34.9155191009357,-24.5839482172845,
0.));
#10670=CARTESIAN_POINT('Ctrl Pts',(-31.1391122625436,-17.649095247118,0.));
#10671=CARTESIAN_POINT('Ctrl Pts',(-29.0053737339271,-10.9351887011402,
0.));
#10672=CARTESIAN_POINT('Ctrl Pts',(-28.18279528684,-5.51081117852643,0.));
#10673=CARTESIAN_POINT('Ctrl Pts',(-28.0000000337605,-1.83693762486258,
0.));
#10674=CARTESIAN_POINT('Ctrl Pts',(-28.,-8.48161350319732E-7,0.));
#10675=CARTESIAN_POINT('',(-35.9138722785171,-44.1920170319219,0.));
#10676=CARTESIAN_POINT('Origin',(-42.5,-42.5,0.));
#10677=CARTESIAN_POINT('',(-3.51046319893542E-16,-28.,0.));
#10678=CARTESIAN_POINT('Ctrl Pts',(-35.913872278517,-44.1920170319218,0.));
#10679=CARTESIAN_POINT('Ctrl Pts',(-35.122968771554,-43.4492425189335,0.));
#10680=CARTESIAN_POINT('Ctrl Pts',(-33.0261780854437,-41.5305489708694,
0.));
#10681=CARTESIAN_POINT('Ctrl Pts',(-29.5643749629136,-38.5850681833381,
0.));
#10682=CARTESIAN_POINT('Ctrl Pts',(-24.5839482172845,-34.9155191009358,
0.));
#10683=CARTESIAN_POINT('Ctrl Pts',(-17.649095247118,-31.1391122625437,0.));
#10684=CARTESIAN_POINT('Ctrl Pts',(-10.9351887011402,-29.0053737339272,
0.));
#10685=CARTESIAN_POINT('Ctrl Pts',(-5.51081117852643,-28.18279528684,0.));
#10686=CARTESIAN_POINT('Ctrl Pts',(-1.83693762486258,-28.0000000337605,
0.));
#10687=CARTESIAN_POINT('Ctrl Pts',(-8.48161350874843E-7,-28.,0.));
#10688=CARTESIAN_POINT('',(35.9138722785171,-44.1920170319219,0.));
#10689=CARTESIAN_POINT('Ctrl Pts',(35.913872278517,-44.1920170319218,0.));
#10690=CARTESIAN_POINT('Ctrl Pts',(35.122968771554,-43.4492425189335,0.));
#10691=CARTESIAN_POINT('Ctrl Pts',(33.0261780854437,-41.5305489708694,0.));
#10692=CARTESIAN_POINT('Ctrl Pts',(29.5643749629136,-38.5850681833381,0.));
#10693=CARTESIAN_POINT('Ctrl Pts',(24.5839482172845,-34.9155191009358,0.));
#10694=CARTESIAN_POINT('Ctrl Pts',(17.649095247118,-31.1391122625437,0.));
#10695=CARTESIAN_POINT('Ctrl Pts',(10.9351887011402,-29.0053737339272,0.));
#10696=CARTESIAN_POINT('Ctrl Pts',(5.51081117852643,-28.18279528684,0.));
#10697=CARTESIAN_POINT('Ctrl Pts',(1.83693762486258,-28.0000000337605,0.));
#10698=CARTESIAN_POINT('Ctrl Pts',(8.48161350874843E-7,-28.,0.));
#10699=CARTESIAN_POINT('',(44.1920170319218,-35.913872278517,0.));
#10700=CARTESIAN_POINT('Origin',(42.5,-42.5,0.));
#10701=CARTESIAN_POINT('',(28.,-1.04493567719704E-15,0.));
#10702=CARTESIAN_POINT('Ctrl Pts',(44.1920170319218,-35.913872278517,0.));
#10703=CARTESIAN_POINT('Ctrl Pts',(43.4492425189335,-35.122968771554,0.));
#10704=CARTESIAN_POINT('Ctrl Pts',(41.5305489708693,-33.0261780854437,0.));
#10705=CARTESIAN_POINT('Ctrl Pts',(38.5850681833381,-29.5643749629135,0.));
#10706=CARTESIAN_POINT('Ctrl Pts',(34.9155191009357,-24.5839482172845,0.));
#10707=CARTESIAN_POINT('Ctrl Pts',(31.1391122625436,-17.649095247118,0.));
#10708=CARTESIAN_POINT('Ctrl Pts',(29.0053737339271,-10.9351887011402,0.));
#10709=CARTESIAN_POINT('Ctrl Pts',(28.18279528684,-5.51081117852643,0.));
#10710=CARTESIAN_POINT('Ctrl Pts',(28.0000000337605,-1.83693762486258,0.));
#10711=CARTESIAN_POINT('Ctrl Pts',(28.,-8.48161350319732E-7,0.));
#10712=CARTESIAN_POINT('',(44.1920170319218,35.913872278517,0.));
#10713=CARTESIAN_POINT('Ctrl Pts',(44.1920170319218,35.913872278517,0.));
#10714=CARTESIAN_POINT('Ctrl Pts',(43.4492425189335,35.122968771554,0.));
#10715=CARTESIAN_POINT('Ctrl Pts',(41.5305489708693,33.0261780854437,0.));
#10716=CARTESIAN_POINT('Ctrl Pts',(38.5850681833381,29.5643749629135,0.));
#10717=CARTESIAN_POINT('Ctrl Pts',(34.9155191009357,24.5839482172845,0.));
#10718=CARTESIAN_POINT('Ctrl Pts',(31.1391122625436,17.649095247118,0.));
#10719=CARTESIAN_POINT('Ctrl Pts',(29.0053737339271,10.9351887011402,0.));
#10720=CARTESIAN_POINT('Ctrl Pts',(28.18279528684,5.51081117852643,0.));
#10721=CARTESIAN_POINT('Ctrl Pts',(28.0000000337605,1.83693762486258,0.));
#10722=CARTESIAN_POINT('Ctrl Pts',(28.,8.48161350319732E-7,0.));
#10723=CARTESIAN_POINT('Origin',(42.5,42.5,0.));
#10724=CARTESIAN_POINT('',(-44.1920170319218,35.913872278517,0.));
#10725=CARTESIAN_POINT('Origin',(-42.5,42.5,0.));
#10726=CARTESIAN_POINT('Ctrl Pts',(-44.1920170319218,35.913872278517,0.));
#10727=CARTESIAN_POINT('Ctrl Pts',(-43.4492425189335,35.122968771554,0.));
#10728=CARTESIAN_POINT('Ctrl Pts',(-41.5305489708693,33.0261780854437,0.));
#10729=CARTESIAN_POINT('Ctrl Pts',(-38.5850681833381,29.5643749629135,0.));
#10730=CARTESIAN_POINT('Ctrl Pts',(-34.9155191009357,24.5839482172845,0.));
#10731=CARTESIAN_POINT('Ctrl Pts',(-31.1391122625436,17.649095247118,0.));
#10732=CARTESIAN_POINT('Ctrl Pts',(-29.0053737339271,10.9351887011402,0.));
#10733=CARTESIAN_POINT('Ctrl Pts',(-28.18279528684,5.51081117852643,0.));
#10734=CARTESIAN_POINT('Ctrl Pts',(-28.0000000337605,1.83693762486258,0.));
#10735=CARTESIAN_POINT('Ctrl Pts',(-28.,8.48161350319732E-7,0.));
#10736=CARTESIAN_POINT('',(-16.5,24.675,0.));
#10737=CARTESIAN_POINT('',(16.95,26.2,0.));
#10738=CARTESIAN_POINT('Origin',(18.,26.2,0.));
#10739=CARTESIAN_POINT('',(-16.95,26.2,0.));
#10740=CARTESIAN_POINT('Origin',(-18.,26.2,0.));
#10741=CARTESIAN_POINT('',(-16.95,-26.2,0.));
#10742=CARTESIAN_POINT('Origin',(-18.,-26.2,0.));
#10743=CARTESIAN_POINT('',(16.95,-26.2,0.));
#10744=CARTESIAN_POINT('Origin',(18.,-26.2,0.));
#10745=CARTESIAN_POINT('',(-19.3177145998574,-27.7703911083939,0.));
#10746=CARTESIAN_POINT('Origin',(-18.,-26.2,0.));
#10747=CARTESIAN_POINT('',(-23.0907316074999,-32.2668976821709,0.));
#10748=CARTESIAN_POINT('',(-19.8760298636555,-28.4357653298255,0.));
#10749=CARTESIAN_POINT('',(-35.7607356558701,-41.5931835356927,0.));
#10750=CARTESIAN_POINT('Ctrl Pts',(-23.0907316075,-32.2668976821709,0.));
#10751=CARTESIAN_POINT('Ctrl Pts',(-24.2581564750808,-32.9186787936949,
0.));
#10752=CARTESIAN_POINT('Ctrl Pts',(-25.3970197228634,-33.6124680700716,
0.));
#10753=CARTESIAN_POINT('Ctrl Pts',(-26.5084694067488,-34.3426356101481,
0.));
#10754=CARTESIAN_POINT('Ctrl Pts',(-29.771269227621,-36.4861339200672,0.));
#10755=CARTESIAN_POINT('Ctrl Pts',(-32.8216000381886,-38.9255011048108,
0.));
#10756=CARTESIAN_POINT('Ctrl Pts',(-35.7607356558692,-41.593183535692,0.));
#10757=CARTESIAN_POINT('',(-37.0368444296057,-38.4510580130522,0.));
#10758=CARTESIAN_POINT('Origin',(-42.5,-42.5,0.));
#10759=CARTESIAN_POINT('',(-38.9813100270248,-40.3955236104713,0.));
#10760=CARTESIAN_POINT('',(-39.0542804234715,-40.468494006918,0.));
#10761=CARTESIAN_POINT('',(-40.3955236104713,-38.9813100270248,0.));
#10762=CARTESIAN_POINT('Origin',(-42.5,-42.5,0.));
#10763=CARTESIAN_POINT('',(-38.4510580130522,-37.0368444296056,0.));
#10764=CARTESIAN_POINT('',(-40.468494006918,-39.0542804234715,0.));
#10765=CARTESIAN_POINT('',(-41.5931835356927,-35.7607356558701,0.));
#10766=CARTESIAN_POINT('Origin',(-42.5,-42.5,0.));
#10767=CARTESIAN_POINT('',(-26.2026304963712,-1.2490009027033E-15,0.));
#10768=CARTESIAN_POINT('Ctrl Pts',(-41.593183535692,-35.7607356558692,0.));
#10769=CARTESIAN_POINT('Ctrl Pts',(-38.9255011048108,-32.8216000381886,
0.));
#10770=CARTESIAN_POINT('Ctrl Pts',(-36.4861339200672,-29.771269227621,0.));
#10771=CARTESIAN_POINT('Ctrl Pts',(-34.3426356101481,-26.5084694067488,
0.));
#10772=CARTESIAN_POINT('Ctrl Pts',(-31.5089291508882,-22.1950454656651,
0.));
#10773=CARTESIAN_POINT('Ctrl Pts',(-29.2231294310532,-17.4687355074019,
0.));
#10774=CARTESIAN_POINT('Ctrl Pts',(-27.8143136429776,-12.2624337334232,
0.));
#10775=CARTESIAN_POINT('Ctrl Pts',(-26.7585691162737,-8.36091257730772,
0.));
#10776=CARTESIAN_POINT('Ctrl Pts',(-26.2070214544048,-4.18163824444221,
0.));
#10777=CARTESIAN_POINT('Ctrl Pts',(-26.2026304963712,1.2490009027033E-15,
0.));
#10778=CARTESIAN_POINT('',(-41.5931835356927,35.7607356558701,0.));
#10779=CARTESIAN_POINT('Ctrl Pts',(-41.593183535692,35.7607356558692,0.));
#10780=CARTESIAN_POINT('Ctrl Pts',(-38.9255011048108,32.8216000381886,0.));
#10781=CARTESIAN_POINT('Ctrl Pts',(-36.4861339200672,29.771269227621,0.));
#10782=CARTESIAN_POINT('Ctrl Pts',(-34.3426356101481,26.5084694067488,0.));
#10783=CARTESIAN_POINT('Ctrl Pts',(-31.5089291508882,22.1950454656651,0.));
#10784=CARTESIAN_POINT('Ctrl Pts',(-29.2231294310532,17.4687355074019,0.));
#10785=CARTESIAN_POINT('Ctrl Pts',(-27.8143136429776,12.2624337334232,0.));
#10786=CARTESIAN_POINT('Ctrl Pts',(-26.7585691162737,8.36091257730772,0.));
#10787=CARTESIAN_POINT('Ctrl Pts',(-26.2070214544048,4.18163824444221,0.));
#10788=CARTESIAN_POINT('Ctrl Pts',(-26.2026304963712,-1.2490009027033E-15,
0.));
#10789=CARTESIAN_POINT('',(-38.4510580130522,37.0368444296056,0.));
#10790=CARTESIAN_POINT('Origin',(-42.5,42.5,0.));
#10791=CARTESIAN_POINT('',(-40.3955236104713,38.9813100270248,0.));
#10792=CARTESIAN_POINT('',(-40.468494006918,39.0542804234715,0.));
#10793=CARTESIAN_POINT('',(-38.9813100270248,40.3955236104713,0.));
#10794=CARTESIAN_POINT('Origin',(-42.5,42.5,0.));
#10795=CARTESIAN_POINT('',(-37.0368444296057,38.4510580130522,0.));
#10796=CARTESIAN_POINT('',(-39.0542804234715,40.468494006918,0.));
#10797=CARTESIAN_POINT('',(-35.7607356558701,41.5931835356927,0.));
#10798=CARTESIAN_POINT('Origin',(-42.5,42.5,0.));
#10799=CARTESIAN_POINT('',(-23.0907316074999,32.2668976821709,0.));
#10800=CARTESIAN_POINT('Ctrl Pts',(-23.0907316075,32.2668976821709,0.));
#10801=CARTESIAN_POINT('Ctrl Pts',(-24.2581564750808,32.9186787936949,0.));
#10802=CARTESIAN_POINT('Ctrl Pts',(-25.3970197228634,33.6124680700716,0.));
#10803=CARTESIAN_POINT('Ctrl Pts',(-26.5084694067488,34.3426356101481,0.));
#10804=CARTESIAN_POINT('Ctrl Pts',(-29.771269227621,36.4861339200672,0.));
#10805=CARTESIAN_POINT('Ctrl Pts',(-32.8216000381886,38.9255011048108,0.));
#10806=CARTESIAN_POINT('Ctrl Pts',(-35.7607356558692,41.593183535692,0.));
#10807=CARTESIAN_POINT('',(-19.3177145998574,27.7703911083939,0.));
#10808=CARTESIAN_POINT('',(-19.8760298636555,28.4357653298255,0.));
#10809=CARTESIAN_POINT('Origin',(-18.,26.2,0.));
#10810=CARTESIAN_POINT('',(19.3177145998574,27.7703911083939,0.));
#10811=CARTESIAN_POINT('Origin',(18.,26.2,0.));
#10812=CARTESIAN_POINT('',(23.0907316074999,32.2668976821709,0.));
#10813=CARTESIAN_POINT('',(19.8760298636555,28.4357653298255,0.));
#10814=CARTESIAN_POINT('',(35.7607356558701,41.5931835356927,0.));
#10815=CARTESIAN_POINT('Ctrl Pts',(23.0907316075,32.2668976821709,0.));
#10816=CARTESIAN_POINT('Ctrl Pts',(24.2581564750808,32.9186787936949,0.));
#10817=CARTESIAN_POINT('Ctrl Pts',(25.3970197228634,33.6124680700716,0.));
#10818=CARTESIAN_POINT('Ctrl Pts',(26.5084694067488,34.3426356101481,0.));
#10819=CARTESIAN_POINT('Ctrl Pts',(29.771269227621,36.4861339200672,0.));
#10820=CARTESIAN_POINT('Ctrl Pts',(32.8216000381886,38.9255011048108,0.));
#10821=CARTESIAN_POINT('Ctrl Pts',(35.7607356558692,41.593183535692,0.));
#10822=CARTESIAN_POINT('',(37.0368444296057,38.4510580130522,0.));
#10823=CARTESIAN_POINT('Origin',(42.5,42.5,0.));
#10824=CARTESIAN_POINT('',(38.9813100270248,40.3955236104713,0.));
#10825=CARTESIAN_POINT('',(39.0542804234715,40.468494006918,0.));
#10826=CARTESIAN_POINT('',(40.3955236104713,38.9813100270248,0.));
#10827=CARTESIAN_POINT('Origin',(42.5,42.5,0.));
#10828=CARTESIAN_POINT('',(38.4510580130522,37.0368444296056,0.));
#10829=CARTESIAN_POINT('',(40.468494006918,39.0542804234715,0.));
#10830=CARTESIAN_POINT('',(41.5931835356927,35.7607356558701,0.));
#10831=CARTESIAN_POINT('Origin',(42.5,42.5,0.));
#10832=CARTESIAN_POINT('',(26.2026304963712,-1.2490009027033E-15,0.));
#10833=CARTESIAN_POINT('Ctrl Pts',(41.593183535692,35.7607356558692,0.));
#10834=CARTESIAN_POINT('Ctrl Pts',(38.9255011048108,32.8216000381886,0.));
#10835=CARTESIAN_POINT('Ctrl Pts',(36.4861339200672,29.771269227621,0.));
#10836=CARTESIAN_POINT('Ctrl Pts',(34.3426356101481,26.5084694067488,0.));
#10837=CARTESIAN_POINT('Ctrl Pts',(31.5089291508882,22.1950454656651,0.));
#10838=CARTESIAN_POINT('Ctrl Pts',(29.2231294310532,17.4687355074019,0.));
#10839=CARTESIAN_POINT('Ctrl Pts',(27.8143136429776,12.2624337334232,0.));
#10840=CARTESIAN_POINT('Ctrl Pts',(26.7585691162737,8.36091257730772,0.));
#10841=CARTESIAN_POINT('Ctrl Pts',(26.2070214544048,4.18163824444221,0.));
#10842=CARTESIAN_POINT('Ctrl Pts',(26.2026304963712,-1.2490009027033E-15,
0.));
#10843=CARTESIAN_POINT('',(41.5931835356927,-35.7607356558701,0.));
#10844=CARTESIAN_POINT('Ctrl Pts',(41.593183535692,-35.7607356558692,0.));
#10845=CARTESIAN_POINT('Ctrl Pts',(38.9255011048108,-32.8216000381886,0.));
#10846=CARTESIAN_POINT('Ctrl Pts',(36.4861339200672,-29.771269227621,0.));
#10847=CARTESIAN_POINT('Ctrl Pts',(34.3426356101481,-26.5084694067488,0.));
#10848=CARTESIAN_POINT('Ctrl Pts',(31.5089291508882,-22.1950454656651,0.));
#10849=CARTESIAN_POINT('Ctrl Pts',(29.2231294310532,-17.4687355074019,0.));
#10850=CARTESIAN_POINT('Ctrl Pts',(27.8143136429776,-12.2624337334232,0.));
#10851=CARTESIAN_POINT('Ctrl Pts',(26.7585691162737,-8.36091257730772,0.));
#10852=CARTESIAN_POINT('Ctrl Pts',(26.2070214544048,-4.18163824444221,0.));
#10853=CARTESIAN_POINT('Ctrl Pts',(26.2026304963712,1.2490009027033E-15,
0.));
#10854=CARTESIAN_POINT('',(38.4510580130522,-37.0368444296056,0.));
#10855=CARTESIAN_POINT('Origin',(42.5,-42.5,0.));
#10856=CARTESIAN_POINT('',(40.3955236104713,-38.9813100270248,0.));
#10857=CARTESIAN_POINT('',(40.468494006918,-39.0542804234715,0.));
#10858=CARTESIAN_POINT('',(38.9813100270248,-40.3955236104713,0.));
#10859=CARTESIAN_POINT('Origin',(42.5,-42.5,0.));
#10860=CARTESIAN_POINT('',(37.0368444296057,-38.4510580130522,0.));
#10861=CARTESIAN_POINT('',(39.0542804234715,-40.468494006918,0.));
#10862=CARTESIAN_POINT('',(35.7607356558701,-41.5931835356927,0.));
#10863=CARTESIAN_POINT('Origin',(42.5,-42.5,0.));
#10864=CARTESIAN_POINT('',(23.0907316074999,-32.2668976821709,0.));
#10865=CARTESIAN_POINT('Ctrl Pts',(23.0907316075,-32.2668976821709,0.));
#10866=CARTESIAN_POINT('Ctrl Pts',(24.2581564750808,-32.9186787936949,0.));
#10867=CARTESIAN_POINT('Ctrl Pts',(25.3970197228634,-33.6124680700716,0.));
#10868=CARTESIAN_POINT('Ctrl Pts',(26.5084694067488,-34.3426356101481,0.));
#10869=CARTESIAN_POINT('Ctrl Pts',(29.771269227621,-36.4861339200672,0.));
#10870=CARTESIAN_POINT('Ctrl Pts',(32.8216000381886,-38.9255011048108,0.));
#10871=CARTESIAN_POINT('Ctrl Pts',(35.7607356558692,-41.593183535692,0.));
#10872=CARTESIAN_POINT('',(19.3177145998574,-27.7703911083939,0.));
#10873=CARTESIAN_POINT('',(19.8760298636555,-28.4357653298255,0.));
#10874=CARTESIAN_POINT('Origin',(18.,-26.2,0.));
#10875=CARTESIAN_POINT('Origin',(-18.4,-12.400000000002,0.));
#10876=CARTESIAN_POINT('',(-18.4,-12.000000000002,-9.));
#10877=CARTESIAN_POINT('',(-18.4,-12.000000000002,0.));
#10878=CARTESIAN_POINT('Origin',(-18.4,-12.400000000002,-9.));
#10879=CARTESIAN_POINT('Origin',(-18.4,-12.000000000002,0.));
#10880=CARTESIAN_POINT('',(-18.6,-12.000000000002,-9.));
#10881=CARTESIAN_POINT('',(-18.6,-12.000000000002,0.));
#10882=CARTESIAN_POINT('',(-18.4,-12.000000000002,-9.));
#10883=CARTESIAN_POINT('Origin',(-18.6,-12.400000000002,0.));
#10884=CARTESIAN_POINT('',(-19.,-12.400000000002,-9.));
#10885=CARTESIAN_POINT('',(-19.,-12.400000000002,0.));
#10886=CARTESIAN_POINT('Origin',(-18.6,-12.400000000002,-9.));
#10887=CARTESIAN_POINT('Origin',(-19.,-12.400000000002,0.));
#10888=CARTESIAN_POINT('',(-19.,-13.100000000005,-9.));
#10889=CARTESIAN_POINT('',(-19.,-13.100000000005,0.));
#10890=CARTESIAN_POINT('',(-19.,-12.400000000002,-9.));
#10891=CARTESIAN_POINT('Origin',(-19.4,-13.100000000005,0.));
#10892=CARTESIAN_POINT('',(-19.4,-13.500000000005,-9.));
#10893=CARTESIAN_POINT('',(-19.4,-13.500000000005,0.));
#10894=CARTESIAN_POINT('Origin',(-19.4,-13.100000000005,-9.));
#10895=CARTESIAN_POINT('Origin',(-19.4,-13.500000000005,0.));
#10896=CARTESIAN_POINT('',(-19.6,-13.500000000005,-9.));
#10897=CARTESIAN_POINT('',(-19.6,-13.500000000005,0.));
#10898=CARTESIAN_POINT('',(-19.4,-13.500000000005,-9.));
#10899=CARTESIAN_POINT('Origin',(-19.6,-13.100000000005,0.));
#10900=CARTESIAN_POINT('',(-20.,-13.100000000005,-9.));
#10901=CARTESIAN_POINT('',(-20.,-13.100000000005,0.));
#10902=CARTESIAN_POINT('Origin',(-19.6,-13.100000000005,-9.));
#10903=CARTESIAN_POINT('Origin',(19.,12.400000000002,0.));
#10904=CARTESIAN_POINT('',(19.,12.400000000002,-9.));
#10905=CARTESIAN_POINT('',(19.,12.400000000002,-9.));
#10906=CARTESIAN_POINT('',(19.,12.400000000002,0.));
#10907=CARTESIAN_POINT('Origin',(18.6,12.400000000002,0.));
#10908=CARTESIAN_POINT('',(18.6,12.000000000002,-9.));
#10909=CARTESIAN_POINT('Origin',(18.6,12.400000000002,-9.));
#10910=CARTESIAN_POINT('',(18.6,12.000000000002,0.));
#10911=CARTESIAN_POINT('Origin',(18.4,12.000000000002,0.));
#10912=CARTESIAN_POINT('',(18.4,12.000000000002,-9.));
#10913=CARTESIAN_POINT('',(18.4,12.000000000002,-9.));
#10914=CARTESIAN_POINT('',(18.4,12.000000000002,0.));
#10915=CARTESIAN_POINT('Origin',(18.4,12.400000000002,0.));
#10916=CARTESIAN_POINT('Origin',(18.4,12.400000000002,-9.));
#10917=CARTESIAN_POINT('Origin',(18.4,-12.400000000002,0.));
#10918=CARTESIAN_POINT('',(18.4,-12.000000000002,-9.));
#10919=CARTESIAN_POINT('Origin',(18.4,-12.400000000002,-9.));
#10920=CARTESIAN_POINT('',(18.4,-12.000000000002,0.));
#10921=CARTESIAN_POINT('Origin',(18.6,-12.000000000002,0.));
#10922=CARTESIAN_POINT('',(18.6,-12.000000000002,-9.));
#10923=CARTESIAN_POINT('',(18.4,-12.000000000002,-9.));
#10924=CARTESIAN_POINT('',(18.6,-12.000000000002,0.));
#10925=CARTESIAN_POINT('Origin',(18.6,-12.400000000002,0.));
#10926=CARTESIAN_POINT('Origin',(18.6,-12.400000000002,-9.));
#10927=CARTESIAN_POINT('Origin',(18.9999999999975,2.22044604925031E-15,
-9.));
#10928=CARTESIAN_POINT('Origin',(-18.4,12.400000000002,0.));
#10929=CARTESIAN_POINT('',(-18.4,12.000000000002,-9.));
#10930=CARTESIAN_POINT('Origin',(-18.4,12.400000000002,-9.));
#10931=CARTESIAN_POINT('',(-18.4,12.000000000002,0.));
#10932=CARTESIAN_POINT('Origin',(-18.6,12.000000000002,0.));
#10933=CARTESIAN_POINT('',(-18.6,12.000000000002,-9.));
#10934=CARTESIAN_POINT('',(-18.4,12.000000000002,-9.));
#10935=CARTESIAN_POINT('',(-18.6,12.000000000002,0.));
#10936=CARTESIAN_POINT('Origin',(-18.6,12.400000000002,0.));
#10937=CARTESIAN_POINT('',(-19.,12.400000000002,-9.));
#10938=CARTESIAN_POINT('Origin',(-18.6,12.400000000002,-9.));
#10939=CARTESIAN_POINT('',(-19.,12.400000000002,0.));
#10940=CARTESIAN_POINT('Origin',(-19.,13.100000000005,0.));
#10941=CARTESIAN_POINT('',(-19.,13.100000000005,-9.));
#10942=CARTESIAN_POINT('',(-19.,12.400000000002,-9.));
#10943=CARTESIAN_POINT('',(-19.,13.100000000005,0.));
#10944=CARTESIAN_POINT('Origin',(-19.4,13.100000000005,0.));
#10945=CARTESIAN_POINT('',(-19.4,13.500000000005,-9.));
#10946=CARTESIAN_POINT('Origin',(-19.4,13.100000000005,-9.));
#10947=CARTESIAN_POINT('',(-19.4,13.500000000005,0.));
#10948=CARTESIAN_POINT('Origin',(-19.6,13.500000000005,0.));
#10949=CARTESIAN_POINT('',(-19.6,13.500000000005,-9.));
#10950=CARTESIAN_POINT('',(-19.4,13.500000000005,-9.));
#10951=CARTESIAN_POINT('',(-19.6,13.500000000005,0.));
#10952=CARTESIAN_POINT('Origin',(-19.6,13.100000000005,0.));
#10953=CARTESIAN_POINT('',(-20.,13.100000000005,-9.));
#10954=CARTESIAN_POINT('Origin',(-19.6,13.100000000005,-9.));
#10955=CARTESIAN_POINT('',(-20.,13.100000000005,0.));
#10956=CARTESIAN_POINT('Origin',(-20.0000000000001,-13.100000000005,0.));
#10957=CARTESIAN_POINT('',(-20.,13.100000000005,-9.));
#10958=CARTESIAN_POINT('Origin',(-19.,0.,-9.));
#10959=CARTESIAN_POINT('Ctrl Pts',(-45.1085361162427,-46.3041622559654,
-22.4949747468306));
#10960=CARTESIAN_POINT('Ctrl Pts',(-44.561057922821,-46.6940685495309,-22.3835545879179));
#10961=CARTESIAN_POINT('Ctrl Pts',(-43.311068067146,-47.250722335457,-21.8932919513571));
#10962=CARTESIAN_POINT('Ctrl Pts',(-40.5671045437265,-47.3343448525253,
-20.0121467854975));
#10963=CARTESIAN_POINT('Ctrl Pts',(-37.5018479107175,-45.3866031472989,
-16.4674216664544));
#10964=CARTESIAN_POINT('Ctrl Pts',(-36.7353625872401,-41.8340989711498,
-13.413434903395));
#10965=CARTESIAN_POINT('Ctrl Pts',(-37.5111112647559,-39.9268332064238,
-12.6133314980002));
#10966=CARTESIAN_POINT('Ctrl Pts',(-37.8782968639831,-39.3638642678894,
-12.4748917711328));
#10967=CARTESIAN_POINT('Ctrl Pts',(-45.1589619035832,-46.405665944674,-22.602405109607));
#10968=CARTESIAN_POINT('Ctrl Pts',(-44.5882911829697,-46.8108500276444,
-22.4853558808705));
#10969=CARTESIAN_POINT('Ctrl Pts',(-43.2915145275341,-47.3810568539021,
-21.9716466281378));
#10970=CARTESIAN_POINT('Ctrl Pts',(-40.4963159290419,-47.4441716875976,
-20.039560749236));
#10971=CARTESIAN_POINT('Ctrl Pts',(-37.4229887347184,-45.4471379297205,
-16.4543701038927));
#10972=CARTESIAN_POINT('Ctrl Pts',(-36.674977927853,-41.8503070323393,-13.382124656475));
#10973=CARTESIAN_POINT('Ctrl Pts',(-37.4681416003295,-39.919306903103,-12.5776265693635));
#10974=CARTESIAN_POINT('Ctrl Pts',(-37.8416788322324,-39.3489427949779,
-12.4384478378871));
#10975=CARTESIAN_POINT('Ctrl Pts',(-45.3139818718825,-46.6627410573525,
-22.7403079120581));
#10976=CARTESIAN_POINT('Ctrl Pts',(-44.6958480134581,-47.0974122320624,
-22.6135204972965));
#10977=CARTESIAN_POINT('Ctrl Pts',(-43.3011552357917,-47.6903624704392,
-22.0592390913018));
#10978=CARTESIAN_POINT('Ctrl Pts',(-40.3898516919842,-47.6988725024692,
-20.0445657479443));
#10979=CARTESIAN_POINT('Ctrl Pts',(-37.283991392362,-45.5868739057623,-16.4017814130763));
#10980=CARTESIAN_POINT('Ctrl Pts',(-36.5631920027261,-41.8916832329506,
-13.306782116435));
#10981=CARTESIAN_POINT('Ctrl Pts',(-37.3888393844723,-39.9108912954255,
-12.4968319707001));
#10982=CARTESIAN_POINT('Ctrl Pts',(-37.7746668308161,-39.325323421117,-12.3567598114799));
#10983=CARTESIAN_POINT('Ctrl Pts',(-45.5841372354015,-47.0125437138518,
-22.6369701211244));
#10984=CARTESIAN_POINT('Ctrl Pts',(-44.9277199645831,-47.4701332671529,
-22.5080134268198));
#10985=CARTESIAN_POINT('Ctrl Pts',(-43.447133300218,-48.0832741148215,-21.94502378629));
#10986=CARTESIAN_POINT('Ctrl Pts',(-40.3885931352711,-48.0502250667322,
-19.9163724287051));
#10987=CARTESIAN_POINT('Ctrl Pts',(-37.1739530406952,-45.8090451239208,
-16.2700597883287));
#10988=CARTESIAN_POINT('Ctrl Pts',(-36.4453792428056,-41.9702637413274,
-13.1758343370682));
#10989=CARTESIAN_POINT('Ctrl Pts',(-37.3041390761478,-39.9182969477066,
-12.3661941308089));
#10990=CARTESIAN_POINT('Ctrl Pts',(-37.7045192156411,-39.3116843049179,
-12.2261701624512));
#10991=CARTESIAN_POINT('Ctrl Pts',(-45.7828975552769,-47.2085465140678,
-22.3462308527126));
#10992=CARTESIAN_POINT('Ctrl Pts',(-45.1277765055752,-47.6672155811713,
-22.2243921261326));
#10993=CARTESIAN_POINT('Ctrl Pts',(-43.6422622969733,-48.2933545293895,
-21.6908312550796));
#10994=CARTESIAN_POINT('Ctrl Pts',(-40.5078029346566,-48.2926470777611,
-19.7230136104424));
#10995=CARTESIAN_POINT('Ctrl Pts',(-37.154190596805,-46.0134217334712,-16.1198465500625));
#10996=CARTESIAN_POINT('Ctrl Pts',(-36.3730704006376,-42.0552459349307,
-13.0432318188615));
#10997=CARTESIAN_POINT('Ctrl Pts',(-37.2502389417412,-39.9398398055585,
-12.2377450248538));
#10998=CARTESIAN_POINT('Ctrl Pts',(-37.6611772604836,-39.3148305275522,
-12.0984194958383));
#10999=CARTESIAN_POINT('Ctrl Pts',(-45.8490077971502,-47.2354528461915,
-22.1155457791449));
#11000=CARTESIAN_POINT('Ctrl Pts',(-45.2130876453365,-47.6852329321955,
-22.0006137805593));
#11001=CARTESIAN_POINT('Ctrl Pts',(-43.7645897045016,-48.3166409883208,
-21.4959010822197));
#11002=CARTESIAN_POINT('Ctrl Pts',(-40.6302638152792,-48.3746050286216,
-19.5856594886892));
#11003=CARTESIAN_POINT('Ctrl Pts',(-37.1865939760677,-46.1279337121289,
-16.0215306724997));
#11004=CARTESIAN_POINT('Ctrl Pts',(-36.3491109092047,-42.1115980658642,
-12.9600078371066));
#11005=CARTESIAN_POINT('Ctrl Pts',(-37.2307628527353,-39.9599741006597,
-12.1581541770336));
#11006=CARTESIAN_POINT('Ctrl Pts',(-37.6464294892733,-39.3246386827149,
-12.019418647184));
#11007=CARTESIAN_POINT('Ctrl Pts',(-45.8646097008251,-47.2243413891371,
-22.));
#11008=CARTESIAN_POINT('Ctrl Pts',(-45.2419874416396,-47.6677642327999,
-21.8885798410873));
#11009=CARTESIAN_POINT('Ctrl Pts',(-43.820430350872,-48.3008214795393,-21.3983172045266));
#11010=CARTESIAN_POINT('Ctrl Pts',(-40.6998443830614,-48.3959215969896,
-19.5171720386669));
#11011=CARTESIAN_POINT('Ctrl Pts',(-37.2138662514043,-46.1808427949674,
-15.9724469196238));
#11012=CARTESIAN_POINT('Ctrl Pts',(-36.3421770599986,-42.1407400064056,
-12.9184601565644));
#11013=CARTESIAN_POINT('Ctrl Pts',(-37.224401046193,-39.971692666129,-12.1183567511697));
#11014=CARTESIAN_POINT('Ctrl Pts',(-37.6419846688435,-39.3314534811291,
-11.9799170243022));
#11015=CARTESIAN_POINT('',(-37.6419846688435,-39.3314534811291,-11.9799170243022));
#11016=CARTESIAN_POINT('',(-45.864609700825,-47.2243413891371,-22.));
#11017=CARTESIAN_POINT('Origin',(-42.5,-42.5,-16.9705627484771));
#11018=CARTESIAN_POINT('',(-43.7057962797209,-47.0069020924872,-22.));
#11019=CARTESIAN_POINT('Ctrl Pts',(-45.8646097008251,-47.2243413891371,
-22.));
#11020=CARTESIAN_POINT('Ctrl Pts',(-45.6194699184237,-47.3989265052386,
-22.));
#11021=CARTESIAN_POINT('Ctrl Pts',(-45.3549701979084,-47.5535987111095,
-22.0000000000001));
#11022=CARTESIAN_POINT('Ctrl Pts',(-44.7406363577265,-47.8069520486745,
-22.0000000000001));
#11023=CARTESIAN_POINT('Ctrl Pts',(-44.4401387527621,-47.8635748999255,
-22.));
#11024=CARTESIAN_POINT('Ctrl Pts',(-44.0294290179624,-47.8621598641953,
-22.));
#11025=CARTESIAN_POINT('Ctrl Pts',(-43.8884176375219,-47.8361890269509,
-22.));
#11026=CARTESIAN_POINT('Ctrl Pts',(-43.7008229214774,-47.7606667355615,
-22.));
#11027=CARTESIAN_POINT('Ctrl Pts',(-43.6384297137796,-47.7217141240143,
-22.));
#11028=CARTESIAN_POINT('Ctrl Pts',(-43.5557518257705,-47.6422789006569,
-22.));
#11029=CARTESIAN_POINT('Ctrl Pts',(-43.5269787035084,-47.6034328427333,
-22.0000000000389));
#11030=CARTESIAN_POINT('Ctrl Pts',(-43.490743961685,-47.5205557355771,-22.0000000000389));
#11031=CARTESIAN_POINT('Ctrl Pts',(-43.4819239681864,-47.4798384596106,
-22.));
#11032=CARTESIAN_POINT('Ctrl Pts',(-43.4800415271366,-47.391503396593,-22.));
#11033=CARTESIAN_POINT('Ctrl Pts',(-43.4885955493874,-47.3459964370576,
-21.9999999999996));
#11034=CARTESIAN_POINT('Ctrl Pts',(-43.5212424960189,-47.2512965677882,
-21.9999999999996));
#11035=CARTESIAN_POINT('Ctrl Pts',(-43.5476040630791,-47.2029317921857,
-21.9999999999981));
#11036=CARTESIAN_POINT('Ctrl Pts',(-43.6149710464506,-47.1041186326843,
-21.9999999999981));
#11037=CARTESIAN_POINT('Ctrl Pts',(-43.6594004628173,-47.0532979093908,
-22.));
#11038=CARTESIAN_POINT('Ctrl Pts',(-43.7057962797209,-47.0069020924872,
-22.));
#11039=CARTESIAN_POINT('',(-37.5479184651714,-39.9520815422791,-12.6572113885075));
#11040=CARTESIAN_POINT('Origin',(-42.15,-42.15,-17.4655374953077));
#11041=CARTESIAN_POINT('Ctrl Pts',(-37.5470696712546,-39.9520374143911,
-12.6565799974442));
#11042=CARTESIAN_POINT('Ctrl Pts',(-37.5469802052691,-39.9506585535377,
-12.6555416311846));
#11043=CARTESIAN_POINT('Ctrl Pts',(-37.5468920123814,-39.9492804223246,
-12.6545021636792));
#11044=CARTESIAN_POINT('Ctrl Pts',(-37.5468050947995,-39.9479030300346,
-12.6534615976746));
#11045=CARTESIAN_POINT('Ctrl Pts',(-37.5442133669561,-39.9068316395306,
-12.6224337684697));
#11046=CARTESIAN_POINT('Ctrl Pts',(-37.5427484665454,-39.8662142467759,
-12.590283396955));
#11047=CARTESIAN_POINT('Ctrl Pts',(-37.5424954962399,-39.8263636873159,
-12.5570667983194));
#11048=CARTESIAN_POINT('Ctrl Pts',(-37.5422608411959,-39.7893983416534,
-12.5262551091754));
#11049=CARTESIAN_POINT('Ctrl Pts',(-37.5430686465015,-39.7530927743794,
-12.4945256399056));
#11050=CARTESIAN_POINT('Ctrl Pts',(-37.5449930903523,-39.7177363203495,
-12.4619211264804));
#11051=CARTESIAN_POINT('Ctrl Pts',(-37.5469476989718,-39.6818256702294,
-12.4288055523632));
#11052=CARTESIAN_POINT('Ctrl Pts',(-37.5500540793294,-39.6468939704852,
-12.3947864611568));
#11053=CARTESIAN_POINT('Ctrl Pts',(-37.5543684632048,-39.6132644174008,
-12.3599405453475));
#11054=CARTESIAN_POINT('Ctrl Pts',(-37.5562218038785,-39.5988180861591,
-12.3449716981274));
#11055=CARTESIAN_POINT('Ctrl Pts',(-37.5582982128788,-39.5846126263327,
-12.3298504176805));
#11056=CARTESIAN_POINT('Ctrl Pts',(-37.5606029757406,-39.5706764327978,
-12.3145836622397));
#11057=CARTESIAN_POINT('Ctrl Pts',(-37.5630639023548,-39.5557959649906,
-12.298282477681));
#11058=CARTESIAN_POINT('Ctrl Pts',(-37.565755244955,-39.5414021940377,-12.2820120158144));
#11059=CARTESIAN_POINT('Ctrl Pts',(-37.5686654249822,-39.5275007433219,
-12.2657804798248));
#11060=CARTESIAN_POINT('Ctrl Pts',(-37.5753457619774,-39.4955898736722,
-12.2285208844222));
#11061=CARTESIAN_POINT('Ctrl Pts',(-37.5831759225337,-39.4662717431426,
-12.1914669144995));
#11062=CARTESIAN_POINT('Ctrl Pts',(-37.5920030833458,-39.4395991205354,
-12.154728978691));
#11063=CARTESIAN_POINT('Ctrl Pts',(-37.5947297610322,-39.4313600449764,
-12.1433807647014));
#11064=CARTESIAN_POINT('Ctrl Pts',(-37.5975519096697,-39.4233735522872,
-12.132062653883));
#11065=CARTESIAN_POINT('Ctrl Pts',(-37.6004659337535,-39.4156415938388,
-12.1207778281364));
#11066=CARTESIAN_POINT('Ctrl Pts',(-37.6099054470683,-39.3905951554346,
-12.0842224463594));
#11067=CARTESIAN_POINT('Ctrl Pts',(-37.6203053203178,-39.3682184937797,
-12.0480156897684));
#11068=CARTESIAN_POINT('Ctrl Pts',(-37.6315415030941,-39.348566118356,-12.0122751363476));
#11069=CARTESIAN_POINT('Ctrl Pts',(-37.6349462852986,-39.3426110658751,
-12.0014450526183));
#11070=CARTESIAN_POINT('Ctrl Pts',(-37.6384281973826,-39.336906262958,-11.9906578453959));
#11071=CARTESIAN_POINT('Ctrl Pts',(-37.6419846688435,-39.3314534811291,
-11.9799170243022));
#11072=CARTESIAN_POINT('Origin',(-38.3450226661332,-40.7491857432409,-12.794537466471));
#11073=CARTESIAN_POINT('',(-38.6597372745926,-41.0639003517003,-14.2295606276925));
#11074=CARTESIAN_POINT('',(-37.9950226661332,-40.3991857432408,-13.2895122133016));
#11075=CARTESIAN_POINT('',(-38.9813100270248,-40.3955236104713,-12.9943836818105));
#11076=CARTESIAN_POINT('Ctrl Pts',(-38.6597372745926,-41.0639003517003,
-14.2295606276924));
#11077=CARTESIAN_POINT('Ctrl Pts',(-38.6954205479043,-40.9684799924086,
-14.1873201291077));
#11078=CARTESIAN_POINT('Ctrl Pts',(-38.7383569155,-40.8669903610585,-14.1140366517843));
#11079=CARTESIAN_POINT('Ctrl Pts',(-38.8085639825481,-40.7137058540676,
-13.9612744012935));
#11080=CARTESIAN_POINT('Ctrl Pts',(-38.8483321692839,-40.6347847418808,
-13.8518268008375));
#11081=CARTESIAN_POINT('Ctrl Pts',(-38.907408485122,-40.5232461702534,-13.6441154965471));
#11082=CARTESIAN_POINT('Ctrl Pts',(-38.9348271999047,-40.4749315901915,
-13.5183710414908));
#11083=CARTESIAN_POINT('Ctrl Pts',(-38.9718191296954,-40.4111489032278,
-13.2564047332761));
#11084=CARTESIAN_POINT('Ctrl Pts',(-38.9813100270248,-40.3955236104713,
-13.1202095579574));
#11085=CARTESIAN_POINT('Ctrl Pts',(-38.9813100270248,-40.3955236104713,
-12.9943836818105));
#11086=CARTESIAN_POINT('',(-37.7530912347762,-39.1673048182227,-11.2574200082511));
#11087=CARTESIAN_POINT('',(-38.8399974129638,-40.2542109964103,-12.794537466471));
#11088=CARTESIAN_POINT('Ctrl Pts',(-37.7530912347762,-39.1673048182227,
-11.2574200082511));
#11089=CARTESIAN_POINT('Ctrl Pts',(-37.7530912347762,-39.1673048182227,
-11.3805299213425));
#11090=CARTESIAN_POINT('Ctrl Pts',(-37.7431037314664,-39.1813827309463,
-11.513956097819));
#11091=CARTESIAN_POINT('Ctrl Pts',(-37.7035907509724,-39.2387724760351,
-11.7631643615891));
#11092=CARTESIAN_POINT('Ctrl Pts',(-37.6752228253505,-39.2804927415823,
-11.8795352002255));
#11093=CARTESIAN_POINT('Ctrl Pts',(-37.6419846688435,-39.3314534811291,
-11.9799170243022));
#11094=CARTESIAN_POINT('Origin',(-43.65,-43.65,-19.5868578388674));
#11095=CARTESIAN_POINT('',(-44.8600938818073,-45.8526044904009,-22.));
#11096=CARTESIAN_POINT('',(-45.3563491861041,-45.3563491861041,-22.));
#11097=CARTESIAN_POINT('Origin',(-42.5,-42.5,-17.9605122421383));
#11098=CARTESIAN_POINT('Origin',(-42.5,-42.5,-22.));
#11099=CARTESIAN_POINT('',(-47.2243413891371,-45.864609700825,-22.));
#11100=CARTESIAN_POINT('Origin',(-42.5,-42.5,-22.));
#11101=CARTESIAN_POINT('',(-47.0069020924872,-43.7057962797209,-22.));
#11102=CARTESIAN_POINT('Ctrl Pts',(-47.0069020924872,-43.7057962797209,
-22.));
#11103=CARTESIAN_POINT('Ctrl Pts',(-47.075814955083,-43.6368834171251,-22.));
#11104=CARTESIAN_POINT('Ctrl Pts',(-47.15616836403,-43.570630446183,-22.));
#11105=CARTESIAN_POINT('Ctrl Pts',(-47.2950457679664,-43.503075626828,-22.));
#11106=CARTESIAN_POINT('Ctrl Pts',(-47.3500093908542,-43.4856523205454,
-22.));
#11107=CARTESIAN_POINT('Ctrl Pts',(-47.4501338144993,-43.4787980980751,
-22.));
#11108=CARTESIAN_POINT('Ctrl Pts',(-47.4927772014459,-43.4838646324437,
-22.0000000000025));
#11109=CARTESIAN_POINT('Ctrl Pts',(-47.5744326986775,-43.511590429648,-22.0000000000025));
#11110=CARTESIAN_POINT('Ctrl Pts',(-47.611175598264,-43.5332257145585,-22.));
#11111=CARTESIAN_POINT('Ctrl Pts',(-47.6860829438301,-43.5961995106191,
-22.));
#11112=CARTESIAN_POINT('Ctrl Pts',(-47.7205089068067,-43.6403555004891,
-22.));
#11113=CARTESIAN_POINT('Ctrl Pts',(-47.7885715167085,-43.7574062576245,
-22.));
#11114=CARTESIAN_POINT('Ctrl Pts',(-47.8195924872165,-43.8425325816237,
-21.9999999999933));
#11115=CARTESIAN_POINT('Ctrl Pts',(-47.8677513628612,-44.0862322268939,
-21.9999999999933));
#11116=CARTESIAN_POINT('Ctrl Pts',(-47.8717217813065,-44.2606291242712,
-22.));
#11117=CARTESIAN_POINT('Ctrl Pts',(-47.8152912544292,-44.6536932883964,
-22.));
#11118=CARTESIAN_POINT('Ctrl Pts',(-47.7588647985617,-44.8484634576307,
-22.));
#11119=CARTESIAN_POINT('Ctrl Pts',(-47.5698594045265,-45.3270572119735,
-22.));
#11120=CARTESIAN_POINT('Ctrl Pts',(-47.4080604085098,-45.6066447526229,
-22.));
#11121=CARTESIAN_POINT('Ctrl Pts',(-47.2243413891371,-45.8646097008251,
-22.));
#11122=CARTESIAN_POINT('',(-45.8526044904009,-44.8600938818073,-22.));
#11123=CARTESIAN_POINT('',(-45.3563491861041,-45.3563491861041,-22.));
#11124=CARTESIAN_POINT('Origin',(-42.5,-42.5,-22.));
#11125=CARTESIAN_POINT('Ctrl Pts',(-39.3638642678894,-37.8782968639831,
-12.4748917711328));
#11126=CARTESIAN_POINT('Ctrl Pts',(-40.4898021449581,-37.1439256655288,
-12.7517712248677));
#11127=CARTESIAN_POINT('Ctrl Pts',(-43.3456382824048,-36.617509916126,-14.3989201774878));
#11128=CARTESIAN_POINT('Ctrl Pts',(-46.9284017774327,-39.1083312612637,
-18.6935932040807));
#11129=CARTESIAN_POINT('Ctrl Pts',(-47.5468158228289,-42.6864606255444,
-21.6609975066069));
#11130=CARTESIAN_POINT('Ctrl Pts',(-46.6940685495309,-44.561057922821,-22.3835545879179));
#11131=CARTESIAN_POINT('Ctrl Pts',(-46.3041622559654,-45.1085361162427,
-22.4949747468306));
#11132=CARTESIAN_POINT('Ctrl Pts',(-39.3489427949778,-37.8416788322324,
-12.4384478378871));
#11133=CARTESIAN_POINT('Ctrl Pts',(-40.4896710112282,-37.0946043684266,
-12.71680530084));
#11134=CARTESIAN_POINT('Ctrl Pts',(-43.3792167443697,-36.5473810592951,
-14.3729759682318));
#11135=CARTESIAN_POINT('Ctrl Pts',(-47.0174872961402,-39.0278363425701,
-18.699507732867));
#11136=CARTESIAN_POINT('Ctrl Pts',(-47.6816137644907,-42.64343913945,-21.7258651557504));
#11137=CARTESIAN_POINT('Ctrl Pts',(-46.8108500276444,-44.5882911829697,
-22.4853558808705));
#11138=CARTESIAN_POINT('Ctrl Pts',(-46.405665944674,-45.1589619035832,-22.602405109607));
#11139=CARTESIAN_POINT('Ctrl Pts',(-39.325323421117,-37.7746668308161,-12.3567598114799));
#11140=CARTESIAN_POINT('Ctrl Pts',(-40.4964591697339,-37.0030119381286,
-12.6369041299203));
#11141=CARTESIAN_POINT('Ctrl Pts',(-43.4581218044086,-36.4189196056236,
-14.3043976847318));
#11142=CARTESIAN_POINT('Ctrl Pts',(-47.2232393569738,-38.8944775442734,
-18.6721649551708));
#11143=CARTESIAN_POINT('Ctrl Pts',(-47.9973225635718,-42.6035966627924,
-21.7900937811338));
#11144=CARTESIAN_POINT('Ctrl Pts',(-47.0974122320624,-44.6958480134581,
-22.6135204972965));
#11145=CARTESIAN_POINT('Ctrl Pts',(-46.6627410573525,-45.3139818718825,
-22.7403079120581));
#11146=CARTESIAN_POINT('Ctrl Pts',(-39.3116843049179,-37.7045192156411,
-12.2261701624512));
#11147=CARTESIAN_POINT('Ctrl Pts',(-40.5249095904952,-36.9037589366544,
-12.5062180991666));
#11148=CARTESIAN_POINT('Ctrl Pts',(-43.5927188205735,-36.2904600075608,
-14.1733172862565));
#11149=CARTESIAN_POINT('Ctrl Pts',(-47.5290481790659,-38.8331553270799,
-18.5406152017969));
#11150=CARTESIAN_POINT('Ctrl Pts',(-48.3984865754726,-42.7052501835972,
-21.6707519182352));
#11151=CARTESIAN_POINT('Ctrl Pts',(-47.4701332671529,-44.9277199645831,
-22.5080134268198));
#11152=CARTESIAN_POINT('Ctrl Pts',(-47.0125437138518,-45.5841372354015,
-22.6369701211244));
#11153=CARTESIAN_POINT('Ctrl Pts',(-39.3148305275522,-37.6611772604836,
-12.0984194958383));
#11154=CARTESIAN_POINT('Ctrl Pts',(-40.5648490835647,-36.8393006229989,
-12.3770705538693));
#11155=CARTESIAN_POINT('Ctrl Pts',(-43.7293455203599,-36.2215366810754,
-14.0355011460304));
#11156=CARTESIAN_POINT('Ctrl Pts',(-47.7762978331862,-38.8912481823355,
-18.3712501552332));
#11157=CARTESIAN_POINT('Ctrl Pts',(-48.6193226377296,-42.89761485813,-21.4335915597701));
#11158=CARTESIAN_POINT('Ctrl Pts',(-47.6672155811713,-45.1277765055752,
-22.2243921261326));
#11159=CARTESIAN_POINT('Ctrl Pts',(-47.2085465140678,-45.7828975552769,
-22.3462308527126));
#11160=CARTESIAN_POINT('Ctrl Pts',(-39.3246386827149,-37.6464294892733,
-12.019418647184));
#11161=CARTESIAN_POINT('Ctrl Pts',(-40.5953095186046,-36.8150962161972,
-12.2968897068832));
#11162=CARTESIAN_POINT('Ctrl Pts',(-43.8159614417846,-36.207700752312,-13.947745924534));
#11163=CARTESIAN_POINT('Ctrl Pts',(-47.8900396672193,-38.9828115970214,
-18.2560562098922));
#11164=CARTESIAN_POINT('Ctrl Pts',(-48.6500314064365,-43.039624646712,-21.255222040279));
#11165=CARTESIAN_POINT('Ctrl Pts',(-47.6852329321955,-45.2130876453366,
-22.0006137805593));
#11166=CARTESIAN_POINT('Ctrl Pts',(-47.2354528461915,-45.8490077971502,
-22.1155457791449));
#11167=CARTESIAN_POINT('Ctrl Pts',(-39.3314534811291,-37.6419846688435,
-11.9799170243022));
#11168=CARTESIAN_POINT('Ctrl Pts',(-40.6119318511288,-36.8068174235425,
-12.2567964780371));
#11169=CARTESIAN_POINT('Ctrl Pts',(-43.8597454976368,-36.2081485320649,
-13.9039454306572));
#11170=CARTESIAN_POINT('Ctrl Pts',(-47.9342608449234,-39.0408473167313,
-18.1986184572501));
#11171=CARTESIAN_POINT('Ctrl Pts',(-48.6375552494917,-43.1100924761093,
-21.1660227597763));
#11172=CARTESIAN_POINT('Ctrl Pts',(-47.6677642327999,-45.2419874416396,
-21.8885798410873));
#11173=CARTESIAN_POINT('Ctrl Pts',(-47.2243413891371,-45.8646097008251,
-22.));
#11174=CARTESIAN_POINT('',(-39.9520815422791,-37.5479184651715,-12.6572113885075));
#11175=CARTESIAN_POINT('Origin',(-42.15,-42.15,-17.4655374953077));
#11176=CARTESIAN_POINT('',(-39.3314534811291,-37.6419846688435,-11.9799170243022));
#11177=CARTESIAN_POINT('Origin',(-42.5,-42.5,-16.9705627484771));
#11178=CARTESIAN_POINT('Ctrl Pts',(-39.3314534811291,-37.6419846688435,
-11.9799170243022));
#11179=CARTESIAN_POINT('Ctrl Pts',(-39.3493412704681,-37.6303177042959,
-12.0151521668553));
#11180=CARTESIAN_POINT('Ctrl Pts',(-39.369944228816,-37.6194630177563,-12.0508963965593));
#11181=CARTESIAN_POINT('Ctrl Pts',(-39.3932056444658,-37.6095313077853,
-12.0870356321841));
#11182=CARTESIAN_POINT('Ctrl Pts',(-39.4004356703564,-37.606444370975,-12.0982682937368));
#11183=CARTESIAN_POINT('Ctrl Pts',(-39.4079226204608,-37.6034469553953,
-12.1095392070933));
#11184=CARTESIAN_POINT('Ctrl Pts',(-39.4156650810073,-37.6005433486415,
-12.1208451300049));
#11185=CARTESIAN_POINT('Ctrl Pts',(-39.4407233879562,-37.5911458878655,
-12.1574365062163));
#11186=CARTESIAN_POINT('Ctrl Pts',(-39.4684565618353,-37.5827275184771,
-12.1943948736143));
#11187=CARTESIAN_POINT('Ctrl Pts',(-39.4988065424379,-37.5754313638076,
-12.2316159576868));
#11188=CARTESIAN_POINT('Ctrl Pts',(-39.508158244494,-37.5731832086764,-12.2430848443727));
#11189=CARTESIAN_POINT('Ctrl Pts',(-39.5177585448304,-37.571041937357,-12.2545786383282));
#11190=CARTESIAN_POINT('Ctrl Pts',(-39.5276061718519,-37.5690126325752,
-12.2660941175767));
#11191=CARTESIAN_POINT('Ctrl Pts',(-39.5415206227819,-37.5661452756223,
-12.282365202031));
#11192=CARTESIAN_POINT('Ctrl Pts',(-39.5559288196497,-37.5635014091588,
-12.2986796130405));
#11193=CARTESIAN_POINT('Ctrl Pts',(-39.570825261285,-37.5610929388503,-12.3150294323968));
#11194=CARTESIAN_POINT('Ctrl Pts',(-39.6035331012773,-37.5558047053644,
-12.3509284268345));
#11195=CARTESIAN_POINT('Ctrl Pts',(-39.6377240230464,-37.5517916398931,
-12.3860464846366));
#11196=CARTESIAN_POINT('Ctrl Pts',(-39.6730468021774,-37.5489887426499,
-12.4202976756106));
#11197=CARTESIAN_POINT('Ctrl Pts',(-39.6878638507672,-37.5478129952804,
-12.4346652189751));
#11198=CARTESIAN_POINT('Ctrl Pts',(-39.7028806732785,-37.5468503521009,
-12.4488804185992));
#11199=CARTESIAN_POINT('Ctrl Pts',(-39.7180738668432,-37.5460965935389,
-12.4629375568335));
#11200=CARTESIAN_POINT('Ctrl Pts',(-39.7562943680023,-37.5442004135243,
-12.4983001595604));
#11201=CARTESIAN_POINT('Ctrl Pts',(-39.7956269572018,-37.54362530389,-12.5326626706336));
#11202=CARTESIAN_POINT('Ctrl Pts',(-39.835709125617,-37.5442742639416,-12.5659670826974));
#11203=CARTESIAN_POINT('Ctrl Pts',(-39.8727920112958,-37.5448746633798,
-12.5967793803847));
#11204=CARTESIAN_POINT('Ctrl Pts',(-39.9105175624268,-37.5465232498745,
-12.6266862520728));
#11205=CARTESIAN_POINT('Ctrl Pts',(-39.9486377857814,-37.5491485370823,
-12.6556383664118));
#11206=CARTESIAN_POINT('Ctrl Pts',(-39.9500178652226,-37.54924358125,-12.6566865296769));
#11207=CARTESIAN_POINT('Ctrl Pts',(-39.9513986901305,-37.5493399147436,
-12.657733606865));
#11208=CARTESIAN_POINT('Ctrl Pts',(-39.9527802510645,-37.5494375351673,
-12.6587795949229));
#11209=CARTESIAN_POINT('Origin',(-40.2630693438861,-37.8589062667784,-12.1070650616115));
#11210=CARTESIAN_POINT('',(-39.1673048182227,-37.7530912347762,-11.2574200082511));
#11211=CARTESIAN_POINT('',(-40.3955236104713,-38.9813100270248,-12.9943836818105));
#11212=CARTESIAN_POINT('',(-39.7680945970555,-38.353881013609,-12.1070650616115));
#11213=CARTESIAN_POINT('',(-41.0639003517002,-38.6597372745926,-14.2295606276924));
#11214=CARTESIAN_POINT('Ctrl Pts',(-40.3955236104713,-38.9813100270248,
-12.9943836818105));
#11215=CARTESIAN_POINT('Ctrl Pts',(-40.3955236104713,-38.9813100270248,
-13.128798703985));
#11216=CARTESIAN_POINT('Ctrl Pts',(-40.4132966510535,-38.9704940862625,
-13.2739646398183));
#11217=CARTESIAN_POINT('Ctrl Pts',(-40.4855991350854,-38.9287352353499,
-13.551689422277));
#11218=CARTESIAN_POINT('Ctrl Pts',(-40.5403337217347,-38.8978892245241,
-13.6842093843466));
#11219=CARTESIAN_POINT('Ctrl Pts',(-40.6587848893544,-38.8361960764055,
-13.8862514339477));
#11220=CARTESIAN_POINT('Ctrl Pts',(-40.7342432537027,-38.7988233588971,
-13.9844179136671));
#11221=CARTESIAN_POINT('Ctrl Pts',(-40.8790524060731,-38.7332286974026,
-14.1228784552451));
#11222=CARTESIAN_POINT('Ctrl Pts',(-40.974749417865,-38.6930760417242,-14.1900954661435));
#11223=CARTESIAN_POINT('Ctrl Pts',(-41.0639003517002,-38.6597372745926,
-14.2295606276924));
#11224=CARTESIAN_POINT('',(-39.9130693438861,-37.5089062667784,-12.6020398084421));
#11225=CARTESIAN_POINT('Ctrl Pts',(-39.3314534811291,-37.6419846688435,
-11.9799170243022));
#11226=CARTESIAN_POINT('Ctrl Pts',(-39.2804927415823,-37.6752228253505,
-11.8795352002255));
#11227=CARTESIAN_POINT('Ctrl Pts',(-39.2387724760351,-37.7035907509724,
-11.7631643615892));
#11228=CARTESIAN_POINT('Ctrl Pts',(-39.1813827309463,-37.7431037314664,
-11.513956097819));
#11229=CARTESIAN_POINT('Ctrl Pts',(-39.1673048182227,-37.7530912347762,
-11.3805299213425));
#11230=CARTESIAN_POINT('Ctrl Pts',(-39.1673048182227,-37.7530912347762,
-11.2574200082511));
#11231=CARTESIAN_POINT('Origin',(-42.5,-42.5,0.));
#11232=CARTESIAN_POINT('',(-37.7530912347762,-39.1673048182227,0.));
#11233=CARTESIAN_POINT('',(-39.1673048182227,-37.7530912347762,0.));
#11234=CARTESIAN_POINT('Origin',(-43.65,-43.65,-19.5868578388674));
#11235=CARTESIAN_POINT('Origin',(-42.5,-42.5,-17.9605122421383));
#11236=CARTESIAN_POINT('Origin',(-42.5,-42.5,0.));
#11237=CARTESIAN_POINT('',(-40.3955236104713,-38.9813100270248,0.));
#11238=CARTESIAN_POINT('',(-38.9813100270248,-40.3955236104713,0.));
#11239=CARTESIAN_POINT('Origin',(-38.4510580130522,-37.0368444296056,0.));
#11240=CARTESIAN_POINT('',(-38.4510580130522,-37.0368444296056,0.));
#11241=CARTESIAN_POINT('Ctrl Pts',(-41.593183535692,-35.7607356558692,0.));
#11242=CARTESIAN_POINT('Ctrl Pts',(-41.593183535692,-35.7607356558692,-2.));
#11243=CARTESIAN_POINT('Ctrl Pts',(-38.9255011048108,-32.8216000381886,
0.));
#11244=CARTESIAN_POINT('Ctrl Pts',(-38.9255011048108,-32.8216000381886,
-2.));
#11245=CARTESIAN_POINT('Ctrl Pts',(-36.4861339200672,-29.771269227621,0.));
#11246=CARTESIAN_POINT('Ctrl Pts',(-36.4861339200672,-29.771269227621,-2.));
#11247=CARTESIAN_POINT('Ctrl Pts',(-34.3426356101481,-26.5084694067488,
0.));
#11248=CARTESIAN_POINT('Ctrl Pts',(-34.3426356101481,-26.5084694067488,
-2.));
#11249=CARTESIAN_POINT('Ctrl Pts',(-31.5089291508882,-22.1950454656651,
0.));
#11250=CARTESIAN_POINT('Ctrl Pts',(-31.5089291508882,-22.1950454656651,
-2.));
#11251=CARTESIAN_POINT('Ctrl Pts',(-29.2231294310532,-17.4687355074019,
0.));
#11252=CARTESIAN_POINT('Ctrl Pts',(-29.2231294310532,-17.4687355074019,
-2.));
#11253=CARTESIAN_POINT('Ctrl Pts',(-27.8143136429776,-12.2624337334232,
0.));
#11254=CARTESIAN_POINT('Ctrl Pts',(-27.8143136429776,-12.2624337334232,
-2.));
#11255=CARTESIAN_POINT('Ctrl Pts',(-26.7585691162737,-8.36091257730772,
0.));
#11256=CARTESIAN_POINT('Ctrl Pts',(-26.7585691162737,-8.36091257730772,
-2.));
#11257=CARTESIAN_POINT('Ctrl Pts',(-26.2070214544048,-4.18163824444221,
0.));
#11258=CARTESIAN_POINT('Ctrl Pts',(-26.2070214544048,-4.18163824444221,
-2.));
#11259=CARTESIAN_POINT('Ctrl Pts',(-26.2026304963712,1.2490009027033E-15,
0.));
#11260=CARTESIAN_POINT('Ctrl Pts',(-26.2026304963712,1.2490009027033E-15,
-2.));
#11261=CARTESIAN_POINT('',(-41.5931835356927,-35.7607356558701,-2.));
#11262=CARTESIAN_POINT('',(-41.5931835356927,-35.7607356558701,0.));
#11263=CARTESIAN_POINT('',(-26.2026304963712,0.,-2.));
#11264=CARTESIAN_POINT('Ctrl Pts',(-41.593183535692,-35.7607356558692,-2.));
#11265=CARTESIAN_POINT('Ctrl Pts',(-38.9255011048108,-32.8216000381886,
-2.));
#11266=CARTESIAN_POINT('Ctrl Pts',(-36.4861339200672,-29.771269227621,-2.));
#11267=CARTESIAN_POINT('Ctrl Pts',(-34.3426356101481,-26.5084694067488,
-2.));
#11268=CARTESIAN_POINT('Ctrl Pts',(-31.5089291508882,-22.1950454656651,
-2.));
#11269=CARTESIAN_POINT('Ctrl Pts',(-29.2231294310532,-17.4687355074019,
-2.));
#11270=CARTESIAN_POINT('Ctrl Pts',(-27.8143136429776,-12.2624337334232,
-2.));
#11271=CARTESIAN_POINT('Ctrl Pts',(-26.7585691162737,-8.36091257730772,
-2.));
#11272=CARTESIAN_POINT('Ctrl Pts',(-26.2070214544048,-4.18163824444222,
-2.));
#11273=CARTESIAN_POINT('Ctrl Pts',(-26.2026304963713,1.33226762955019E-15,
-2.));
#11274=CARTESIAN_POINT('',(-26.2026304963712,-1.2490009027033E-15,0.));
#11275=CARTESIAN_POINT('Origin',(-19.767665926638,-28.3066222185772,0.));
#11276=CARTESIAN_POINT('',(-19.3177145998574,-27.7703911083939,-2.));
#11277=CARTESIAN_POINT('',(-19.3177145998574,-27.7703911083939,0.));
#11278=CARTESIAN_POINT('',(-23.0907316074999,-32.2668976821709,-2.));
#11279=CARTESIAN_POINT('',(-18.,-26.2,-2.));
#11280=CARTESIAN_POINT('',(-23.0907316074999,-32.2668976821709,0.));
#11281=CARTESIAN_POINT('Ctrl Pts',(-23.0907316075,-32.2668976821709,0.));
#11282=CARTESIAN_POINT('Ctrl Pts',(-23.0907316075,-32.2668976821709,-2.));
#11283=CARTESIAN_POINT('Ctrl Pts',(-24.2581564750808,-32.9186787936949,
0.));
#11284=CARTESIAN_POINT('Ctrl Pts',(-24.2581564750808,-32.9186787936949,
-2.));
#11285=CARTESIAN_POINT('Ctrl Pts',(-25.3970197228634,-33.6124680700716,
0.));
#11286=CARTESIAN_POINT('Ctrl Pts',(-25.3970197228634,-33.6124680700716,
-2.));
#11287=CARTESIAN_POINT('Ctrl Pts',(-26.5084694067488,-34.3426356101481,
0.));
#11288=CARTESIAN_POINT('Ctrl Pts',(-26.5084694067488,-34.3426356101481,
-2.));
#11289=CARTESIAN_POINT('Ctrl Pts',(-29.771269227621,-36.4861339200672,0.));
#11290=CARTESIAN_POINT('Ctrl Pts',(-29.771269227621,-36.4861339200672,-2.));
#11291=CARTESIAN_POINT('Ctrl Pts',(-32.8216000381886,-38.9255011048108,
0.));
#11292=CARTESIAN_POINT('Ctrl Pts',(-32.8216000381886,-38.9255011048108,
-2.));
#11293=CARTESIAN_POINT('Ctrl Pts',(-35.7607356558692,-41.593183535692,0.));
#11294=CARTESIAN_POINT('Ctrl Pts',(-35.7607356558692,-41.593183535692,-2.));
#11295=CARTESIAN_POINT('',(-35.7607356558701,-41.5931835356927,-2.));
#11296=CARTESIAN_POINT('Ctrl Pts',(-23.0907316075,-32.2668976821709,-2.));
#11297=CARTESIAN_POINT('Ctrl Pts',(-24.2581564750808,-32.9186787936949,
-2.));
#11298=CARTESIAN_POINT('Ctrl Pts',(-25.3970197228634,-33.6124680700716,
-2.));
#11299=CARTESIAN_POINT('Ctrl Pts',(-26.5084694067488,-34.3426356101481,
-2.));
#11300=CARTESIAN_POINT('Ctrl Pts',(-29.771269227621,-36.4861339200672,-2.));
#11301=CARTESIAN_POINT('Ctrl Pts',(-32.8216000381886,-38.9255011048108,
-2.));
#11302=CARTESIAN_POINT('Ctrl Pts',(-35.7607356558692,-41.593183535692,-2.));
#11303=CARTESIAN_POINT('',(-35.7607356558701,-41.5931835356927,0.));
#11304=CARTESIAN_POINT('Origin',(-28.0418040752346,-34.1144099754433,-2.));
#11305=CARTESIAN_POINT('',(-20.0095001799397,-25.7945261697791,-2.));
#11306=CARTESIAN_POINT('Origin',(-18.,-26.2,-2.));
#11307=CARTESIAN_POINT('',(-24.2597991708747,-30.8598352625377,-2.));
#11308=CARTESIAN_POINT('',(-25.8423984344186,-32.7459036207896,-2.));
#11309=CARTESIAN_POINT('',(-36.3159422238312,-39.6720273302229,-2.));
#11310=CARTESIAN_POINT('Ctrl Pts',(-36.3159422238302,-39.672027330222,-2.));
#11311=CARTESIAN_POINT('Ctrl Pts',(-33.7460029239461,-37.3823258153494,
-2.));
#11312=CARTESIAN_POINT('Ctrl Pts',(-31.0787212026123,-35.2576886732485,
-2.));
#11313=CARTESIAN_POINT('Ctrl Pts',(-28.2413224888609,-33.3350489823901,
-2.));
#11314=CARTESIAN_POINT('Ctrl Pts',(-26.9533006874194,-32.4622770923696,
-2.));
#11315=CARTESIAN_POINT('Ctrl Pts',(-25.6266772210226,-31.634051879642,-2.));
#11316=CARTESIAN_POINT('Ctrl Pts',(-24.2597991708747,-30.8598352625377,
-2.));
#11317=CARTESIAN_POINT('Origin',(-42.5,-42.5,-2.));
#11318=CARTESIAN_POINT('Ctrl Pts',(-24.4012085842568,1.66533453693773E-15,
0.));
#11319=CARTESIAN_POINT('Ctrl Pts',(-24.4012085842568,1.66533453693773E-15,
-4.));
#11320=CARTESIAN_POINT('Ctrl Pts',(-24.4053318779388,-4.73729468377388,
0.));
#11321=CARTESIAN_POINT('Ctrl Pts',(-24.4053318779388,-4.73729468377388,
-4.));
#11322=CARTESIAN_POINT('Ctrl Pts',(-25.0925634496044,-9.46513376297558,
0.));
#11323=CARTESIAN_POINT('Ctrl Pts',(-25.0925634496044,-9.46513376297558,
-4.));
#11324=CARTESIAN_POINT('Ctrl Pts',(-26.3909229940618,-13.840057003589,0.));
#11325=CARTESIAN_POINT('Ctrl Pts',(-26.3909229940618,-13.840057003589,-4.));
#11326=CARTESIAN_POINT('Ctrl Pts',(-27.9581964971851,-19.1211066962439,
0.));
#11327=CARTESIAN_POINT('Ctrl Pts',(-27.9581964971851,-19.1211066962439,
-4.));
#11328=CARTESIAN_POINT('Ctrl Pts',(-30.3936373569382,-23.9004376094147,
0.));
#11329=CARTESIAN_POINT('Ctrl Pts',(-30.3936373569382,-23.9004376094147,
-4.));
#11330=CARTESIAN_POINT('Ctrl Pts',(-33.3350489823901,-28.2413224888609,
0.));
#11331=CARTESIAN_POINT('Ctrl Pts',(-33.3350489823901,-28.2413224888609,
-4.));
#11332=CARTESIAN_POINT('Ctrl Pts',(-35.2576886732485,-31.0787212026123,
0.));
#11333=CARTESIAN_POINT('Ctrl Pts',(-35.2576886732485,-31.0787212026123,
-4.));
#11334=CARTESIAN_POINT('Ctrl Pts',(-37.3823258153493,-33.7460029239461,
0.));
#11335=CARTESIAN_POINT('Ctrl Pts',(-37.3823258153493,-33.7460029239461,
-4.));
#11336=CARTESIAN_POINT('Ctrl Pts',(-39.672027330222,-36.3159422238302,0.));
#11337=CARTESIAN_POINT('Ctrl Pts',(-39.672027330222,-36.3159422238302,-4.));
#11338=CARTESIAN_POINT('',(-24.4012085842568,0.,-2.));
#11339=CARTESIAN_POINT('',(-39.6720273302229,-36.3159422238312,-2.));
#11340=CARTESIAN_POINT('Ctrl Pts',(-24.4012085842568,1.66533453693773E-15,
-2.));
#11341=CARTESIAN_POINT('Ctrl Pts',(-24.4053318779388,-4.73729468377388,
-2.));
#11342=CARTESIAN_POINT('Ctrl Pts',(-25.0925634496044,-9.46513376297558,
-2.));
#11343=CARTESIAN_POINT('Ctrl Pts',(-26.3909229940618,-13.840057003589,-2.));
#11344=CARTESIAN_POINT('Ctrl Pts',(-27.9581964971851,-19.1211066962439,
-2.));
#11345=CARTESIAN_POINT('Ctrl Pts',(-30.3936373569382,-23.9004376094147,
-2.));
#11346=CARTESIAN_POINT('Ctrl Pts',(-33.3350489823901,-28.2413224888609,
-2.));
#11347=CARTESIAN_POINT('Ctrl Pts',(-35.2576886732485,-31.0787212026123,
-2.));
#11348=CARTESIAN_POINT('Ctrl Pts',(-37.3823258153493,-33.7460029239461,
-2.));
#11349=CARTESIAN_POINT('Ctrl Pts',(-39.672027330222,-36.3159422238302,-2.));
#11350=CARTESIAN_POINT('',(-39.6720273302229,-36.3159422238312,-4.));
#11351=CARTESIAN_POINT('',(-39.672027330222,-36.3159422238302,0.));
#11352=CARTESIAN_POINT('',(-24.4012085842568,0.,-4.));
#11353=CARTESIAN_POINT('Ctrl Pts',(-24.4012085842568,1.22124532708767E-15,
-4.));
#11354=CARTESIAN_POINT('Ctrl Pts',(-24.4053318779388,-4.73729468377388,
-4.));
#11355=CARTESIAN_POINT('Ctrl Pts',(-25.0925634496044,-9.46513376297558,
-4.));
#11356=CARTESIAN_POINT('Ctrl Pts',(-26.3909229940618,-13.840057003589,-4.));
#11357=CARTESIAN_POINT('Ctrl Pts',(-27.9581964971851,-19.1211066962439,
-4.));
#11358=CARTESIAN_POINT('Ctrl Pts',(-30.3936373569382,-23.9004376094147,
-4.));
#11359=CARTESIAN_POINT('Ctrl Pts',(-33.3350489823901,-28.2413224888609,
-4.));
#11360=CARTESIAN_POINT('Ctrl Pts',(-35.2576886732485,-31.0787212026123,
-4.));
#11361=CARTESIAN_POINT('Ctrl Pts',(-37.3823258153493,-33.7460029239461,
-4.));
#11362=CARTESIAN_POINT('Ctrl Pts',(-39.672027330222,-36.3159422238302,-4.));
#11363=CARTESIAN_POINT('',(-24.4012085842568,-1.66533453693773E-15,0.));
#11364=CARTESIAN_POINT('Ctrl Pts',(-36.3159422238302,-39.672027330222,0.));
#11365=CARTESIAN_POINT('Ctrl Pts',(-36.3159422238302,-39.672027330222,-4.));
#11366=CARTESIAN_POINT('Ctrl Pts',(-33.7460029239461,-37.3823258153494,
0.));
#11367=CARTESIAN_POINT('Ctrl Pts',(-33.7460029239461,-37.3823258153494,
-4.));
#11368=CARTESIAN_POINT('Ctrl Pts',(-31.0787212026123,-35.2576886732485,
0.));
#11369=CARTESIAN_POINT('Ctrl Pts',(-31.0787212026123,-35.2576886732485,
-4.));
#11370=CARTESIAN_POINT('Ctrl Pts',(-28.2413224888609,-33.3350489823901,
0.));
#11371=CARTESIAN_POINT('Ctrl Pts',(-28.2413224888609,-33.3350489823901,
-4.));
#11372=CARTESIAN_POINT('Ctrl Pts',(-26.9533006874194,-32.4622770923696,
0.));
#11373=CARTESIAN_POINT('Ctrl Pts',(-26.9533006874194,-32.4622770923696,
-4.));
#11374=CARTESIAN_POINT('Ctrl Pts',(-25.6266772210226,-31.634051879642,0.));
#11375=CARTESIAN_POINT('Ctrl Pts',(-25.6266772210226,-31.634051879642,-4.));
#11376=CARTESIAN_POINT('Ctrl Pts',(-24.2597991708747,-30.8598352625377,
0.));
#11377=CARTESIAN_POINT('Ctrl Pts',(-24.2597991708747,-30.8598352625377,
-4.));
#11378=CARTESIAN_POINT('',(-24.2597991708747,-30.8598352625377,-4.));
#11379=CARTESIAN_POINT('',(-24.2597991708747,-30.8598352625377,0.));
#11380=CARTESIAN_POINT('',(-36.3159422238312,-39.6720273302229,-4.));
#11381=CARTESIAN_POINT('Ctrl Pts',(-36.3159422238302,-39.672027330222,-4.));
#11382=CARTESIAN_POINT('Ctrl Pts',(-33.7460029239461,-37.3823258153494,
-4.));
#11383=CARTESIAN_POINT('Ctrl Pts',(-31.0787212026123,-35.2576886732485,
-4.));
#11384=CARTESIAN_POINT('Ctrl Pts',(-28.2413224888609,-33.3350489823901,
-4.));
#11385=CARTESIAN_POINT('Ctrl Pts',(-26.9533006874194,-32.4622770923696,
-4.));
#11386=CARTESIAN_POINT('Ctrl Pts',(-25.6266772210226,-31.634051879642,-4.));
#11387=CARTESIAN_POINT('Ctrl Pts',(-24.2597991708747,-30.8598352625377,
-4.));
#11388=CARTESIAN_POINT('',(-36.3159422238302,-39.672027330222,0.));
#11389=CARTESIAN_POINT('Origin',(-24.2597991708747,-30.8598352625377,0.));
#11390=CARTESIAN_POINT('',(-20.0095001799397,-25.7945261697791,-4.));
#11391=CARTESIAN_POINT('',(-20.0095001798683,-25.7945261696368,0.));
#11392=CARTESIAN_POINT('',(-20.205231820283,-26.0277900553208,-4.));
#11393=CARTESIAN_POINT('Origin',(-28.0418040752346,-34.1144099754433,-4.));
#11394=CARTESIAN_POINT('',(-35.7607356558701,-41.5931835356927,-4.));
#11395=CARTESIAN_POINT('',(-23.0907316074999,-32.2668976821709,-4.));
#11396=CARTESIAN_POINT('Ctrl Pts',(-35.7607356558692,-41.593183535692,-4.));
#11397=CARTESIAN_POINT('Ctrl Pts',(-32.8216000381886,-38.9255011048108,
-4.));
#11398=CARTESIAN_POINT('Ctrl Pts',(-29.771269227621,-36.4861339200672,-4.));
#11399=CARTESIAN_POINT('Ctrl Pts',(-26.5084694067488,-34.3426356101481,
-4.));
#11400=CARTESIAN_POINT('Ctrl Pts',(-25.3970197228634,-33.6124680700716,
-4.));
#11401=CARTESIAN_POINT('Ctrl Pts',(-24.2581564750808,-32.9186787936949,
-4.));
#11402=CARTESIAN_POINT('Ctrl Pts',(-23.0907316075,-32.2668976821709,-4.));
#11403=CARTESIAN_POINT('Origin',(-42.5,-42.5,-4.));
#11404=CARTESIAN_POINT('',(-19.3177145998574,-27.7703911083939,-4.));
#11405=CARTESIAN_POINT('Origin',(-18.,-26.2,-4.));
#11406=CARTESIAN_POINT('',(-24.5684246541038,-34.0279436792126,-4.));
#11407=CARTESIAN_POINT('Origin',(-38.9813100270248,-40.3955236104713,0.));
#11408=CARTESIAN_POINT('',(-37.0368444296057,-38.4510580130522,0.));
#11409=CARTESIAN_POINT('Origin',(-23.0907316074999,-32.2668976821709,0.));
#11410=CARTESIAN_POINT('',(-19.3177145998574,-27.7703911083939,0.));
#11411=CARTESIAN_POINT('',(-23.0907316074999,-32.2668976821709,0.));
#11412=CARTESIAN_POINT('Ctrl Pts',(-35.7607356558692,-41.593183535692,0.));
#11413=CARTESIAN_POINT('Ctrl Pts',(-35.7607356558692,-41.593183535692,-6.));
#11414=CARTESIAN_POINT('Ctrl Pts',(-32.8216000381886,-38.9255011048108,
0.));
#11415=CARTESIAN_POINT('Ctrl Pts',(-32.8216000381886,-38.9255011048108,
-6.));
#11416=CARTESIAN_POINT('Ctrl Pts',(-29.771269227621,-36.4861339200672,0.));
#11417=CARTESIAN_POINT('Ctrl Pts',(-29.771269227621,-36.4861339200672,-6.));
#11418=CARTESIAN_POINT('Ctrl Pts',(-26.5084694067488,-34.3426356101481,
0.));
#11419=CARTESIAN_POINT('Ctrl Pts',(-26.5084694067488,-34.3426356101481,
-6.));
#11420=CARTESIAN_POINT('Ctrl Pts',(-25.3970197228634,-33.6124680700716,
0.));
#11421=CARTESIAN_POINT('Ctrl Pts',(-25.3970197228634,-33.6124680700716,
-6.));
#11422=CARTESIAN_POINT('Ctrl Pts',(-24.2581564750808,-32.9186787936949,
0.));
#11423=CARTESIAN_POINT('Ctrl Pts',(-24.2581564750808,-32.9186787936949,
-6.));
#11424=CARTESIAN_POINT('Ctrl Pts',(-23.0907316075,-32.2668976821709,0.));
#11425=CARTESIAN_POINT('Ctrl Pts',(-23.0907316075,-32.2668976821709,-6.));
#11426=CARTESIAN_POINT('',(-35.7607356558701,-41.5931835356927,0.));
#11427=CARTESIAN_POINT('Origin',(-42.5,-42.5,0.));
#11428=CARTESIAN_POINT('Origin',(-42.5,-42.5,0.));
#11429=CARTESIAN_POINT('Origin',(-42.5,-42.5,-2.));
#11430=CARTESIAN_POINT('',(-41.5931835356927,-35.7607356558701,-4.));
#11431=CARTESIAN_POINT('',(-41.5931835356927,-35.7607356558701,0.));
#11432=CARTESIAN_POINT('Origin',(-42.5,-42.5,-4.));
#11433=CARTESIAN_POINT('Ctrl Pts',(-26.2026304963712,1.2490009027033E-15,
0.));
#11434=CARTESIAN_POINT('Ctrl Pts',(-26.2026304963712,1.2490009027033E-15,
-6.));
#11435=CARTESIAN_POINT('Ctrl Pts',(-26.2070214544048,-4.18163824444222,
0.));
#11436=CARTESIAN_POINT('Ctrl Pts',(-26.2070214544048,-4.18163824444222,
-6.));
#11437=CARTESIAN_POINT('Ctrl Pts',(-26.7585691162737,-8.36091257730772,
0.));
#11438=CARTESIAN_POINT('Ctrl Pts',(-26.7585691162737,-8.36091257730772,
-6.));
#11439=CARTESIAN_POINT('Ctrl Pts',(-27.8143136429776,-12.2624337334232,
0.));
#11440=CARTESIAN_POINT('Ctrl Pts',(-27.8143136429776,-12.2624337334232,
-6.));
#11441=CARTESIAN_POINT('Ctrl Pts',(-29.2231294310532,-17.4687355074019,
0.));
#11442=CARTESIAN_POINT('Ctrl Pts',(-29.2231294310532,-17.4687355074019,
-6.));
#11443=CARTESIAN_POINT('Ctrl Pts',(-31.5089291508882,-22.1950454656651,
0.));
#11444=CARTESIAN_POINT('Ctrl Pts',(-31.5089291508882,-22.1950454656651,
-6.));
#11445=CARTESIAN_POINT('Ctrl Pts',(-34.3426356101481,-26.5084694067488,
0.));
#11446=CARTESIAN_POINT('Ctrl Pts',(-34.3426356101481,-26.5084694067488,
-6.));
#11447=CARTESIAN_POINT('Ctrl Pts',(-36.4861339200672,-29.771269227621,0.));
#11448=CARTESIAN_POINT('Ctrl Pts',(-36.4861339200672,-29.771269227621,-6.));
#11449=CARTESIAN_POINT('Ctrl Pts',(-38.9255011048108,-32.8216000381886,
0.));
#11450=CARTESIAN_POINT('Ctrl Pts',(-38.9255011048108,-32.8216000381886,
-6.));
#11451=CARTESIAN_POINT('Ctrl Pts',(-41.593183535692,-35.7607356558692,0.));
#11452=CARTESIAN_POINT('Ctrl Pts',(-41.593183535692,-35.7607356558692,-6.));
#11453=CARTESIAN_POINT('',(-26.2026304963712,0.,-4.));
#11454=CARTESIAN_POINT('Ctrl Pts',(-26.2026304963712,1.2490009027033E-15,
-4.));
#11455=CARTESIAN_POINT('Ctrl Pts',(-26.2070214544048,-4.18163824444222,
-4.));
#11456=CARTESIAN_POINT('Ctrl Pts',(-26.7585691162737,-8.36091257730772,
-4.));
#11457=CARTESIAN_POINT('Ctrl Pts',(-27.8143136429776,-12.2624337334232,
-4.));
#11458=CARTESIAN_POINT('Ctrl Pts',(-29.2231294310532,-17.4687355074019,
-4.));
#11459=CARTESIAN_POINT('Ctrl Pts',(-31.5089291508882,-22.1950454656651,
-4.));
#11460=CARTESIAN_POINT('Ctrl Pts',(-34.3426356101481,-26.5084694067488,
-4.));
#11461=CARTESIAN_POINT('Ctrl Pts',(-36.4861339200672,-29.771269227621,-4.));
#11462=CARTESIAN_POINT('Ctrl Pts',(-38.9255011048108,-32.8216000381886,
-4.));
#11463=CARTESIAN_POINT('Ctrl Pts',(-41.593183535692,-35.7607356558692,-4.));
#11464=CARTESIAN_POINT('',(-26.2026304963712,-1.2490009027033E-15,0.));
#11465=CARTESIAN_POINT('Ctrl Pts',(-44.1920170319218,-35.913872278517,0.));
#11466=CARTESIAN_POINT('Ctrl Pts',(-44.1920170319218,-35.913872278517,-6.));
#11467=CARTESIAN_POINT('Ctrl Pts',(-43.4492425189335,-35.122968771554,0.));
#11468=CARTESIAN_POINT('Ctrl Pts',(-43.4492425189335,-35.122968771554,-6.));
#11469=CARTESIAN_POINT('Ctrl Pts',(-41.5305489708693,-33.0261780854437,
0.));
#11470=CARTESIAN_POINT('Ctrl Pts',(-41.5305489708693,-33.0261780854437,
-6.));
#11471=CARTESIAN_POINT('Ctrl Pts',(-38.5850681833381,-29.5643749629135,
0.));
#11472=CARTESIAN_POINT('Ctrl Pts',(-38.5850681833381,-29.5643749629135,
-6.));
#11473=CARTESIAN_POINT('Ctrl Pts',(-34.9155191009357,-24.5839482172845,
0.));
#11474=CARTESIAN_POINT('Ctrl Pts',(-34.9155191009357,-24.5839482172845,
-6.));
#11475=CARTESIAN_POINT('Ctrl Pts',(-31.1391122625436,-17.649095247118,0.));
#11476=CARTESIAN_POINT('Ctrl Pts',(-31.1391122625436,-17.649095247118,-6.));
#11477=CARTESIAN_POINT('Ctrl Pts',(-29.0053737339271,-10.9351887011402,
0.));
#11478=CARTESIAN_POINT('Ctrl Pts',(-29.0053737339271,-10.9351887011402,
-6.));
#11479=CARTESIAN_POINT('Ctrl Pts',(-28.18279528684,-5.51081117852643,0.));
#11480=CARTESIAN_POINT('Ctrl Pts',(-28.18279528684,-5.51081117852643,-6.));
#11481=CARTESIAN_POINT('Ctrl Pts',(-28.0000000337605,-1.83693762486258,
0.));
#11482=CARTESIAN_POINT('Ctrl Pts',(-28.0000000337605,-1.83693762486258,
-6.));
#11483=CARTESIAN_POINT('Ctrl Pts',(-28.,-8.48161350319732E-7,0.));
#11484=CARTESIAN_POINT('Ctrl Pts',(-28.,-8.48161350319732E-7,-6.));
#11485=CARTESIAN_POINT('',(-28.,-1.04493567719704E-15,0.));
#11486=CARTESIAN_POINT('',(-44.1920170319218,-35.913872278517,0.));
#11487=CARTESIAN_POINT('Origin',(-42.5,-42.5,0.));
#11488=CARTESIAN_POINT('',(-35.9138722785171,-44.1920170319219,0.));
#11489=CARTESIAN_POINT('Ctrl Pts',(-8.48161350874843E-7,-28.,0.));
#11490=CARTESIAN_POINT('Ctrl Pts',(-8.48161350874843E-7,-28.,-6.));
#11491=CARTESIAN_POINT('Ctrl Pts',(-1.83693762486258,-28.0000000337605,
0.));
#11492=CARTESIAN_POINT('Ctrl Pts',(-1.83693762486258,-28.0000000337605,
-6.));
#11493=CARTESIAN_POINT('Ctrl Pts',(-5.51081117852643,-28.18279528684,0.));
#11494=CARTESIAN_POINT('Ctrl Pts',(-5.51081117852643,-28.18279528684,-6.));
#11495=CARTESIAN_POINT('Ctrl Pts',(-10.9351887011402,-29.0053737339272,
0.));
#11496=CARTESIAN_POINT('Ctrl Pts',(-10.9351887011402,-29.0053737339272,
-6.));
#11497=CARTESIAN_POINT('Ctrl Pts',(-17.649095247118,-31.1391122625437,0.));
#11498=CARTESIAN_POINT('Ctrl Pts',(-17.649095247118,-31.1391122625437,-6.));
#11499=CARTESIAN_POINT('Ctrl Pts',(-24.5839482172845,-34.9155191009358,
0.));
#11500=CARTESIAN_POINT('Ctrl Pts',(-24.5839482172845,-34.9155191009358,
-6.));
#11501=CARTESIAN_POINT('Ctrl Pts',(-29.5643749629135,-38.5850681833381,
0.));
#11502=CARTESIAN_POINT('Ctrl Pts',(-29.5643749629135,-38.5850681833381,
-6.));
#11503=CARTESIAN_POINT('Ctrl Pts',(-33.0261780854437,-41.5305489708693,
0.));
#11504=CARTESIAN_POINT('Ctrl Pts',(-33.0261780854437,-41.5305489708693,
-6.));
#11505=CARTESIAN_POINT('Ctrl Pts',(-35.122968771554,-43.4492425189335,0.));
#11506=CARTESIAN_POINT('Ctrl Pts',(-35.122968771554,-43.4492425189335,-6.));
#11507=CARTESIAN_POINT('Ctrl Pts',(-35.913872278517,-44.1920170319218,0.));
#11508=CARTESIAN_POINT('Ctrl Pts',(-35.913872278517,-44.1920170319218,-6.));
#11509=CARTESIAN_POINT('',(-3.51046319893542E-16,-28.,0.));
#11510=CARTESIAN_POINT('Origin',(-18.,-26.2,0.));
#11511=CARTESIAN_POINT('',(-16.95,-26.2,0.));
#11512=CARTESIAN_POINT('Origin',(-18.,-26.2,0.));
#11513=CARTESIAN_POINT('Ctrl Pts',(45.1085361162427,-46.3041622559654,-22.4949747468306));
#11514=CARTESIAN_POINT('Ctrl Pts',(44.561057922821,-46.6940685495309,-22.3835545879179));
#11515=CARTESIAN_POINT('Ctrl Pts',(43.311068067146,-47.250722335457,-21.8932919513571));
#11516=CARTESIAN_POINT('Ctrl Pts',(40.5671045437265,-47.3343448525253,-20.0121467854975));
#11517=CARTESIAN_POINT('Ctrl Pts',(37.5018479107175,-45.3866031472989,-16.4674216664544));
#11518=CARTESIAN_POINT('Ctrl Pts',(36.7353625872401,-41.8340989711498,-13.413434903395));
#11519=CARTESIAN_POINT('Ctrl Pts',(37.5111112647559,-39.9268332064238,-12.6133314980002));
#11520=CARTESIAN_POINT('Ctrl Pts',(37.8782968639831,-39.3638642678894,-12.4748917711328));
#11521=CARTESIAN_POINT('Ctrl Pts',(45.1589619035832,-46.405665944674,-22.602405109607));
#11522=CARTESIAN_POINT('Ctrl Pts',(44.5882911829697,-46.8108500276444,-22.4853558808705));
#11523=CARTESIAN_POINT('Ctrl Pts',(43.2915145275341,-47.3810568539021,-21.9716466281378));
#11524=CARTESIAN_POINT('Ctrl Pts',(40.4963159290419,-47.4441716875976,-20.039560749236));
#11525=CARTESIAN_POINT('Ctrl Pts',(37.4229887347184,-45.4471379297205,-16.4543701038927));
#11526=CARTESIAN_POINT('Ctrl Pts',(36.674977927853,-41.8503070323393,-13.382124656475));
#11527=CARTESIAN_POINT('Ctrl Pts',(37.4681416003295,-39.919306903103,-12.5776265693635));
#11528=CARTESIAN_POINT('Ctrl Pts',(37.8416788322324,-39.3489427949779,-12.4384478378871));
#11529=CARTESIAN_POINT('Ctrl Pts',(45.3139818718825,-46.6627410573525,-22.7403079120581));
#11530=CARTESIAN_POINT('Ctrl Pts',(44.6958480134581,-47.0974122320624,-22.6135204972965));
#11531=CARTESIAN_POINT('Ctrl Pts',(43.3011552357917,-47.6903624704392,-22.0592390913018));
#11532=CARTESIAN_POINT('Ctrl Pts',(40.3898516919842,-47.6988725024692,-20.0445657479443));
#11533=CARTESIAN_POINT('Ctrl Pts',(37.283991392362,-45.5868739057623,-16.4017814130763));
#11534=CARTESIAN_POINT('Ctrl Pts',(36.5631920027261,-41.8916832329506,-13.306782116435));
#11535=CARTESIAN_POINT('Ctrl Pts',(37.3888393844723,-39.9108912954255,-12.4968319707001));
#11536=CARTESIAN_POINT('Ctrl Pts',(37.7746668308161,-39.325323421117,-12.3567598114799));
#11537=CARTESIAN_POINT('Ctrl Pts',(45.5841372354015,-47.0125437138518,-22.6369701211244));
#11538=CARTESIAN_POINT('Ctrl Pts',(44.9277199645831,-47.4701332671529,-22.5080134268198));
#11539=CARTESIAN_POINT('Ctrl Pts',(43.447133300218,-48.0832741148215,-21.94502378629));
#11540=CARTESIAN_POINT('Ctrl Pts',(40.3885931352711,-48.0502250667322,-19.9163724287051));
#11541=CARTESIAN_POINT('Ctrl Pts',(37.1739530406952,-45.8090451239208,-16.2700597883287));
#11542=CARTESIAN_POINT('Ctrl Pts',(36.4453792428056,-41.9702637413274,-13.1758343370682));
#11543=CARTESIAN_POINT('Ctrl Pts',(37.3041390761478,-39.9182969477066,-12.3661941308089));
#11544=CARTESIAN_POINT('Ctrl Pts',(37.7045192156411,-39.3116843049179,-12.2261701624512));
#11545=CARTESIAN_POINT('Ctrl Pts',(45.7828975552769,-47.2085465140678,-22.3462308527126));
#11546=CARTESIAN_POINT('Ctrl Pts',(45.1277765055752,-47.6672155811713,-22.2243921261326));
#11547=CARTESIAN_POINT('Ctrl Pts',(43.6422622969733,-48.2933545293895,-21.6908312550796));
#11548=CARTESIAN_POINT('Ctrl Pts',(40.5078029346566,-48.2926470777611,-19.7230136104424));
#11549=CARTESIAN_POINT('Ctrl Pts',(37.154190596805,-46.0134217334712,-16.1198465500625));
#11550=CARTESIAN_POINT('Ctrl Pts',(36.3730704006376,-42.0552459349307,-13.0432318188615));
#11551=CARTESIAN_POINT('Ctrl Pts',(37.2502389417412,-39.9398398055585,-12.2377450248538));
#11552=CARTESIAN_POINT('Ctrl Pts',(37.6611772604836,-39.3148305275522,-12.0984194958383));
#11553=CARTESIAN_POINT('Ctrl Pts',(45.8490077971502,-47.2354528461915,-22.1155457791449));
#11554=CARTESIAN_POINT('Ctrl Pts',(45.2130876453365,-47.6852329321955,-22.0006137805593));
#11555=CARTESIAN_POINT('Ctrl Pts',(43.7645897045016,-48.3166409883208,-21.4959010822197));
#11556=CARTESIAN_POINT('Ctrl Pts',(40.6302638152792,-48.3746050286216,-19.5856594886892));
#11557=CARTESIAN_POINT('Ctrl Pts',(37.1865939760677,-46.1279337121289,-16.0215306724997));
#11558=CARTESIAN_POINT('Ctrl Pts',(36.3491109092047,-42.1115980658642,-12.9600078371066));
#11559=CARTESIAN_POINT('Ctrl Pts',(37.2307628527353,-39.9599741006597,-12.1581541770336));
#11560=CARTESIAN_POINT('Ctrl Pts',(37.6464294892733,-39.3246386827149,-12.019418647184));
#11561=CARTESIAN_POINT('Ctrl Pts',(45.8646097008251,-47.2243413891371,-22.));
#11562=CARTESIAN_POINT('Ctrl Pts',(45.2419874416396,-47.6677642327999,-21.8885798410873));
#11563=CARTESIAN_POINT('Ctrl Pts',(43.820430350872,-48.3008214795393,-21.3983172045266));
#11564=CARTESIAN_POINT('Ctrl Pts',(40.6998443830614,-48.3959215969896,-19.5171720386669));
#11565=CARTESIAN_POINT('Ctrl Pts',(37.2138662514043,-46.1808427949674,-15.9724469196238));
#11566=CARTESIAN_POINT('Ctrl Pts',(36.3421770599986,-42.1407400064056,-12.9184601565644));
#11567=CARTESIAN_POINT('Ctrl Pts',(37.224401046193,-39.971692666129,-12.1183567511697));
#11568=CARTESIAN_POINT('Ctrl Pts',(37.6419846688435,-39.3314534811291,-11.9799170243022));
#11569=CARTESIAN_POINT('',(37.6419846688435,-39.3314534811291,-11.9799170243022));
#11570=CARTESIAN_POINT('',(45.864609700825,-47.2243413891371,-22.));
#11571=CARTESIAN_POINT('Origin',(42.5,-42.5,-16.9705627484771));
#11572=CARTESIAN_POINT('',(37.5479184651714,-39.9520815422791,-12.6572113885075));
#11573=CARTESIAN_POINT('Ctrl Pts',(37.5470696712546,-39.9520374143911,-12.6565799974442));
#11574=CARTESIAN_POINT('Ctrl Pts',(37.5469802052691,-39.9506585535377,-12.6555416311846));
#11575=CARTESIAN_POINT('Ctrl Pts',(37.5468920123814,-39.9492804223246,-12.6545021636792));
#11576=CARTESIAN_POINT('Ctrl Pts',(37.5468050947995,-39.9479030300346,-12.6534615976746));
#11577=CARTESIAN_POINT('Ctrl Pts',(37.5442133669561,-39.9068316395306,-12.6224337684697));
#11578=CARTESIAN_POINT('Ctrl Pts',(37.5427484665454,-39.8662142467759,-12.590283396955));
#11579=CARTESIAN_POINT('Ctrl Pts',(37.5424954962399,-39.8263636873159,-12.5570667983194));
#11580=CARTESIAN_POINT('Ctrl Pts',(37.5422608411959,-39.7893983416534,-12.5262551091754));
#11581=CARTESIAN_POINT('Ctrl Pts',(37.5430686465015,-39.7530927743794,-12.4945256399056));
#11582=CARTESIAN_POINT('Ctrl Pts',(37.5449930903523,-39.7177363203495,-12.4619211264804));
#11583=CARTESIAN_POINT('Ctrl Pts',(37.5469476989718,-39.6818256702294,-12.4288055523632));
#11584=CARTESIAN_POINT('Ctrl Pts',(37.5500540793294,-39.6468939704852,-12.3947864611568));
#11585=CARTESIAN_POINT('Ctrl Pts',(37.5543684632048,-39.6132644174008,-12.3599405453475));
#11586=CARTESIAN_POINT('Ctrl Pts',(37.5562218038785,-39.5988180861591,-12.3449716981274));
#11587=CARTESIAN_POINT('Ctrl Pts',(37.5582982128788,-39.5846126263327,-12.3298504176805));
#11588=CARTESIAN_POINT('Ctrl Pts',(37.5606029757406,-39.5706764327978,-12.3145836622397));
#11589=CARTESIAN_POINT('Ctrl Pts',(37.5630639023548,-39.5557959649906,-12.298282477681));
#11590=CARTESIAN_POINT('Ctrl Pts',(37.565755244955,-39.5414021940377,-12.2820120158144));
#11591=CARTESIAN_POINT('Ctrl Pts',(37.5686654249822,-39.5275007433219,-12.2657804798248));
#11592=CARTESIAN_POINT('Ctrl Pts',(37.5753457619774,-39.4955898736722,-12.2285208844222));
#11593=CARTESIAN_POINT('Ctrl Pts',(37.5831759225337,-39.4662717431426,-12.1914669144995));
#11594=CARTESIAN_POINT('Ctrl Pts',(37.5920030833458,-39.4395991205354,-12.154728978691));
#11595=CARTESIAN_POINT('Ctrl Pts',(37.5947297610322,-39.4313600449764,-12.1433807647014));
#11596=CARTESIAN_POINT('Ctrl Pts',(37.5975519096697,-39.4233735522872,-12.132062653883));
#11597=CARTESIAN_POINT('Ctrl Pts',(37.6004659337535,-39.4156415938388,-12.1207778281364));
#11598=CARTESIAN_POINT('Ctrl Pts',(37.6099054470683,-39.3905951554346,-12.0842224463594));
#11599=CARTESIAN_POINT('Ctrl Pts',(37.6203053203178,-39.3682184937797,-12.0480156897684));
#11600=CARTESIAN_POINT('Ctrl Pts',(37.6315415030941,-39.348566118356,-12.0122751363476));
#11601=CARTESIAN_POINT('Ctrl Pts',(37.6349462852986,-39.3426110658751,-12.0014450526183));
#11602=CARTESIAN_POINT('Ctrl Pts',(37.6384281973826,-39.336906262958,-11.9906578453959));
#11603=CARTESIAN_POINT('Ctrl Pts',(37.6419846688435,-39.3314534811291,-11.9799170243022));
#11604=CARTESIAN_POINT('',(43.7057962797209,-47.0069020924872,-22.));
#11605=CARTESIAN_POINT('Origin',(42.15,-42.15,-17.4655374953077));
#11606=CARTESIAN_POINT('Ctrl Pts',(45.8646097008251,-47.2243413891371,-22.));
#11607=CARTESIAN_POINT('Ctrl Pts',(45.6194699184237,-47.3989265052386,-22.));
#11608=CARTESIAN_POINT('Ctrl Pts',(45.3549701979084,-47.5535987111095,-22.0000000000001));
#11609=CARTESIAN_POINT('Ctrl Pts',(44.7406363577265,-47.8069520486745,-22.0000000000001));
#11610=CARTESIAN_POINT('Ctrl Pts',(44.4401387527621,-47.8635748999255,-22.));
#11611=CARTESIAN_POINT('Ctrl Pts',(44.0294290179624,-47.8621598641953,-22.));
#11612=CARTESIAN_POINT('Ctrl Pts',(43.8884176375219,-47.8361890269509,-22.));
#11613=CARTESIAN_POINT('Ctrl Pts',(43.7008229214774,-47.7606667355615,-22.));
#11614=CARTESIAN_POINT('Ctrl Pts',(43.6384297137796,-47.7217141240143,-22.));
#11615=CARTESIAN_POINT('Ctrl Pts',(43.5557518257705,-47.6422789006569,-22.));
#11616=CARTESIAN_POINT('Ctrl Pts',(43.5269787035084,-47.6034328427333,-22.0000000000389));
#11617=CARTESIAN_POINT('Ctrl Pts',(43.490743961685,-47.5205557355771,-22.0000000000389));
#11618=CARTESIAN_POINT('Ctrl Pts',(43.4819239681864,-47.4798384596106,-22.));
#11619=CARTESIAN_POINT('Ctrl Pts',(43.4800415271366,-47.391503396593,-22.));
#11620=CARTESIAN_POINT('Ctrl Pts',(43.4885955493874,-47.3459964370576,-21.9999999999996));
#11621=CARTESIAN_POINT('Ctrl Pts',(43.5212424960189,-47.2512965677882,-21.9999999999996));
#11622=CARTESIAN_POINT('Ctrl Pts',(43.5476040630791,-47.2029317921857,-21.9999999999981));
#11623=CARTESIAN_POINT('Ctrl Pts',(43.6149710464506,-47.1041186326843,-21.9999999999981));
#11624=CARTESIAN_POINT('Ctrl Pts',(43.6594004628173,-47.0532979093908,-22.));
#11625=CARTESIAN_POINT('Ctrl Pts',(43.7057962797209,-47.0069020924872,-22.));
#11626=CARTESIAN_POINT('Origin',(38.3450226661332,-40.7491857432409,-12.794537466471));
#11627=CARTESIAN_POINT('',(38.6597372745926,-41.0639003517003,-14.2295606276925));
#11628=CARTESIAN_POINT('',(37.9950226661332,-40.3991857432408,-13.2895122133016));
#11629=CARTESIAN_POINT('',(37.7530912347762,-39.1673048182227,-11.2574200082511));
#11630=CARTESIAN_POINT('Ctrl Pts',(37.7530912347762,-39.1673048182227,-11.2574200082511));
#11631=CARTESIAN_POINT('Ctrl Pts',(37.7530912347762,-39.1673048182227,-11.3805299213425));
#11632=CARTESIAN_POINT('Ctrl Pts',(37.7431037314664,-39.1813827309463,-11.513956097819));
#11633=CARTESIAN_POINT('Ctrl Pts',(37.7035907509724,-39.2387724760351,-11.7631643615891));
#11634=CARTESIAN_POINT('Ctrl Pts',(37.6752228253505,-39.2804927415823,-11.8795352002255));
#11635=CARTESIAN_POINT('Ctrl Pts',(37.6419846688435,-39.3314534811291,-11.9799170243022));
#11636=CARTESIAN_POINT('',(38.9813100270248,-40.3955236104713,-12.9943836818105));
#11637=CARTESIAN_POINT('',(38.8399974129638,-40.2542109964103,-12.794537466471));
#11638=CARTESIAN_POINT('Ctrl Pts',(38.6597372745926,-41.0639003517003,-14.2295606276924));
#11639=CARTESIAN_POINT('Ctrl Pts',(38.6954205479043,-40.9684799924086,-14.1873201291077));
#11640=CARTESIAN_POINT('Ctrl Pts',(38.7383569155,-40.8669903610585,-14.1140366517843));
#11641=CARTESIAN_POINT('Ctrl Pts',(38.8085639825481,-40.7137058540676,-13.9612744012935));
#11642=CARTESIAN_POINT('Ctrl Pts',(38.8483321692839,-40.6347847418808,-13.8518268008375));
#11643=CARTESIAN_POINT('Ctrl Pts',(38.907408485122,-40.5232461702534,-13.6441154965471));
#11644=CARTESIAN_POINT('Ctrl Pts',(38.9348271999047,-40.4749315901915,-13.5183710414908));
#11645=CARTESIAN_POINT('Ctrl Pts',(38.9718191296954,-40.4111489032278,-13.2564047332761));
#11646=CARTESIAN_POINT('Ctrl Pts',(38.9813100270248,-40.3955236104713,-13.1202095579574));
#11647=CARTESIAN_POINT('Ctrl Pts',(38.9813100270248,-40.3955236104713,-12.9943836818105));
#11648=CARTESIAN_POINT('Origin',(43.65,-43.65,-19.5868578388674));
#11649=CARTESIAN_POINT('',(44.8600938818073,-45.8526044904009,-22.));
#11650=CARTESIAN_POINT('Origin',(42.5,-42.5,-17.9605122421383));
#11651=CARTESIAN_POINT('',(45.3563491861041,-45.3563491861041,-22.));
#11652=CARTESIAN_POINT('Origin',(42.5,-42.5,-22.));
#11653=CARTESIAN_POINT('',(45.8526044904009,-44.8600938818073,-22.));
#11654=CARTESIAN_POINT('Origin',(42.5,-42.5,-22.));
#11655=CARTESIAN_POINT('',(47.0069020924872,-43.7057962797209,-22.));
#11656=CARTESIAN_POINT('',(45.3563491861041,-45.3563491861041,-22.));
#11657=CARTESIAN_POINT('',(47.2243413891371,-45.864609700825,-22.));
#11658=CARTESIAN_POINT('Ctrl Pts',(47.0069020924872,-43.7057962797209,-22.));
#11659=CARTESIAN_POINT('Ctrl Pts',(47.075814955083,-43.6368834171251,-22.));
#11660=CARTESIAN_POINT('Ctrl Pts',(47.15616836403,-43.570630446183,-22.));
#11661=CARTESIAN_POINT('Ctrl Pts',(47.2950457679664,-43.503075626828,-22.));
#11662=CARTESIAN_POINT('Ctrl Pts',(47.3500093908542,-43.4856523205454,-22.));
#11663=CARTESIAN_POINT('Ctrl Pts',(47.4501338144993,-43.4787980980751,-22.));
#11664=CARTESIAN_POINT('Ctrl Pts',(47.4927772014459,-43.4838646324437,-22.0000000000025));
#11665=CARTESIAN_POINT('Ctrl Pts',(47.5744326986775,-43.511590429648,-22.0000000000025));
#11666=CARTESIAN_POINT('Ctrl Pts',(47.611175598264,-43.5332257145585,-22.));
#11667=CARTESIAN_POINT('Ctrl Pts',(47.6860829438301,-43.5961995106191,-22.));
#11668=CARTESIAN_POINT('Ctrl Pts',(47.7205089068067,-43.6403555004891,-22.));
#11669=CARTESIAN_POINT('Ctrl Pts',(47.7885715167085,-43.7574062576245,-22.));
#11670=CARTESIAN_POINT('Ctrl Pts',(47.8195924872165,-43.8425325816237,-21.9999999999933));
#11671=CARTESIAN_POINT('Ctrl Pts',(47.8677513628612,-44.0862322268939,-21.9999999999933));
#11672=CARTESIAN_POINT('Ctrl Pts',(47.8717217813065,-44.2606291242712,-22.));
#11673=CARTESIAN_POINT('Ctrl Pts',(47.8152912544292,-44.6536932883964,-22.));
#11674=CARTESIAN_POINT('Ctrl Pts',(47.7588647985617,-44.8484634576307,-22.));
#11675=CARTESIAN_POINT('Ctrl Pts',(47.5698594045265,-45.3270572119735,-22.));
#11676=CARTESIAN_POINT('Ctrl Pts',(47.4080604085098,-45.6066447526229,-22.));
#11677=CARTESIAN_POINT('Ctrl Pts',(47.2243413891371,-45.8646097008251,-22.));
#11678=CARTESIAN_POINT('Origin',(42.5,-42.5,-22.));
#11679=CARTESIAN_POINT('Ctrl Pts',(39.3638642678894,-37.8782968639831,-12.4748917711328));
#11680=CARTESIAN_POINT('Ctrl Pts',(40.4898021449581,-37.1439256655288,-12.7517712248677));
#11681=CARTESIAN_POINT('Ctrl Pts',(43.3456382824048,-36.617509916126,-14.3989201774878));
#11682=CARTESIAN_POINT('Ctrl Pts',(46.9284017774327,-39.1083312612637,-18.6935932040807));
#11683=CARTESIAN_POINT('Ctrl Pts',(47.5468158228289,-42.6864606255444,-21.6609975066069));
#11684=CARTESIAN_POINT('Ctrl Pts',(46.6940685495309,-44.561057922821,-22.3835545879179));
#11685=CARTESIAN_POINT('Ctrl Pts',(46.3041622559654,-45.1085361162427,-22.4949747468306));
#11686=CARTESIAN_POINT('Ctrl Pts',(39.3489427949778,-37.8416788322324,-12.4384478378871));
#11687=CARTESIAN_POINT('Ctrl Pts',(40.4896710112282,-37.0946043684266,-12.71680530084));
#11688=CARTESIAN_POINT('Ctrl Pts',(43.3792167443697,-36.5473810592951,-14.3729759682318));
#11689=CARTESIAN_POINT('Ctrl Pts',(47.0174872961402,-39.0278363425701,-18.699507732867));
#11690=CARTESIAN_POINT('Ctrl Pts',(47.6816137644907,-42.64343913945,-21.7258651557504));
#11691=CARTESIAN_POINT('Ctrl Pts',(46.8108500276444,-44.5882911829697,-22.4853558808705));
#11692=CARTESIAN_POINT('Ctrl Pts',(46.405665944674,-45.1589619035832,-22.602405109607));
#11693=CARTESIAN_POINT('Ctrl Pts',(39.325323421117,-37.7746668308161,-12.3567598114799));
#11694=CARTESIAN_POINT('Ctrl Pts',(40.4964591697339,-37.0030119381286,-12.6369041299203));
#11695=CARTESIAN_POINT('Ctrl Pts',(43.4581218044086,-36.4189196056236,-14.3043976847318));
#11696=CARTESIAN_POINT('Ctrl Pts',(47.2232393569738,-38.8944775442734,-18.6721649551708));
#11697=CARTESIAN_POINT('Ctrl Pts',(47.9973225635718,-42.6035966627924,-21.7900937811338));
#11698=CARTESIAN_POINT('Ctrl Pts',(47.0974122320624,-44.6958480134581,-22.6135204972965));
#11699=CARTESIAN_POINT('Ctrl Pts',(46.6627410573525,-45.3139818718825,-22.7403079120581));
#11700=CARTESIAN_POINT('Ctrl Pts',(39.3116843049179,-37.7045192156411,-12.2261701624512));
#11701=CARTESIAN_POINT('Ctrl Pts',(40.5249095904952,-36.9037589366544,-12.5062180991666));
#11702=CARTESIAN_POINT('Ctrl Pts',(43.5927188205735,-36.2904600075608,-14.1733172862565));
#11703=CARTESIAN_POINT('Ctrl Pts',(47.5290481790659,-38.8331553270799,-18.5406152017969));
#11704=CARTESIAN_POINT('Ctrl Pts',(48.3984865754726,-42.7052501835972,-21.6707519182352));
#11705=CARTESIAN_POINT('Ctrl Pts',(47.4701332671529,-44.9277199645831,-22.5080134268198));
#11706=CARTESIAN_POINT('Ctrl Pts',(47.0125437138518,-45.5841372354015,-22.6369701211244));
#11707=CARTESIAN_POINT('Ctrl Pts',(39.3148305275522,-37.6611772604836,-12.0984194958383));
#11708=CARTESIAN_POINT('Ctrl Pts',(40.5648490835647,-36.8393006229989,-12.3770705538693));
#11709=CARTESIAN_POINT('Ctrl Pts',(43.7293455203599,-36.2215366810754,-14.0355011460304));
#11710=CARTESIAN_POINT('Ctrl Pts',(47.7762978331862,-38.8912481823355,-18.3712501552332));
#11711=CARTESIAN_POINT('Ctrl Pts',(48.6193226377296,-42.89761485813,-21.4335915597701));
#11712=CARTESIAN_POINT('Ctrl Pts',(47.6672155811713,-45.1277765055752,-22.2243921261326));
#11713=CARTESIAN_POINT('Ctrl Pts',(47.2085465140678,-45.7828975552769,-22.3462308527126));
#11714=CARTESIAN_POINT('Ctrl Pts',(39.3246386827149,-37.6464294892733,-12.019418647184));
#11715=CARTESIAN_POINT('Ctrl Pts',(40.5953095186046,-36.8150962161972,-12.2968897068832));
#11716=CARTESIAN_POINT('Ctrl Pts',(43.8159614417846,-36.207700752312,-13.947745924534));
#11717=CARTESIAN_POINT('Ctrl Pts',(47.8900396672193,-38.9828115970214,-18.2560562098922));
#11718=CARTESIAN_POINT('Ctrl Pts',(48.6500314064365,-43.039624646712,-21.255222040279));
#11719=CARTESIAN_POINT('Ctrl Pts',(47.6852329321955,-45.2130876453366,-22.0006137805593));
#11720=CARTESIAN_POINT('Ctrl Pts',(47.2354528461915,-45.8490077971502,-22.1155457791449));
#11721=CARTESIAN_POINT('Ctrl Pts',(39.3314534811291,-37.6419846688435,-11.9799170243022));
#11722=CARTESIAN_POINT('Ctrl Pts',(40.6119318511288,-36.8068174235425,-12.2567964780371));
#11723=CARTESIAN_POINT('Ctrl Pts',(43.8597454976368,-36.2081485320649,-13.9039454306572));
#11724=CARTESIAN_POINT('Ctrl Pts',(47.9342608449234,-39.0408473167313,-18.1986184572501));
#11725=CARTESIAN_POINT('Ctrl Pts',(48.6375552494917,-43.1100924761093,-21.1660227597763));
#11726=CARTESIAN_POINT('Ctrl Pts',(47.6677642327999,-45.2419874416396,-21.8885798410873));
#11727=CARTESIAN_POINT('Ctrl Pts',(47.2243413891371,-45.8646097008251,-22.));
#11728=CARTESIAN_POINT('',(39.9520815422791,-37.5479184651715,-12.6572113885075));
#11729=CARTESIAN_POINT('Origin',(42.15,-42.15,-17.4655374953077));
#11730=CARTESIAN_POINT('',(39.3314534811291,-37.6419846688435,-11.9799170243022));
#11731=CARTESIAN_POINT('Ctrl Pts',(39.3314534811291,-37.6419846688435,-11.9799170243022));
#11732=CARTESIAN_POINT('Ctrl Pts',(39.3493412704681,-37.6303177042959,-12.0151521668553));
#11733=CARTESIAN_POINT('Ctrl Pts',(39.369944228816,-37.6194630177563,-12.0508963965593));
#11734=CARTESIAN_POINT('Ctrl Pts',(39.3932056444658,-37.6095313077853,-12.0870356321841));
#11735=CARTESIAN_POINT('Ctrl Pts',(39.4004356703564,-37.606444370975,-12.0982682937368));
#11736=CARTESIAN_POINT('Ctrl Pts',(39.4079226204608,-37.6034469553953,-12.1095392070933));
#11737=CARTESIAN_POINT('Ctrl Pts',(39.4156650810073,-37.6005433486415,-12.1208451300049));
#11738=CARTESIAN_POINT('Ctrl Pts',(39.4407233879562,-37.5911458878655,-12.1574365062163));
#11739=CARTESIAN_POINT('Ctrl Pts',(39.4684565618353,-37.5827275184771,-12.1943948736143));
#11740=CARTESIAN_POINT('Ctrl Pts',(39.4988065424379,-37.5754313638076,-12.2316159576868));
#11741=CARTESIAN_POINT('Ctrl Pts',(39.508158244494,-37.5731832086764,-12.2430848443727));
#11742=CARTESIAN_POINT('Ctrl Pts',(39.5177585448304,-37.571041937357,-12.2545786383282));
#11743=CARTESIAN_POINT('Ctrl Pts',(39.5276061718519,-37.5690126325752,-12.2660941175767));
#11744=CARTESIAN_POINT('Ctrl Pts',(39.5415206227819,-37.5661452756223,-12.282365202031));
#11745=CARTESIAN_POINT('Ctrl Pts',(39.5559288196497,-37.5635014091588,-12.2986796130405));
#11746=CARTESIAN_POINT('Ctrl Pts',(39.570825261285,-37.5610929388503,-12.3150294323968));
#11747=CARTESIAN_POINT('Ctrl Pts',(39.6035331012773,-37.5558047053644,-12.3509284268345));
#11748=CARTESIAN_POINT('Ctrl Pts',(39.6377240230464,-37.5517916398931,-12.3860464846366));
#11749=CARTESIAN_POINT('Ctrl Pts',(39.6730468021774,-37.5489887426499,-12.4202976756106));
#11750=CARTESIAN_POINT('Ctrl Pts',(39.6878638507672,-37.5478129952804,-12.4346652189751));
#11751=CARTESIAN_POINT('Ctrl Pts',(39.7028806732785,-37.5468503521009,-12.4488804185992));
#11752=CARTESIAN_POINT('Ctrl Pts',(39.7180738668432,-37.5460965935389,-12.4629375568335));
#11753=CARTESIAN_POINT('Ctrl Pts',(39.7562943680023,-37.5442004135243,-12.4983001595604));
#11754=CARTESIAN_POINT('Ctrl Pts',(39.7956269572018,-37.54362530389,-12.5326626706336));
#11755=CARTESIAN_POINT('Ctrl Pts',(39.835709125617,-37.5442742639416,-12.5659670826974));
#11756=CARTESIAN_POINT('Ctrl Pts',(39.8727920112958,-37.5448746633798,-12.5967793803847));
#11757=CARTESIAN_POINT('Ctrl Pts',(39.9105175624268,-37.5465232498745,-12.6266862520728));
#11758=CARTESIAN_POINT('Ctrl Pts',(39.9486377857814,-37.5491485370823,-12.6556383664118));
#11759=CARTESIAN_POINT('Ctrl Pts',(39.9500178652226,-37.54924358125,-12.6566865296769));
#11760=CARTESIAN_POINT('Ctrl Pts',(39.9513986901305,-37.5493399147436,-12.657733606865));
#11761=CARTESIAN_POINT('Ctrl Pts',(39.9527802510645,-37.5494375351673,-12.6587795949229));
#11762=CARTESIAN_POINT('Origin',(42.5,-42.5,-16.9705627484771));
#11763=CARTESIAN_POINT('Origin',(40.2630693438861,-37.8589062667784,-12.1070650616115));
#11764=CARTESIAN_POINT('',(39.1673048182227,-37.7530912347762,-11.2574200082511));
#11765=CARTESIAN_POINT('',(40.3955236104713,-38.9813100270248,-12.9943836818105));
#11766=CARTESIAN_POINT('',(39.7680945970555,-38.353881013609,-12.1070650616115));
#11767=CARTESIAN_POINT('Ctrl Pts',(39.3314534811291,-37.6419846688435,-11.9799170243022));
#11768=CARTESIAN_POINT('Ctrl Pts',(39.2804927415823,-37.6752228253505,-11.8795352002255));
#11769=CARTESIAN_POINT('Ctrl Pts',(39.2387724760351,-37.7035907509724,-11.7631643615892));
#11770=CARTESIAN_POINT('Ctrl Pts',(39.1813827309463,-37.7431037314664,-11.513956097819));
#11771=CARTESIAN_POINT('Ctrl Pts',(39.1673048182227,-37.7530912347762,-11.3805299213425));
#11772=CARTESIAN_POINT('Ctrl Pts',(39.1673048182227,-37.7530912347762,-11.2574200082511));
#11773=CARTESIAN_POINT('',(41.0639003517002,-38.6597372745926,-14.2295606276924));
#11774=CARTESIAN_POINT('',(39.9130693438861,-37.5089062667784,-12.6020398084421));
#11775=CARTESIAN_POINT('Ctrl Pts',(40.3955236104713,-38.9813100270248,-12.9943836818105));
#11776=CARTESIAN_POINT('Ctrl Pts',(40.3955236104713,-38.9813100270248,-13.128798703985));
#11777=CARTESIAN_POINT('Ctrl Pts',(40.4132966510535,-38.9704940862625,-13.2739646398183));
#11778=CARTESIAN_POINT('Ctrl Pts',(40.4855991350854,-38.9287352353499,-13.551689422277));
#11779=CARTESIAN_POINT('Ctrl Pts',(40.5403337217347,-38.8978892245241,-13.6842093843466));
#11780=CARTESIAN_POINT('Ctrl Pts',(40.6587848893544,-38.8361960764055,-13.8862514339477));
#11781=CARTESIAN_POINT('Ctrl Pts',(40.7342432537027,-38.7988233588971,-13.9844179136671));
#11782=CARTESIAN_POINT('Ctrl Pts',(40.8790524060731,-38.7332286974026,-14.1228784552451));
#11783=CARTESIAN_POINT('Ctrl Pts',(40.974749417865,-38.6930760417242,-14.1900954661435));
#11784=CARTESIAN_POINT('Ctrl Pts',(41.0639003517002,-38.6597372745926,-14.2295606276924));
#11785=CARTESIAN_POINT('Origin',(42.5,-42.5,0.));
#11786=CARTESIAN_POINT('',(39.1673048182227,-37.7530912347762,0.));
#11787=CARTESIAN_POINT('',(37.7530912347762,-39.1673048182227,0.));
#11788=CARTESIAN_POINT('Origin',(43.65,-43.65,-19.5868578388674));
#11789=CARTESIAN_POINT('Origin',(42.5,-42.5,-17.9605122421383));
#11790=CARTESIAN_POINT('Origin',(42.5,-42.5,0.));
#11791=CARTESIAN_POINT('',(38.9813100270248,-40.3955236104713,0.));
#11792=CARTESIAN_POINT('',(40.3955236104713,-38.9813100270248,0.));
#11793=CARTESIAN_POINT('Origin',(38.4510580130522,-37.0368444296056,0.));
#11794=CARTESIAN_POINT('',(38.4510580130522,-37.0368444296056,0.));
#11795=CARTESIAN_POINT('Ctrl Pts',(41.593183535692,-35.7607356558692,0.));
#11796=CARTESIAN_POINT('Ctrl Pts',(41.593183535692,-35.7607356558692,-2.));
#11797=CARTESIAN_POINT('Ctrl Pts',(38.9255011048108,-32.8216000381886,0.));
#11798=CARTESIAN_POINT('Ctrl Pts',(38.9255011048108,-32.8216000381886,-2.));
#11799=CARTESIAN_POINT('Ctrl Pts',(36.4861339200672,-29.771269227621,0.));
#11800=CARTESIAN_POINT('Ctrl Pts',(36.4861339200672,-29.771269227621,-2.));
#11801=CARTESIAN_POINT('Ctrl Pts',(34.3426356101481,-26.5084694067488,0.));
#11802=CARTESIAN_POINT('Ctrl Pts',(34.3426356101481,-26.5084694067488,-2.));
#11803=CARTESIAN_POINT('Ctrl Pts',(31.5089291508882,-22.1950454656651,0.));
#11804=CARTESIAN_POINT('Ctrl Pts',(31.5089291508882,-22.1950454656651,-2.));
#11805=CARTESIAN_POINT('Ctrl Pts',(29.2231294310532,-17.4687355074019,0.));
#11806=CARTESIAN_POINT('Ctrl Pts',(29.2231294310532,-17.4687355074019,-2.));
#11807=CARTESIAN_POINT('Ctrl Pts',(27.8143136429776,-12.2624337334232,0.));
#11808=CARTESIAN_POINT('Ctrl Pts',(27.8143136429776,-12.2624337334232,-2.));
#11809=CARTESIAN_POINT('Ctrl Pts',(26.7585691162737,-8.36091257730772,0.));
#11810=CARTESIAN_POINT('Ctrl Pts',(26.7585691162737,-8.36091257730772,-2.));
#11811=CARTESIAN_POINT('Ctrl Pts',(26.2070214544048,-4.18163824444221,0.));
#11812=CARTESIAN_POINT('Ctrl Pts',(26.2070214544048,-4.18163824444221,-2.));
#11813=CARTESIAN_POINT('Ctrl Pts',(26.2026304963712,1.2490009027033E-15,
0.));
#11814=CARTESIAN_POINT('Ctrl Pts',(26.2026304963712,1.2490009027033E-15,
-2.));
#11815=CARTESIAN_POINT('',(26.2026304963712,0.,-2.));
#11816=CARTESIAN_POINT('',(26.2026304963712,-1.2490009027033E-15,0.));
#11817=CARTESIAN_POINT('',(41.5931835356927,-35.7607356558701,-2.));
#11818=CARTESIAN_POINT('Ctrl Pts',(41.593183535692,-35.7607356558692,-2.));
#11819=CARTESIAN_POINT('Ctrl Pts',(38.9255011048108,-32.8216000381886,-2.));
#11820=CARTESIAN_POINT('Ctrl Pts',(36.4861339200672,-29.771269227621,-2.));
#11821=CARTESIAN_POINT('Ctrl Pts',(34.3426356101481,-26.5084694067488,-2.));
#11822=CARTESIAN_POINT('Ctrl Pts',(31.5089291508882,-22.1950454656651,-2.));
#11823=CARTESIAN_POINT('Ctrl Pts',(29.2231294310532,-17.4687355074019,-2.));
#11824=CARTESIAN_POINT('Ctrl Pts',(27.8143136429776,-12.2624337334232,-2.));
#11825=CARTESIAN_POINT('Ctrl Pts',(26.7585691162737,-8.36091257730772,-2.));
#11826=CARTESIAN_POINT('Ctrl Pts',(26.2070214544048,-4.18163824444222,-2.));
#11827=CARTESIAN_POINT('Ctrl Pts',(26.2026304963713,1.33226762955019E-15,
-2.));
#11828=CARTESIAN_POINT('',(41.5931835356927,-35.7607356558701,0.));
#11829=CARTESIAN_POINT('Origin',(19.767665926638,-28.3066222185772,0.));
#11830=CARTESIAN_POINT('',(23.0907316074999,-32.2668976821709,-2.));
#11831=CARTESIAN_POINT('',(23.0907316074999,-32.2668976821709,0.));
#11832=CARTESIAN_POINT('',(19.3177145998574,-27.7703911083939,-2.));
#11833=CARTESIAN_POINT('',(18.,-26.2,-2.));
#11834=CARTESIAN_POINT('',(19.3177145998574,-27.7703911083939,0.));
#11835=CARTESIAN_POINT('Ctrl Pts',(23.0907316075,-32.2668976821709,0.));
#11836=CARTESIAN_POINT('Ctrl Pts',(23.0907316075,-32.2668976821709,-2.));
#11837=CARTESIAN_POINT('Ctrl Pts',(24.2581564750808,-32.9186787936949,0.));
#11838=CARTESIAN_POINT('Ctrl Pts',(24.2581564750808,-32.9186787936949,-2.));
#11839=CARTESIAN_POINT('Ctrl Pts',(25.3970197228634,-33.6124680700716,0.));
#11840=CARTESIAN_POINT('Ctrl Pts',(25.3970197228634,-33.6124680700716,-2.));
#11841=CARTESIAN_POINT('Ctrl Pts',(26.5084694067488,-34.3426356101481,0.));
#11842=CARTESIAN_POINT('Ctrl Pts',(26.5084694067488,-34.3426356101481,-2.));
#11843=CARTESIAN_POINT('Ctrl Pts',(29.771269227621,-36.4861339200672,0.));
#11844=CARTESIAN_POINT('Ctrl Pts',(29.771269227621,-36.4861339200672,-2.));
#11845=CARTESIAN_POINT('Ctrl Pts',(32.8216000381886,-38.9255011048108,0.));
#11846=CARTESIAN_POINT('Ctrl Pts',(32.8216000381886,-38.9255011048108,-2.));
#11847=CARTESIAN_POINT('Ctrl Pts',(35.7607356558692,-41.593183535692,0.));
#11848=CARTESIAN_POINT('Ctrl Pts',(35.7607356558692,-41.593183535692,-2.));
#11849=CARTESIAN_POINT('',(35.7607356558701,-41.5931835356927,-2.));
#11850=CARTESIAN_POINT('',(35.7607356558701,-41.5931835356927,0.));
#11851=CARTESIAN_POINT('Ctrl Pts',(23.0907316075,-32.2668976821709,-2.));
#11852=CARTESIAN_POINT('Ctrl Pts',(24.2581564750808,-32.9186787936949,-2.));
#11853=CARTESIAN_POINT('Ctrl Pts',(25.3970197228634,-33.6124680700716,-2.));
#11854=CARTESIAN_POINT('Ctrl Pts',(26.5084694067488,-34.3426356101481,-2.));
#11855=CARTESIAN_POINT('Ctrl Pts',(29.771269227621,-36.4861339200672,-2.));
#11856=CARTESIAN_POINT('Ctrl Pts',(32.8216000381886,-38.9255011048108,-2.));
#11857=CARTESIAN_POINT('Ctrl Pts',(35.7607356558692,-41.593183535692,-2.));
#11858=CARTESIAN_POINT('Origin',(28.0418040752346,-34.1144099754433,-2.));
#11859=CARTESIAN_POINT('',(36.3159422238312,-39.6720273302229,-2.));
#11860=CARTESIAN_POINT('Origin',(42.5,-42.5,-2.));
#11861=CARTESIAN_POINT('',(24.2597991708747,-30.8598352625377,-2.));
#11862=CARTESIAN_POINT('Ctrl Pts',(36.3159422238302,-39.672027330222,-2.));
#11863=CARTESIAN_POINT('Ctrl Pts',(33.7460029239461,-37.3823258153494,-2.));
#11864=CARTESIAN_POINT('Ctrl Pts',(31.0787212026123,-35.2576886732485,-2.));
#11865=CARTESIAN_POINT('Ctrl Pts',(28.2413224888609,-33.3350489823901,-2.));
#11866=CARTESIAN_POINT('Ctrl Pts',(26.9533006874194,-32.4622770923696,-2.));
#11867=CARTESIAN_POINT('Ctrl Pts',(25.6266772210226,-31.634051879642,-2.));
#11868=CARTESIAN_POINT('Ctrl Pts',(24.2597991708747,-30.8598352625377,-2.));
#11869=CARTESIAN_POINT('',(20.0095001799397,-25.7945261697791,-2.));
#11870=CARTESIAN_POINT('',(25.8423984344186,-32.7459036207896,-2.));
#11871=CARTESIAN_POINT('Origin',(18.,-26.2,-2.));
#11872=CARTESIAN_POINT('Ctrl Pts',(24.4012085842568,1.66533453693773E-15,
0.));
#11873=CARTESIAN_POINT('Ctrl Pts',(24.4012085842568,1.66533453693773E-15,
-4.));
#11874=CARTESIAN_POINT('Ctrl Pts',(24.4053318779388,-4.73729468377388,0.));
#11875=CARTESIAN_POINT('Ctrl Pts',(24.4053318779388,-4.73729468377388,-4.));
#11876=CARTESIAN_POINT('Ctrl Pts',(25.0925634496044,-9.46513376297558,0.));
#11877=CARTESIAN_POINT('Ctrl Pts',(25.0925634496044,-9.46513376297558,-4.));
#11878=CARTESIAN_POINT('Ctrl Pts',(26.3909229940618,-13.840057003589,0.));
#11879=CARTESIAN_POINT('Ctrl Pts',(26.3909229940618,-13.840057003589,-4.));
#11880=CARTESIAN_POINT('Ctrl Pts',(27.9581964971851,-19.1211066962439,0.));
#11881=CARTESIAN_POINT('Ctrl Pts',(27.9581964971851,-19.1211066962439,-4.));
#11882=CARTESIAN_POINT('Ctrl Pts',(30.3936373569382,-23.9004376094147,0.));
#11883=CARTESIAN_POINT('Ctrl Pts',(30.3936373569382,-23.9004376094147,-4.));
#11884=CARTESIAN_POINT('Ctrl Pts',(33.3350489823901,-28.2413224888609,0.));
#11885=CARTESIAN_POINT('Ctrl Pts',(33.3350489823901,-28.2413224888609,-4.));
#11886=CARTESIAN_POINT('Ctrl Pts',(35.2576886732485,-31.0787212026123,0.));
#11887=CARTESIAN_POINT('Ctrl Pts',(35.2576886732485,-31.0787212026123,-4.));
#11888=CARTESIAN_POINT('Ctrl Pts',(37.3823258153493,-33.7460029239461,0.));
#11889=CARTESIAN_POINT('Ctrl Pts',(37.3823258153493,-33.7460029239461,-4.));
#11890=CARTESIAN_POINT('Ctrl Pts',(39.672027330222,-36.3159422238302,0.));
#11891=CARTESIAN_POINT('Ctrl Pts',(39.672027330222,-36.3159422238302,-4.));
#11892=CARTESIAN_POINT('',(24.4012085842568,0.,-2.));
#11893=CARTESIAN_POINT('',(39.6720273302229,-36.3159422238312,-2.));
#11894=CARTESIAN_POINT('Ctrl Pts',(24.4012085842568,1.66533453693773E-15,
-2.));
#11895=CARTESIAN_POINT('Ctrl Pts',(24.4053318779388,-4.73729468377388,-2.));
#11896=CARTESIAN_POINT('Ctrl Pts',(25.0925634496044,-9.46513376297558,-2.));
#11897=CARTESIAN_POINT('Ctrl Pts',(26.3909229940618,-13.840057003589,-2.));
#11898=CARTESIAN_POINT('Ctrl Pts',(27.9581964971851,-19.1211066962439,-2.));
#11899=CARTESIAN_POINT('Ctrl Pts',(30.3936373569382,-23.9004376094147,-2.));
#11900=CARTESIAN_POINT('Ctrl Pts',(33.3350489823901,-28.2413224888609,-2.));
#11901=CARTESIAN_POINT('Ctrl Pts',(35.2576886732485,-31.0787212026123,-2.));
#11902=CARTESIAN_POINT('Ctrl Pts',(37.3823258153493,-33.7460029239461,-2.));
#11903=CARTESIAN_POINT('Ctrl Pts',(39.672027330222,-36.3159422238302,-2.));
#11904=CARTESIAN_POINT('',(24.4012085842568,0.,-4.));
#11905=CARTESIAN_POINT('',(24.4012085842568,-1.66533453693773E-15,0.));
#11906=CARTESIAN_POINT('',(39.6720273302229,-36.3159422238312,-4.));
#11907=CARTESIAN_POINT('Ctrl Pts',(24.4012085842568,1.22124532708767E-15,
-4.));
#11908=CARTESIAN_POINT('Ctrl Pts',(24.4053318779388,-4.73729468377388,-4.));
#11909=CARTESIAN_POINT('Ctrl Pts',(25.0925634496044,-9.46513376297558,-4.));
#11910=CARTESIAN_POINT('Ctrl Pts',(26.3909229940618,-13.840057003589,-4.));
#11911=CARTESIAN_POINT('Ctrl Pts',(27.9581964971851,-19.1211066962439,-4.));
#11912=CARTESIAN_POINT('Ctrl Pts',(30.3936373569382,-23.9004376094147,-4.));
#11913=CARTESIAN_POINT('Ctrl Pts',(33.3350489823901,-28.2413224888609,-4.));
#11914=CARTESIAN_POINT('Ctrl Pts',(35.2576886732485,-31.0787212026123,-4.));
#11915=CARTESIAN_POINT('Ctrl Pts',(37.3823258153493,-33.7460029239461,-4.));
#11916=CARTESIAN_POINT('Ctrl Pts',(39.672027330222,-36.3159422238302,-4.));
#11917=CARTESIAN_POINT('',(39.672027330222,-36.3159422238302,0.));
#11918=CARTESIAN_POINT('Ctrl Pts',(36.3159422238302,-39.672027330222,0.));
#11919=CARTESIAN_POINT('Ctrl Pts',(36.3159422238302,-39.672027330222,-4.));
#11920=CARTESIAN_POINT('Ctrl Pts',(33.7460029239461,-37.3823258153494,0.));
#11921=CARTESIAN_POINT('Ctrl Pts',(33.7460029239461,-37.3823258153494,-4.));
#11922=CARTESIAN_POINT('Ctrl Pts',(31.0787212026123,-35.2576886732485,0.));
#11923=CARTESIAN_POINT('Ctrl Pts',(31.0787212026123,-35.2576886732485,-4.));
#11924=CARTESIAN_POINT('Ctrl Pts',(28.2413224888609,-33.3350489823901,0.));
#11925=CARTESIAN_POINT('Ctrl Pts',(28.2413224888609,-33.3350489823901,-4.));
#11926=CARTESIAN_POINT('Ctrl Pts',(26.9533006874194,-32.4622770923696,0.));
#11927=CARTESIAN_POINT('Ctrl Pts',(26.9533006874194,-32.4622770923696,-4.));
#11928=CARTESIAN_POINT('Ctrl Pts',(25.6266772210226,-31.634051879642,0.));
#11929=CARTESIAN_POINT('Ctrl Pts',(25.6266772210226,-31.634051879642,-4.));
#11930=CARTESIAN_POINT('Ctrl Pts',(24.2597991708747,-30.8598352625377,0.));
#11931=CARTESIAN_POINT('Ctrl Pts',(24.2597991708747,-30.8598352625377,-4.));
#11932=CARTESIAN_POINT('',(36.3159422238312,-39.6720273302229,-4.));
#11933=CARTESIAN_POINT('',(36.3159422238302,-39.672027330222,0.));
#11934=CARTESIAN_POINT('',(24.2597991708747,-30.8598352625377,-4.));
#11935=CARTESIAN_POINT('Ctrl Pts',(36.3159422238302,-39.672027330222,-4.));
#11936=CARTESIAN_POINT('Ctrl Pts',(33.7460029239461,-37.3823258153494,-4.));
#11937=CARTESIAN_POINT('Ctrl Pts',(31.0787212026123,-35.2576886732485,-4.));
#11938=CARTESIAN_POINT('Ctrl Pts',(28.2413224888609,-33.3350489823901,-4.));
#11939=CARTESIAN_POINT('Ctrl Pts',(26.9533006874194,-32.4622770923696,-4.));
#11940=CARTESIAN_POINT('Ctrl Pts',(25.6266772210226,-31.634051879642,-4.));
#11941=CARTESIAN_POINT('Ctrl Pts',(24.2597991708747,-30.8598352625377,-4.));
#11942=CARTESIAN_POINT('',(24.2597991708747,-30.8598352625377,0.));
#11943=CARTESIAN_POINT('Origin',(24.2597991708747,-30.8598352625377,0.));
#11944=CARTESIAN_POINT('',(20.0095001799397,-25.7945261697791,-4.));
#11945=CARTESIAN_POINT('',(20.205231820283,-26.0277900553208,-4.));
#11946=CARTESIAN_POINT('',(20.0095001798683,-25.7945261696368,0.));
#11947=CARTESIAN_POINT('Origin',(28.0418040752346,-34.1144099754433,-4.));
#11948=CARTESIAN_POINT('',(35.7607356558701,-41.5931835356927,-4.));
#11949=CARTESIAN_POINT('',(23.0907316074999,-32.2668976821709,-4.));
#11950=CARTESIAN_POINT('Ctrl Pts',(35.7607356558692,-41.593183535692,-4.));
#11951=CARTESIAN_POINT('Ctrl Pts',(32.8216000381886,-38.9255011048108,-4.));
#11952=CARTESIAN_POINT('Ctrl Pts',(29.771269227621,-36.4861339200672,-4.));
#11953=CARTESIAN_POINT('Ctrl Pts',(26.5084694067488,-34.3426356101481,-4.));
#11954=CARTESIAN_POINT('Ctrl Pts',(25.3970197228634,-33.6124680700716,-4.));
#11955=CARTESIAN_POINT('Ctrl Pts',(24.2581564750808,-32.9186787936949,-4.));
#11956=CARTESIAN_POINT('Ctrl Pts',(23.0907316075,-32.2668976821709,-4.));
#11957=CARTESIAN_POINT('',(19.3177145998574,-27.7703911083939,-4.));
#11958=CARTESIAN_POINT('',(24.5684246541038,-34.0279436792126,-4.));
#11959=CARTESIAN_POINT('Origin',(18.,-26.2,-4.));
#11960=CARTESIAN_POINT('Origin',(42.5,-42.5,-4.));
#11961=CARTESIAN_POINT('Origin',(38.9813100270248,-40.3955236104713,0.));
#11962=CARTESIAN_POINT('',(37.0368444296057,-38.4510580130522,0.));
#11963=CARTESIAN_POINT('Origin',(23.0907316074999,-32.2668976821709,0.));
#11964=CARTESIAN_POINT('',(23.0907316074999,-32.2668976821709,0.));
#11965=CARTESIAN_POINT('',(19.3177145998574,-27.7703911083939,0.));
#11966=CARTESIAN_POINT('Ctrl Pts',(35.7607356558692,-41.593183535692,0.));
#11967=CARTESIAN_POINT('Ctrl Pts',(35.7607356558692,-41.593183535692,-6.));
#11968=CARTESIAN_POINT('Ctrl Pts',(32.8216000381886,-38.9255011048108,0.));
#11969=CARTESIAN_POINT('Ctrl Pts',(32.8216000381886,-38.9255011048108,-6.));
#11970=CARTESIAN_POINT('Ctrl Pts',(29.771269227621,-36.4861339200672,0.));
#11971=CARTESIAN_POINT('Ctrl Pts',(29.771269227621,-36.4861339200672,-6.));
#11972=CARTESIAN_POINT('Ctrl Pts',(26.5084694067488,-34.3426356101481,0.));
#11973=CARTESIAN_POINT('Ctrl Pts',(26.5084694067488,-34.3426356101481,-6.));
#11974=CARTESIAN_POINT('Ctrl Pts',(25.3970197228634,-33.6124680700716,0.));
#11975=CARTESIAN_POINT('Ctrl Pts',(25.3970197228634,-33.6124680700716,-6.));
#11976=CARTESIAN_POINT('Ctrl Pts',(24.2581564750808,-32.9186787936949,0.));
#11977=CARTESIAN_POINT('Ctrl Pts',(24.2581564750808,-32.9186787936949,-6.));
#11978=CARTESIAN_POINT('Ctrl Pts',(23.0907316075,-32.2668976821709,0.));
#11979=CARTESIAN_POINT('Ctrl Pts',(23.0907316075,-32.2668976821709,-6.));
#11980=CARTESIAN_POINT('',(35.7607356558701,-41.5931835356927,0.));
#11981=CARTESIAN_POINT('Origin',(42.5,-42.5,0.));
#11982=CARTESIAN_POINT('Origin',(42.5,-42.5,0.));
#11983=CARTESIAN_POINT('',(41.5931835356927,-35.7607356558701,-4.));
#11984=CARTESIAN_POINT('Origin',(42.5,-42.5,-4.));
#11985=CARTESIAN_POINT('',(41.5931835356927,-35.7607356558701,0.));
#11986=CARTESIAN_POINT('Origin',(42.5,-42.5,-2.));
#11987=CARTESIAN_POINT('Ctrl Pts',(26.2026304963712,1.2490009027033E-15,
0.));
#11988=CARTESIAN_POINT('Ctrl Pts',(26.2026304963712,1.2490009027033E-15,
-6.));
#11989=CARTESIAN_POINT('Ctrl Pts',(26.2070214544048,-4.18163824444222,0.));
#11990=CARTESIAN_POINT('Ctrl Pts',(26.2070214544048,-4.18163824444222,-6.));
#11991=CARTESIAN_POINT('Ctrl Pts',(26.7585691162737,-8.36091257730772,0.));
#11992=CARTESIAN_POINT('Ctrl Pts',(26.7585691162737,-8.36091257730772,-6.));
#11993=CARTESIAN_POINT('Ctrl Pts',(27.8143136429776,-12.2624337334232,0.));
#11994=CARTESIAN_POINT('Ctrl Pts',(27.8143136429776,-12.2624337334232,-6.));
#11995=CARTESIAN_POINT('Ctrl Pts',(29.2231294310532,-17.4687355074019,0.));
#11996=CARTESIAN_POINT('Ctrl Pts',(29.2231294310532,-17.4687355074019,-6.));
#11997=CARTESIAN_POINT('Ctrl Pts',(31.5089291508882,-22.1950454656651,0.));
#11998=CARTESIAN_POINT('Ctrl Pts',(31.5089291508882,-22.1950454656651,-6.));
#11999=CARTESIAN_POINT('Ctrl Pts',(34.3426356101481,-26.5084694067488,0.));
#12000=CARTESIAN_POINT('Ctrl Pts',(34.3426356101481,-26.5084694067488,-6.));
#12001=CARTESIAN_POINT('Ctrl Pts',(36.4861339200672,-29.771269227621,0.));
#12002=CARTESIAN_POINT('Ctrl Pts',(36.4861339200672,-29.771269227621,-6.));
#12003=CARTESIAN_POINT('Ctrl Pts',(38.9255011048108,-32.8216000381886,0.));
#12004=CARTESIAN_POINT('Ctrl Pts',(38.9255011048108,-32.8216000381886,-6.));
#12005=CARTESIAN_POINT('Ctrl Pts',(41.593183535692,-35.7607356558692,0.));
#12006=CARTESIAN_POINT('Ctrl Pts',(41.593183535692,-35.7607356558692,-6.));
#12007=CARTESIAN_POINT('',(26.2026304963712,0.,-4.));
#12008=CARTESIAN_POINT('Ctrl Pts',(26.2026304963712,1.2490009027033E-15,
-4.));
#12009=CARTESIAN_POINT('Ctrl Pts',(26.2070214544048,-4.18163824444222,-4.));
#12010=CARTESIAN_POINT('Ctrl Pts',(26.7585691162737,-8.36091257730772,-4.));
#12011=CARTESIAN_POINT('Ctrl Pts',(27.8143136429776,-12.2624337334232,-4.));
#12012=CARTESIAN_POINT('Ctrl Pts',(29.2231294310532,-17.4687355074019,-4.));
#12013=CARTESIAN_POINT('Ctrl Pts',(31.5089291508882,-22.1950454656651,-4.));
#12014=CARTESIAN_POINT('Ctrl Pts',(34.3426356101481,-26.5084694067488,-4.));
#12015=CARTESIAN_POINT('Ctrl Pts',(36.4861339200672,-29.771269227621,-4.));
#12016=CARTESIAN_POINT('Ctrl Pts',(38.9255011048108,-32.8216000381886,-4.));
#12017=CARTESIAN_POINT('Ctrl Pts',(41.593183535692,-35.7607356558692,-4.));
#12018=CARTESIAN_POINT('',(26.2026304963712,-1.2490009027033E-15,0.));
#12019=CARTESIAN_POINT('Ctrl Pts',(44.1920170319218,-35.913872278517,0.));
#12020=CARTESIAN_POINT('Ctrl Pts',(44.1920170319218,-35.913872278517,-6.));
#12021=CARTESIAN_POINT('Ctrl Pts',(43.4492425189335,-35.122968771554,0.));
#12022=CARTESIAN_POINT('Ctrl Pts',(43.4492425189335,-35.122968771554,-6.));
#12023=CARTESIAN_POINT('Ctrl Pts',(41.5305489708693,-33.0261780854437,0.));
#12024=CARTESIAN_POINT('Ctrl Pts',(41.5305489708693,-33.0261780854437,-6.));
#12025=CARTESIAN_POINT('Ctrl Pts',(38.5850681833381,-29.5643749629135,0.));
#12026=CARTESIAN_POINT('Ctrl Pts',(38.5850681833381,-29.5643749629135,-6.));
#12027=CARTESIAN_POINT('Ctrl Pts',(34.9155191009357,-24.5839482172845,0.));
#12028=CARTESIAN_POINT('Ctrl Pts',(34.9155191009357,-24.5839482172845,-6.));
#12029=CARTESIAN_POINT('Ctrl Pts',(31.1391122625436,-17.649095247118,0.));
#12030=CARTESIAN_POINT('Ctrl Pts',(31.1391122625436,-17.649095247118,-6.));
#12031=CARTESIAN_POINT('Ctrl Pts',(29.0053737339271,-10.9351887011402,0.));
#12032=CARTESIAN_POINT('Ctrl Pts',(29.0053737339271,-10.9351887011402,-6.));
#12033=CARTESIAN_POINT('Ctrl Pts',(28.18279528684,-5.51081117852643,0.));
#12034=CARTESIAN_POINT('Ctrl Pts',(28.18279528684,-5.51081117852643,-6.));
#12035=CARTESIAN_POINT('Ctrl Pts',(28.0000000337605,-1.83693762486258,0.));
#12036=CARTESIAN_POINT('Ctrl Pts',(28.0000000337605,-1.83693762486258,-6.));
#12037=CARTESIAN_POINT('Ctrl Pts',(28.,-8.48161350319732E-7,0.));
#12038=CARTESIAN_POINT('Ctrl Pts',(28.,-8.48161350319732E-7,-6.));
#12039=CARTESIAN_POINT('',(44.1920170319218,-35.913872278517,0.));
#12040=CARTESIAN_POINT('',(28.,-1.04493567719704E-15,0.));
#12041=CARTESIAN_POINT('Origin',(42.5,-42.5,0.));
#12042=CARTESIAN_POINT('',(35.9138722785171,-44.1920170319219,0.));
#12043=CARTESIAN_POINT('Ctrl Pts',(8.48161350874843E-7,-28.,0.));
#12044=CARTESIAN_POINT('Ctrl Pts',(8.48161350874843E-7,-28.,-6.));
#12045=CARTESIAN_POINT('Ctrl Pts',(1.83693762486258,-28.0000000337605,0.));
#12046=CARTESIAN_POINT('Ctrl Pts',(1.83693762486258,-28.0000000337605,-6.));
#12047=CARTESIAN_POINT('Ctrl Pts',(5.51081117852643,-28.18279528684,0.));
#12048=CARTESIAN_POINT('Ctrl Pts',(5.51081117852643,-28.18279528684,-6.));
#12049=CARTESIAN_POINT('Ctrl Pts',(10.9351887011402,-29.0053737339272,0.));
#12050=CARTESIAN_POINT('Ctrl Pts',(10.9351887011402,-29.0053737339272,-6.));
#12051=CARTESIAN_POINT('Ctrl Pts',(17.649095247118,-31.1391122625437,0.));
#12052=CARTESIAN_POINT('Ctrl Pts',(17.649095247118,-31.1391122625437,-6.));
#12053=CARTESIAN_POINT('Ctrl Pts',(24.5839482172845,-34.9155191009358,0.));
#12054=CARTESIAN_POINT('Ctrl Pts',(24.5839482172845,-34.9155191009358,-6.));
#12055=CARTESIAN_POINT('Ctrl Pts',(29.5643749629135,-38.5850681833381,0.));
#12056=CARTESIAN_POINT('Ctrl Pts',(29.5643749629135,-38.5850681833381,-6.));
#12057=CARTESIAN_POINT('Ctrl Pts',(33.0261780854437,-41.5305489708693,0.));
#12058=CARTESIAN_POINT('Ctrl Pts',(33.0261780854437,-41.5305489708693,-6.));
#12059=CARTESIAN_POINT('Ctrl Pts',(35.122968771554,-43.4492425189335,0.));
#12060=CARTESIAN_POINT('Ctrl Pts',(35.122968771554,-43.4492425189335,-6.));
#12061=CARTESIAN_POINT('Ctrl Pts',(35.913872278517,-44.1920170319218,0.));
#12062=CARTESIAN_POINT('Ctrl Pts',(35.913872278517,-44.1920170319218,-6.));
#12063=CARTESIAN_POINT('Origin',(18.,-26.2,0.));
#12064=CARTESIAN_POINT('',(16.95,-26.2,0.));
#12065=CARTESIAN_POINT('Origin',(18.,-26.2,0.));
#12066=CARTESIAN_POINT('Ctrl Pts',(-45.1085361162427,46.3041622559654,-22.4949747468306));
#12067=CARTESIAN_POINT('Ctrl Pts',(-44.561057922821,46.6940685495309,-22.3835545879179));
#12068=CARTESIAN_POINT('Ctrl Pts',(-43.311068067146,47.250722335457,-21.8932919513571));
#12069=CARTESIAN_POINT('Ctrl Pts',(-40.5671045437265,47.3343448525253,-20.0121467854975));
#12070=CARTESIAN_POINT('Ctrl Pts',(-37.5018479107175,45.3866031472989,-16.4674216664544));
#12071=CARTESIAN_POINT('Ctrl Pts',(-36.7353625872401,41.8340989711498,-13.413434903395));
#12072=CARTESIAN_POINT('Ctrl Pts',(-37.5111112647559,39.9268332064238,-12.6133314980002));
#12073=CARTESIAN_POINT('Ctrl Pts',(-37.8782968639831,39.3638642678894,-12.4748917711328));
#12074=CARTESIAN_POINT('Ctrl Pts',(-45.1589619035832,46.405665944674,-22.602405109607));
#12075=CARTESIAN_POINT('Ctrl Pts',(-44.5882911829697,46.8108500276444,-22.4853558808705));
#12076=CARTESIAN_POINT('Ctrl Pts',(-43.2915145275341,47.3810568539021,-21.9716466281378));
#12077=CARTESIAN_POINT('Ctrl Pts',(-40.4963159290419,47.4441716875976,-20.039560749236));
#12078=CARTESIAN_POINT('Ctrl Pts',(-37.4229887347184,45.4471379297205,-16.4543701038927));
#12079=CARTESIAN_POINT('Ctrl Pts',(-36.674977927853,41.8503070323393,-13.382124656475));
#12080=CARTESIAN_POINT('Ctrl Pts',(-37.4681416003295,39.919306903103,-12.5776265693635));
#12081=CARTESIAN_POINT('Ctrl Pts',(-37.8416788322324,39.3489427949779,-12.4384478378871));
#12082=CARTESIAN_POINT('Ctrl Pts',(-45.3139818718825,46.6627410573525,-22.7403079120581));
#12083=CARTESIAN_POINT('Ctrl Pts',(-44.6958480134581,47.0974122320624,-22.6135204972965));
#12084=CARTESIAN_POINT('Ctrl Pts',(-43.3011552357917,47.6903624704392,-22.0592390913018));
#12085=CARTESIAN_POINT('Ctrl Pts',(-40.3898516919842,47.6988725024692,-20.0445657479443));
#12086=CARTESIAN_POINT('Ctrl Pts',(-37.283991392362,45.5868739057623,-16.4017814130763));
#12087=CARTESIAN_POINT('Ctrl Pts',(-36.5631920027261,41.8916832329506,-13.306782116435));
#12088=CARTESIAN_POINT('Ctrl Pts',(-37.3888393844723,39.9108912954255,-12.4968319707001));
#12089=CARTESIAN_POINT('Ctrl Pts',(-37.7746668308161,39.325323421117,-12.3567598114799));
#12090=CARTESIAN_POINT('Ctrl Pts',(-45.5841372354015,47.0125437138518,-22.6369701211244));
#12091=CARTESIAN_POINT('Ctrl Pts',(-44.9277199645831,47.4701332671529,-22.5080134268198));
#12092=CARTESIAN_POINT('Ctrl Pts',(-43.447133300218,48.0832741148215,-21.94502378629));
#12093=CARTESIAN_POINT('Ctrl Pts',(-40.3885931352711,48.0502250667322,-19.9163724287051));
#12094=CARTESIAN_POINT('Ctrl Pts',(-37.1739530406952,45.8090451239208,-16.2700597883287));
#12095=CARTESIAN_POINT('Ctrl Pts',(-36.4453792428056,41.9702637413274,-13.1758343370682));
#12096=CARTESIAN_POINT('Ctrl Pts',(-37.3041390761478,39.9182969477066,-12.3661941308089));
#12097=CARTESIAN_POINT('Ctrl Pts',(-37.7045192156411,39.3116843049179,-12.2261701624512));
#12098=CARTESIAN_POINT('Ctrl Pts',(-45.7828975552769,47.2085465140678,-22.3462308527126));
#12099=CARTESIAN_POINT('Ctrl Pts',(-45.1277765055752,47.6672155811713,-22.2243921261326));
#12100=CARTESIAN_POINT('Ctrl Pts',(-43.6422622969733,48.2933545293895,-21.6908312550796));
#12101=CARTESIAN_POINT('Ctrl Pts',(-40.5078029346566,48.2926470777611,-19.7230136104424));
#12102=CARTESIAN_POINT('Ctrl Pts',(-37.154190596805,46.0134217334712,-16.1198465500625));
#12103=CARTESIAN_POINT('Ctrl Pts',(-36.3730704006376,42.0552459349307,-13.0432318188615));
#12104=CARTESIAN_POINT('Ctrl Pts',(-37.2502389417412,39.9398398055585,-12.2377450248538));
#12105=CARTESIAN_POINT('Ctrl Pts',(-37.6611772604836,39.3148305275522,-12.0984194958383));
#12106=CARTESIAN_POINT('Ctrl Pts',(-45.8490077971502,47.2354528461915,-22.1155457791449));
#12107=CARTESIAN_POINT('Ctrl Pts',(-45.2130876453365,47.6852329321955,-22.0006137805593));
#12108=CARTESIAN_POINT('Ctrl Pts',(-43.7645897045016,48.3166409883208,-21.4959010822197));
#12109=CARTESIAN_POINT('Ctrl Pts',(-40.6302638152792,48.3746050286216,-19.5856594886892));
#12110=CARTESIAN_POINT('Ctrl Pts',(-37.1865939760677,46.1279337121289,-16.0215306724997));
#12111=CARTESIAN_POINT('Ctrl Pts',(-36.3491109092047,42.1115980658642,-12.9600078371066));
#12112=CARTESIAN_POINT('Ctrl Pts',(-37.2307628527353,39.9599741006597,-12.1581541770336));
#12113=CARTESIAN_POINT('Ctrl Pts',(-37.6464294892733,39.3246386827149,-12.019418647184));
#12114=CARTESIAN_POINT('Ctrl Pts',(-45.8646097008251,47.2243413891371,-22.));
#12115=CARTESIAN_POINT('Ctrl Pts',(-45.2419874416396,47.6677642327999,-21.8885798410873));
#12116=CARTESIAN_POINT('Ctrl Pts',(-43.820430350872,48.3008214795393,-21.3983172045266));
#12117=CARTESIAN_POINT('Ctrl Pts',(-40.6998443830614,48.3959215969896,-19.5171720386669));
#12118=CARTESIAN_POINT('Ctrl Pts',(-37.2138662514043,46.1808427949674,-15.9724469196238));
#12119=CARTESIAN_POINT('Ctrl Pts',(-36.3421770599986,42.1407400064056,-12.9184601565644));
#12120=CARTESIAN_POINT('Ctrl Pts',(-37.224401046193,39.971692666129,-12.1183567511697));
#12121=CARTESIAN_POINT('Ctrl Pts',(-37.6419846688435,39.3314534811291,-11.9799170243022));
#12122=CARTESIAN_POINT('',(-37.6419846688435,39.3314534811291,-11.9799170243022));
#12123=CARTESIAN_POINT('',(-45.864609700825,47.2243413891371,-22.));
#12124=CARTESIAN_POINT('Origin',(-42.5,42.5,-16.9705627484771));
#12125=CARTESIAN_POINT('',(-37.5479184651714,39.9520815422791,-12.6572113885075));
#12126=CARTESIAN_POINT('Ctrl Pts',(-37.5470696712546,39.9520374143911,-12.6565799974442));
#12127=CARTESIAN_POINT('Ctrl Pts',(-37.5469802052691,39.9506585535377,-12.6555416311846));
#12128=CARTESIAN_POINT('Ctrl Pts',(-37.5468920123814,39.9492804223246,-12.6545021636792));
#12129=CARTESIAN_POINT('Ctrl Pts',(-37.5468050947995,39.9479030300346,-12.6534615976746));
#12130=CARTESIAN_POINT('Ctrl Pts',(-37.5442133669561,39.9068316395306,-12.6224337684697));
#12131=CARTESIAN_POINT('Ctrl Pts',(-37.5427484665454,39.8662142467759,-12.590283396955));
#12132=CARTESIAN_POINT('Ctrl Pts',(-37.5424954962399,39.8263636873159,-12.5570667983194));
#12133=CARTESIAN_POINT('Ctrl Pts',(-37.5422608411959,39.7893983416534,-12.5262551091754));
#12134=CARTESIAN_POINT('Ctrl Pts',(-37.5430686465015,39.7530927743794,-12.4945256399056));
#12135=CARTESIAN_POINT('Ctrl Pts',(-37.5449930903523,39.7177363203495,-12.4619211264804));
#12136=CARTESIAN_POINT('Ctrl Pts',(-37.5469476989718,39.6818256702294,-12.4288055523632));
#12137=CARTESIAN_POINT('Ctrl Pts',(-37.5500540793294,39.6468939704852,-12.3947864611568));
#12138=CARTESIAN_POINT('Ctrl Pts',(-37.5543684632048,39.6132644174008,-12.3599405453475));
#12139=CARTESIAN_POINT('Ctrl Pts',(-37.5562218038785,39.5988180861591,-12.3449716981274));
#12140=CARTESIAN_POINT('Ctrl Pts',(-37.5582982128788,39.5846126263327,-12.3298504176805));
#12141=CARTESIAN_POINT('Ctrl Pts',(-37.5606029757406,39.5706764327978,-12.3145836622397));
#12142=CARTESIAN_POINT('Ctrl Pts',(-37.5630639023548,39.5557959649906,-12.298282477681));
#12143=CARTESIAN_POINT('Ctrl Pts',(-37.565755244955,39.5414021940377,-12.2820120158144));
#12144=CARTESIAN_POINT('Ctrl Pts',(-37.5686654249822,39.5275007433219,-12.2657804798248));
#12145=CARTESIAN_POINT('Ctrl Pts',(-37.5753457619774,39.4955898736722,-12.2285208844222));
#12146=CARTESIAN_POINT('Ctrl Pts',(-37.5831759225337,39.4662717431426,-12.1914669144995));
#12147=CARTESIAN_POINT('Ctrl Pts',(-37.5920030833458,39.4395991205354,-12.154728978691));
#12148=CARTESIAN_POINT('Ctrl Pts',(-37.5947297610322,39.4313600449764,-12.1433807647014));
#12149=CARTESIAN_POINT('Ctrl Pts',(-37.5975519096697,39.4233735522872,-12.132062653883));
#12150=CARTESIAN_POINT('Ctrl Pts',(-37.6004659337535,39.4156415938388,-12.1207778281364));
#12151=CARTESIAN_POINT('Ctrl Pts',(-37.6099054470683,39.3905951554346,-12.0842224463594));
#12152=CARTESIAN_POINT('Ctrl Pts',(-37.6203053203178,39.3682184937797,-12.0480156897684));
#12153=CARTESIAN_POINT('Ctrl Pts',(-37.6315415030941,39.348566118356,-12.0122751363476));
#12154=CARTESIAN_POINT('Ctrl Pts',(-37.6349462852986,39.3426110658751,-12.0014450526183));
#12155=CARTESIAN_POINT('Ctrl Pts',(-37.6384281973826,39.336906262958,-11.9906578453959));
#12156=CARTESIAN_POINT('Ctrl Pts',(-37.6419846688435,39.3314534811291,-11.9799170243022));
#12157=CARTESIAN_POINT('',(-43.7057962797209,47.0069020924872,-22.));
#12158=CARTESIAN_POINT('Origin',(-42.15,42.15,-17.4655374953077));
#12159=CARTESIAN_POINT('Ctrl Pts',(-45.8646097008251,47.2243413891371,-22.));
#12160=CARTESIAN_POINT('Ctrl Pts',(-45.6194699184237,47.3989265052386,-22.));
#12161=CARTESIAN_POINT('Ctrl Pts',(-45.3549701979084,47.5535987111095,-22.0000000000001));
#12162=CARTESIAN_POINT('Ctrl Pts',(-44.7406363577265,47.8069520486745,-22.0000000000001));
#12163=CARTESIAN_POINT('Ctrl Pts',(-44.4401387527621,47.8635748999255,-22.));
#12164=CARTESIAN_POINT('Ctrl Pts',(-44.0294290179624,47.8621598641953,-22.));
#12165=CARTESIAN_POINT('Ctrl Pts',(-43.8884176375219,47.8361890269509,-22.));
#12166=CARTESIAN_POINT('Ctrl Pts',(-43.7008229214774,47.7606667355615,-22.));
#12167=CARTESIAN_POINT('Ctrl Pts',(-43.6384297137796,47.7217141240143,-22.));
#12168=CARTESIAN_POINT('Ctrl Pts',(-43.5557518257705,47.6422789006569,-22.));
#12169=CARTESIAN_POINT('Ctrl Pts',(-43.5269787035084,47.6034328427333,-22.0000000000389));
#12170=CARTESIAN_POINT('Ctrl Pts',(-43.490743961685,47.5205557355771,-22.0000000000389));
#12171=CARTESIAN_POINT('Ctrl Pts',(-43.4819239681864,47.4798384596106,-22.));
#12172=CARTESIAN_POINT('Ctrl Pts',(-43.4800415271366,47.391503396593,-22.));
#12173=CARTESIAN_POINT('Ctrl Pts',(-43.4885955493874,47.3459964370576,-21.9999999999996));
#12174=CARTESIAN_POINT('Ctrl Pts',(-43.5212424960189,47.2512965677882,-21.9999999999996));
#12175=CARTESIAN_POINT('Ctrl Pts',(-43.5476040630791,47.2029317921857,-21.9999999999981));
#12176=CARTESIAN_POINT('Ctrl Pts',(-43.6149710464506,47.1041186326843,-21.9999999999981));
#12177=CARTESIAN_POINT('Ctrl Pts',(-43.6594004628173,47.0532979093908,-22.));
#12178=CARTESIAN_POINT('Ctrl Pts',(-43.7057962797209,47.0069020924872,-22.));
#12179=CARTESIAN_POINT('Origin',(-38.3450226661332,40.7491857432409,-12.794537466471));
#12180=CARTESIAN_POINT('',(-38.6597372745926,41.0639003517003,-14.2295606276925));
#12181=CARTESIAN_POINT('',(-37.9950226661332,40.3991857432408,-13.2895122133016));
#12182=CARTESIAN_POINT('',(-37.7530912347762,39.1673048182227,-11.2574200082511));
#12183=CARTESIAN_POINT('Ctrl Pts',(-37.7530912347762,39.1673048182227,-11.2574200082511));
#12184=CARTESIAN_POINT('Ctrl Pts',(-37.7530912347762,39.1673048182227,-11.3805299213425));
#12185=CARTESIAN_POINT('Ctrl Pts',(-37.7431037314664,39.1813827309463,-11.513956097819));
#12186=CARTESIAN_POINT('Ctrl Pts',(-37.7035907509724,39.2387724760351,-11.7631643615891));
#12187=CARTESIAN_POINT('Ctrl Pts',(-37.6752228253505,39.2804927415823,-11.8795352002255));
#12188=CARTESIAN_POINT('Ctrl Pts',(-37.6419846688435,39.3314534811291,-11.9799170243022));
#12189=CARTESIAN_POINT('',(-38.9813100270248,40.3955236104713,-12.9943836818105));
#12190=CARTESIAN_POINT('',(-38.8399974129638,40.2542109964103,-12.794537466471));
#12191=CARTESIAN_POINT('Ctrl Pts',(-38.6597372745926,41.0639003517003,-14.2295606276924));
#12192=CARTESIAN_POINT('Ctrl Pts',(-38.6954205479043,40.9684799924086,-14.1873201291077));
#12193=CARTESIAN_POINT('Ctrl Pts',(-38.7383569155,40.8669903610585,-14.1140366517843));
#12194=CARTESIAN_POINT('Ctrl Pts',(-38.8085639825481,40.7137058540676,-13.9612744012935));
#12195=CARTESIAN_POINT('Ctrl Pts',(-38.8483321692839,40.6347847418808,-13.8518268008375));
#12196=CARTESIAN_POINT('Ctrl Pts',(-38.907408485122,40.5232461702534,-13.6441154965471));
#12197=CARTESIAN_POINT('Ctrl Pts',(-38.9348271999047,40.4749315901915,-13.5183710414908));
#12198=CARTESIAN_POINT('Ctrl Pts',(-38.9718191296954,40.4111489032278,-13.2564047332761));
#12199=CARTESIAN_POINT('Ctrl Pts',(-38.9813100270248,40.3955236104713,-13.1202095579574));
#12200=CARTESIAN_POINT('Ctrl Pts',(-38.9813100270248,40.3955236104713,-12.9943836818105));
#12201=CARTESIAN_POINT('Origin',(-43.65,43.65,-19.5868578388674));
#12202=CARTESIAN_POINT('',(-44.8600938818073,45.8526044904009,-22.));
#12203=CARTESIAN_POINT('Origin',(-42.5,42.5,-17.9605122421383));
#12204=CARTESIAN_POINT('',(-45.3563491861041,45.3563491861041,-22.));
#12205=CARTESIAN_POINT('Origin',(-42.5,42.5,-22.));
#12206=CARTESIAN_POINT('',(-45.8526044904009,44.8600938818073,-22.));
#12207=CARTESIAN_POINT('Origin',(-42.5,42.5,-22.));
#12208=CARTESIAN_POINT('',(-47.0069020924872,43.7057962797209,-22.));
#12209=CARTESIAN_POINT('',(-45.3563491861041,45.3563491861041,-22.));
#12210=CARTESIAN_POINT('',(-47.2243413891371,45.864609700825,-22.));
#12211=CARTESIAN_POINT('Ctrl Pts',(-47.0069020924872,43.7057962797209,-22.));
#12212=CARTESIAN_POINT('Ctrl Pts',(-47.075814955083,43.6368834171251,-22.));
#12213=CARTESIAN_POINT('Ctrl Pts',(-47.15616836403,43.570630446183,-22.));
#12214=CARTESIAN_POINT('Ctrl Pts',(-47.2950457679664,43.503075626828,-22.));
#12215=CARTESIAN_POINT('Ctrl Pts',(-47.3500093908542,43.4856523205454,-22.));
#12216=CARTESIAN_POINT('Ctrl Pts',(-47.4501338144993,43.4787980980751,-22.));
#12217=CARTESIAN_POINT('Ctrl Pts',(-47.4927772014459,43.4838646324437,-22.0000000000025));
#12218=CARTESIAN_POINT('Ctrl Pts',(-47.5744326986775,43.511590429648,-22.0000000000025));
#12219=CARTESIAN_POINT('Ctrl Pts',(-47.611175598264,43.5332257145585,-22.));
#12220=CARTESIAN_POINT('Ctrl Pts',(-47.6860829438301,43.5961995106191,-22.));
#12221=CARTESIAN_POINT('Ctrl Pts',(-47.7205089068067,43.6403555004891,-22.));
#12222=CARTESIAN_POINT('Ctrl Pts',(-47.7885715167085,43.7574062576245,-22.));
#12223=CARTESIAN_POINT('Ctrl Pts',(-47.8195924872165,43.8425325816237,-21.9999999999933));
#12224=CARTESIAN_POINT('Ctrl Pts',(-47.8677513628612,44.0862322268939,-21.9999999999933));
#12225=CARTESIAN_POINT('Ctrl Pts',(-47.8717217813065,44.2606291242712,-22.));
#12226=CARTESIAN_POINT('Ctrl Pts',(-47.8152912544292,44.6536932883964,-22.));
#12227=CARTESIAN_POINT('Ctrl Pts',(-47.7588647985617,44.8484634576307,-22.));
#12228=CARTESIAN_POINT('Ctrl Pts',(-47.5698594045265,45.3270572119735,-22.));
#12229=CARTESIAN_POINT('Ctrl Pts',(-47.4080604085098,45.6066447526229,-22.));
#12230=CARTESIAN_POINT('Ctrl Pts',(-47.2243413891371,45.8646097008251,-22.));
#12231=CARTESIAN_POINT('Origin',(-42.5,42.5,-22.));
#12232=CARTESIAN_POINT('Ctrl Pts',(-39.3638642678894,37.8782968639831,-12.4748917711328));
#12233=CARTESIAN_POINT('Ctrl Pts',(-40.4898021449581,37.1439256655288,-12.7517712248677));
#12234=CARTESIAN_POINT('Ctrl Pts',(-43.3456382824048,36.617509916126,-14.3989201774878));
#12235=CARTESIAN_POINT('Ctrl Pts',(-46.9284017774327,39.1083312612637,-18.6935932040807));
#12236=CARTESIAN_POINT('Ctrl Pts',(-47.5468158228289,42.6864606255444,-21.6609975066069));
#12237=CARTESIAN_POINT('Ctrl Pts',(-46.6940685495309,44.561057922821,-22.3835545879179));
#12238=CARTESIAN_POINT('Ctrl Pts',(-46.3041622559654,45.1085361162427,-22.4949747468306));
#12239=CARTESIAN_POINT('Ctrl Pts',(-39.3489427949778,37.8416788322324,-12.4384478378871));
#12240=CARTESIAN_POINT('Ctrl Pts',(-40.4896710112282,37.0946043684266,-12.71680530084));
#12241=CARTESIAN_POINT('Ctrl Pts',(-43.3792167443697,36.5473810592951,-14.3729759682318));
#12242=CARTESIAN_POINT('Ctrl Pts',(-47.0174872961402,39.0278363425701,-18.699507732867));
#12243=CARTESIAN_POINT('Ctrl Pts',(-47.6816137644907,42.64343913945,-21.7258651557504));
#12244=CARTESIAN_POINT('Ctrl Pts',(-46.8108500276444,44.5882911829697,-22.4853558808705));
#12245=CARTESIAN_POINT('Ctrl Pts',(-46.405665944674,45.1589619035832,-22.602405109607));
#12246=CARTESIAN_POINT('Ctrl Pts',(-39.325323421117,37.7746668308161,-12.3567598114799));
#12247=CARTESIAN_POINT('Ctrl Pts',(-40.4964591697339,37.0030119381286,-12.6369041299203));
#12248=CARTESIAN_POINT('Ctrl Pts',(-43.4581218044086,36.4189196056236,-14.3043976847318));
#12249=CARTESIAN_POINT('Ctrl Pts',(-47.2232393569738,38.8944775442734,-18.6721649551708));
#12250=CARTESIAN_POINT('Ctrl Pts',(-47.9973225635718,42.6035966627924,-21.7900937811338));
#12251=CARTESIAN_POINT('Ctrl Pts',(-47.0974122320624,44.6958480134581,-22.6135204972965));
#12252=CARTESIAN_POINT('Ctrl Pts',(-46.6627410573525,45.3139818718825,-22.7403079120581));
#12253=CARTESIAN_POINT('Ctrl Pts',(-39.3116843049179,37.7045192156411,-12.2261701624512));
#12254=CARTESIAN_POINT('Ctrl Pts',(-40.5249095904952,36.9037589366544,-12.5062180991666));
#12255=CARTESIAN_POINT('Ctrl Pts',(-43.5927188205735,36.2904600075608,-14.1733172862565));
#12256=CARTESIAN_POINT('Ctrl Pts',(-47.5290481790659,38.8331553270799,-18.5406152017969));
#12257=CARTESIAN_POINT('Ctrl Pts',(-48.3984865754726,42.7052501835972,-21.6707519182352));
#12258=CARTESIAN_POINT('Ctrl Pts',(-47.4701332671529,44.9277199645831,-22.5080134268198));
#12259=CARTESIAN_POINT('Ctrl Pts',(-47.0125437138518,45.5841372354015,-22.6369701211244));
#12260=CARTESIAN_POINT('Ctrl Pts',(-39.3148305275522,37.6611772604836,-12.0984194958383));
#12261=CARTESIAN_POINT('Ctrl Pts',(-40.5648490835647,36.8393006229989,-12.3770705538693));
#12262=CARTESIAN_POINT('Ctrl Pts',(-43.7293455203599,36.2215366810754,-14.0355011460304));
#12263=CARTESIAN_POINT('Ctrl Pts',(-47.7762978331862,38.8912481823355,-18.3712501552332));
#12264=CARTESIAN_POINT('Ctrl Pts',(-48.6193226377296,42.89761485813,-21.4335915597701));
#12265=CARTESIAN_POINT('Ctrl Pts',(-47.6672155811713,45.1277765055752,-22.2243921261326));
#12266=CARTESIAN_POINT('Ctrl Pts',(-47.2085465140678,45.7828975552769,-22.3462308527126));
#12267=CARTESIAN_POINT('Ctrl Pts',(-39.3246386827149,37.6464294892733,-12.019418647184));
#12268=CARTESIAN_POINT('Ctrl Pts',(-40.5953095186046,36.8150962161972,-12.2968897068832));
#12269=CARTESIAN_POINT('Ctrl Pts',(-43.8159614417846,36.207700752312,-13.947745924534));
#12270=CARTESIAN_POINT('Ctrl Pts',(-47.8900396672193,38.9828115970214,-18.2560562098922));
#12271=CARTESIAN_POINT('Ctrl Pts',(-48.6500314064365,43.039624646712,-21.255222040279));
#12272=CARTESIAN_POINT('Ctrl Pts',(-47.6852329321955,45.2130876453366,-22.0006137805593));
#12273=CARTESIAN_POINT('Ctrl Pts',(-47.2354528461915,45.8490077971502,-22.1155457791449));
#12274=CARTESIAN_POINT('Ctrl Pts',(-39.3314534811291,37.6419846688435,-11.9799170243022));
#12275=CARTESIAN_POINT('Ctrl Pts',(-40.6119318511288,36.8068174235425,-12.2567964780371));
#12276=CARTESIAN_POINT('Ctrl Pts',(-43.8597454976368,36.2081485320649,-13.9039454306572));
#12277=CARTESIAN_POINT('Ctrl Pts',(-47.9342608449234,39.0408473167313,-18.1986184572501));
#12278=CARTESIAN_POINT('Ctrl Pts',(-48.6375552494917,43.1100924761093,-21.1660227597763));
#12279=CARTESIAN_POINT('Ctrl Pts',(-47.6677642327999,45.2419874416396,-21.8885798410873));
#12280=CARTESIAN_POINT('Ctrl Pts',(-47.2243413891371,45.8646097008251,-22.));
#12281=CARTESIAN_POINT('',(-39.9520815422791,37.5479184651715,-12.6572113885075));
#12282=CARTESIAN_POINT('Origin',(-42.15,42.15,-17.4655374953077));
#12283=CARTESIAN_POINT('',(-39.3314534811291,37.6419846688435,-11.9799170243022));
#12284=CARTESIAN_POINT('Ctrl Pts',(-39.3314534811291,37.6419846688435,-11.9799170243022));
#12285=CARTESIAN_POINT('Ctrl Pts',(-39.3493412704681,37.6303177042959,-12.0151521668553));
#12286=CARTESIAN_POINT('Ctrl Pts',(-39.369944228816,37.6194630177563,-12.0508963965593));
#12287=CARTESIAN_POINT('Ctrl Pts',(-39.3932056444658,37.6095313077853,-12.0870356321841));
#12288=CARTESIAN_POINT('Ctrl Pts',(-39.4004356703564,37.606444370975,-12.0982682937368));
#12289=CARTESIAN_POINT('Ctrl Pts',(-39.4079226204608,37.6034469553953,-12.1095392070933));
#12290=CARTESIAN_POINT('Ctrl Pts',(-39.4156650810073,37.6005433486415,-12.1208451300049));
#12291=CARTESIAN_POINT('Ctrl Pts',(-39.4407233879562,37.5911458878655,-12.1574365062163));
#12292=CARTESIAN_POINT('Ctrl Pts',(-39.4684565618353,37.5827275184771,-12.1943948736143));
#12293=CARTESIAN_POINT('Ctrl Pts',(-39.4988065424379,37.5754313638076,-12.2316159576868));
#12294=CARTESIAN_POINT('Ctrl Pts',(-39.508158244494,37.5731832086764,-12.2430848443727));
#12295=CARTESIAN_POINT('Ctrl Pts',(-39.5177585448304,37.571041937357,-12.2545786383282));
#12296=CARTESIAN_POINT('Ctrl Pts',(-39.5276061718519,37.5690126325752,-12.2660941175767));
#12297=CARTESIAN_POINT('Ctrl Pts',(-39.5415206227819,37.5661452756223,-12.282365202031));
#12298=CARTESIAN_POINT('Ctrl Pts',(-39.5559288196497,37.5635014091588,-12.2986796130405));
#12299=CARTESIAN_POINT('Ctrl Pts',(-39.570825261285,37.5610929388503,-12.3150294323968));
#12300=CARTESIAN_POINT('Ctrl Pts',(-39.6035331012773,37.5558047053644,-12.3509284268345));
#12301=CARTESIAN_POINT('Ctrl Pts',(-39.6377240230464,37.5517916398931,-12.3860464846366));
#12302=CARTESIAN_POINT('Ctrl Pts',(-39.6730468021774,37.5489887426499,-12.4202976756106));
#12303=CARTESIAN_POINT('Ctrl Pts',(-39.6878638507672,37.5478129952804,-12.4346652189751));
#12304=CARTESIAN_POINT('Ctrl Pts',(-39.7028806732785,37.5468503521009,-12.4488804185992));
#12305=CARTESIAN_POINT('Ctrl Pts',(-39.7180738668432,37.5460965935389,-12.4629375568335));
#12306=CARTESIAN_POINT('Ctrl Pts',(-39.7562943680023,37.5442004135243,-12.4983001595604));
#12307=CARTESIAN_POINT('Ctrl Pts',(-39.7956269572018,37.54362530389,-12.5326626706336));
#12308=CARTESIAN_POINT('Ctrl Pts',(-39.835709125617,37.5442742639416,-12.5659670826974));
#12309=CARTESIAN_POINT('Ctrl Pts',(-39.8727920112958,37.5448746633798,-12.5967793803847));
#12310=CARTESIAN_POINT('Ctrl Pts',(-39.9105175624268,37.5465232498745,-12.6266862520728));
#12311=CARTESIAN_POINT('Ctrl Pts',(-39.9486377857814,37.5491485370823,-12.6556383664118));
#12312=CARTESIAN_POINT('Ctrl Pts',(-39.9500178652226,37.54924358125,-12.6566865296769));
#12313=CARTESIAN_POINT('Ctrl Pts',(-39.9513986901305,37.5493399147436,-12.657733606865));
#12314=CARTESIAN_POINT('Ctrl Pts',(-39.9527802510645,37.5494375351673,-12.6587795949229));
#12315=CARTESIAN_POINT('Origin',(-42.5,42.5,-16.9705627484771));
#12316=CARTESIAN_POINT('Origin',(-40.2630693438861,37.8589062667784,-12.1070650616115));
#12317=CARTESIAN_POINT('',(-39.1673048182227,37.7530912347762,-11.2574200082511));
#12318=CARTESIAN_POINT('',(-40.3955236104713,38.9813100270248,-12.9943836818105));
#12319=CARTESIAN_POINT('',(-39.7680945970555,38.353881013609,-12.1070650616115));
#12320=CARTESIAN_POINT('Ctrl Pts',(-39.3314534811291,37.6419846688435,-11.9799170243022));
#12321=CARTESIAN_POINT('Ctrl Pts',(-39.2804927415823,37.6752228253505,-11.8795352002255));
#12322=CARTESIAN_POINT('Ctrl Pts',(-39.2387724760351,37.7035907509724,-11.7631643615892));
#12323=CARTESIAN_POINT('Ctrl Pts',(-39.1813827309463,37.7431037314664,-11.513956097819));
#12324=CARTESIAN_POINT('Ctrl Pts',(-39.1673048182227,37.7530912347762,-11.3805299213425));
#12325=CARTESIAN_POINT('Ctrl Pts',(-39.1673048182227,37.7530912347762,-11.2574200082511));
#12326=CARTESIAN_POINT('',(-41.0639003517002,38.6597372745926,-14.2295606276924));
#12327=CARTESIAN_POINT('',(-39.9130693438861,37.5089062667784,-12.6020398084421));
#12328=CARTESIAN_POINT('Ctrl Pts',(-40.3955236104713,38.9813100270248,-12.9943836818105));
#12329=CARTESIAN_POINT('Ctrl Pts',(-40.3955236104713,38.9813100270248,-13.128798703985));
#12330=CARTESIAN_POINT('Ctrl Pts',(-40.4132966510535,38.9704940862625,-13.2739646398183));
#12331=CARTESIAN_POINT('Ctrl Pts',(-40.4855991350854,38.9287352353499,-13.551689422277));
#12332=CARTESIAN_POINT('Ctrl Pts',(-40.5403337217347,38.8978892245241,-13.6842093843466));
#12333=CARTESIAN_POINT('Ctrl Pts',(-40.6587848893544,38.8361960764055,-13.8862514339477));
#12334=CARTESIAN_POINT('Ctrl Pts',(-40.7342432537027,38.7988233588971,-13.9844179136671));
#12335=CARTESIAN_POINT('Ctrl Pts',(-40.8790524060731,38.7332286974026,-14.1228784552451));
#12336=CARTESIAN_POINT('Ctrl Pts',(-40.974749417865,38.6930760417242,-14.1900954661435));
#12337=CARTESIAN_POINT('Ctrl Pts',(-41.0639003517002,38.6597372745926,-14.2295606276924));
#12338=CARTESIAN_POINT('Origin',(-42.5,42.5,0.));
#12339=CARTESIAN_POINT('',(-39.1673048182227,37.7530912347762,0.));
#12340=CARTESIAN_POINT('',(-37.7530912347762,39.1673048182227,0.));
#12341=CARTESIAN_POINT('Origin',(-43.65,43.65,-19.5868578388674));
#12342=CARTESIAN_POINT('Origin',(-42.5,42.5,-17.9605122421383));
#12343=CARTESIAN_POINT('Origin',(-42.5,42.5,0.));
#12344=CARTESIAN_POINT('',(-38.9813100270248,40.3955236104713,0.));
#12345=CARTESIAN_POINT('',(-40.3955236104713,38.9813100270248,0.));
#12346=CARTESIAN_POINT('Origin',(-38.4510580130522,37.0368444296056,0.));
#12347=CARTESIAN_POINT('',(-38.4510580130522,37.0368444296056,0.));
#12348=CARTESIAN_POINT('Ctrl Pts',(-41.593183535692,35.7607356558692,0.));
#12349=CARTESIAN_POINT('Ctrl Pts',(-41.593183535692,35.7607356558692,-2.));
#12350=CARTESIAN_POINT('Ctrl Pts',(-38.9255011048108,32.8216000381886,0.));
#12351=CARTESIAN_POINT('Ctrl Pts',(-38.9255011048108,32.8216000381886,-2.));
#12352=CARTESIAN_POINT('Ctrl Pts',(-36.4861339200672,29.771269227621,0.));
#12353=CARTESIAN_POINT('Ctrl Pts',(-36.4861339200672,29.771269227621,-2.));
#12354=CARTESIAN_POINT('Ctrl Pts',(-34.3426356101481,26.5084694067488,0.));
#12355=CARTESIAN_POINT('Ctrl Pts',(-34.3426356101481,26.5084694067488,-2.));
#12356=CARTESIAN_POINT('Ctrl Pts',(-31.5089291508882,22.1950454656651,0.));
#12357=CARTESIAN_POINT('Ctrl Pts',(-31.5089291508882,22.1950454656651,-2.));
#12358=CARTESIAN_POINT('Ctrl Pts',(-29.2231294310532,17.4687355074019,0.));
#12359=CARTESIAN_POINT('Ctrl Pts',(-29.2231294310532,17.4687355074019,-2.));
#12360=CARTESIAN_POINT('Ctrl Pts',(-27.8143136429776,12.2624337334232,0.));
#12361=CARTESIAN_POINT('Ctrl Pts',(-27.8143136429776,12.2624337334232,-2.));
#12362=CARTESIAN_POINT('Ctrl Pts',(-26.7585691162737,8.36091257730772,0.));
#12363=CARTESIAN_POINT('Ctrl Pts',(-26.7585691162737,8.36091257730772,-2.));
#12364=CARTESIAN_POINT('Ctrl Pts',(-26.2070214544048,4.18163824444221,0.));
#12365=CARTESIAN_POINT('Ctrl Pts',(-26.2070214544048,4.18163824444221,-2.));
#12366=CARTESIAN_POINT('Ctrl Pts',(-26.2026304963712,-1.2490009027033E-15,
0.));
#12367=CARTESIAN_POINT('Ctrl Pts',(-26.2026304963712,-1.2490009027033E-15,
-2.));
#12368=CARTESIAN_POINT('',(-41.5931835356927,35.7607356558701,-2.));
#12369=CARTESIAN_POINT('Ctrl Pts',(-41.593183535692,35.7607356558692,-2.));
#12370=CARTESIAN_POINT('Ctrl Pts',(-38.9255011048108,32.8216000381886,-2.));
#12371=CARTESIAN_POINT('Ctrl Pts',(-36.4861339200672,29.771269227621,-2.));
#12372=CARTESIAN_POINT('Ctrl Pts',(-34.3426356101481,26.5084694067488,-2.));
#12373=CARTESIAN_POINT('Ctrl Pts',(-31.5089291508882,22.1950454656651,-2.));
#12374=CARTESIAN_POINT('Ctrl Pts',(-29.2231294310532,17.4687355074019,-2.));
#12375=CARTESIAN_POINT('Ctrl Pts',(-27.8143136429776,12.2624337334232,-2.));
#12376=CARTESIAN_POINT('Ctrl Pts',(-26.7585691162737,8.36091257730772,-2.));
#12377=CARTESIAN_POINT('Ctrl Pts',(-26.2070214544048,4.18163824444222,-2.));
#12378=CARTESIAN_POINT('Ctrl Pts',(-26.2026304963713,-1.33226762955019E-15,
-2.));
#12379=CARTESIAN_POINT('',(-41.5931835356927,35.7607356558701,0.));
#12380=CARTESIAN_POINT('Origin',(-32.9971960599748,18.1579711119156,-2.));
#12381=CARTESIAN_POINT('',(-39.6720273302229,36.3159422238312,-2.));
#12382=CARTESIAN_POINT('Ctrl Pts',(-24.4012085842568,-1.66533453693773E-15,
-2.));
#12383=CARTESIAN_POINT('Ctrl Pts',(-24.4053318779388,4.73729468377388,-2.));
#12384=CARTESIAN_POINT('Ctrl Pts',(-25.0925634496044,9.46513376297558,-2.));
#12385=CARTESIAN_POINT('Ctrl Pts',(-26.3909229940618,13.840057003589,-2.));
#12386=CARTESIAN_POINT('Ctrl Pts',(-27.9581964971851,19.1211066962439,-2.));
#12387=CARTESIAN_POINT('Ctrl Pts',(-30.3936373569382,23.9004376094147,-2.));
#12388=CARTESIAN_POINT('Ctrl Pts',(-33.3350489823901,28.2413224888609,-2.));
#12389=CARTESIAN_POINT('Ctrl Pts',(-35.2576886732485,31.0787212026123,-2.));
#12390=CARTESIAN_POINT('Ctrl Pts',(-37.3823258153493,33.7460029239461,-2.));
#12391=CARTESIAN_POINT('Ctrl Pts',(-39.672027330222,36.3159422238302,-2.));
#12392=CARTESIAN_POINT('Origin',(-42.5,42.5,-2.));
#12393=CARTESIAN_POINT('Origin',(-19.767665926638,28.3066222185772,0.));
#12394=CARTESIAN_POINT('',(-23.0907316074999,32.2668976821709,-2.));
#12395=CARTESIAN_POINT('',(-23.0907316074999,32.2668976821709,0.));
#12396=CARTESIAN_POINT('',(-19.3177145998574,27.7703911083939,-2.));
#12397=CARTESIAN_POINT('',(-18.,26.2,-2.));
#12398=CARTESIAN_POINT('',(-19.3177145998574,27.7703911083939,0.));
#12399=CARTESIAN_POINT('Ctrl Pts',(-23.0907316075,32.2668976821709,0.));
#12400=CARTESIAN_POINT('Ctrl Pts',(-23.0907316075,32.2668976821709,-2.));
#12401=CARTESIAN_POINT('Ctrl Pts',(-24.2581564750808,32.9186787936949,0.));
#12402=CARTESIAN_POINT('Ctrl Pts',(-24.2581564750808,32.9186787936949,-2.));
#12403=CARTESIAN_POINT('Ctrl Pts',(-25.3970197228634,33.6124680700716,0.));
#12404=CARTESIAN_POINT('Ctrl Pts',(-25.3970197228634,33.6124680700716,-2.));
#12405=CARTESIAN_POINT('Ctrl Pts',(-26.5084694067488,34.3426356101481,0.));
#12406=CARTESIAN_POINT('Ctrl Pts',(-26.5084694067488,34.3426356101481,-2.));
#12407=CARTESIAN_POINT('Ctrl Pts',(-29.771269227621,36.4861339200672,0.));
#12408=CARTESIAN_POINT('Ctrl Pts',(-29.771269227621,36.4861339200672,-2.));
#12409=CARTESIAN_POINT('Ctrl Pts',(-32.8216000381886,38.9255011048108,0.));
#12410=CARTESIAN_POINT('Ctrl Pts',(-32.8216000381886,38.9255011048108,-2.));
#12411=CARTESIAN_POINT('Ctrl Pts',(-35.7607356558692,41.593183535692,0.));
#12412=CARTESIAN_POINT('Ctrl Pts',(-35.7607356558692,41.593183535692,-2.));
#12413=CARTESIAN_POINT('',(-35.7607356558701,41.5931835356927,-2.));
#12414=CARTESIAN_POINT('',(-35.7607356558701,41.5931835356927,0.));
#12415=CARTESIAN_POINT('Ctrl Pts',(-23.0907316075,32.2668976821709,-2.));
#12416=CARTESIAN_POINT('Ctrl Pts',(-24.2581564750808,32.9186787936949,-2.));
#12417=CARTESIAN_POINT('Ctrl Pts',(-25.3970197228634,33.6124680700716,-2.));
#12418=CARTESIAN_POINT('Ctrl Pts',(-26.5084694067488,34.3426356101481,-2.));
#12419=CARTESIAN_POINT('Ctrl Pts',(-29.771269227621,36.4861339200672,-2.));
#12420=CARTESIAN_POINT('Ctrl Pts',(-32.8216000381886,38.9255011048108,-2.));
#12421=CARTESIAN_POINT('Ctrl Pts',(-35.7607356558692,41.593183535692,-2.));
#12422=CARTESIAN_POINT('Origin',(-28.0418040752346,34.1144099754433,-2.));
#12423=CARTESIAN_POINT('',(-36.3159422238312,39.6720273302229,-2.));
#12424=CARTESIAN_POINT('Origin',(-42.5,42.5,-2.));
#12425=CARTESIAN_POINT('',(-24.2597991708747,30.8598352625377,-2.));
#12426=CARTESIAN_POINT('Ctrl Pts',(-36.3159422238302,39.672027330222,-2.));
#12427=CARTESIAN_POINT('Ctrl Pts',(-33.7460029239461,37.3823258153494,-2.));
#12428=CARTESIAN_POINT('Ctrl Pts',(-31.0787212026123,35.2576886732485,-2.));
#12429=CARTESIAN_POINT('Ctrl Pts',(-28.2413224888609,33.3350489823901,-2.));
#12430=CARTESIAN_POINT('Ctrl Pts',(-26.9533006874194,32.4622770923696,-2.));
#12431=CARTESIAN_POINT('Ctrl Pts',(-25.6266772210226,31.634051879642,-2.));
#12432=CARTESIAN_POINT('Ctrl Pts',(-24.2597991708747,30.8598352625377,-2.));
#12433=CARTESIAN_POINT('',(-20.0095001799397,25.7945261697791,-2.));
#12434=CARTESIAN_POINT('',(-25.8423984344186,32.7459036207896,-2.));
#12435=CARTESIAN_POINT('Origin',(-18.,26.2,-2.));
#12436=CARTESIAN_POINT('Ctrl Pts',(-24.4012085842568,-1.66533453693773E-15,
0.));
#12437=CARTESIAN_POINT('Ctrl Pts',(-24.4012085842568,-1.66533453693773E-15,
-4.));
#12438=CARTESIAN_POINT('Ctrl Pts',(-24.4053318779388,4.73729468377388,0.));
#12439=CARTESIAN_POINT('Ctrl Pts',(-24.4053318779388,4.73729468377388,-4.));
#12440=CARTESIAN_POINT('Ctrl Pts',(-25.0925634496044,9.46513376297558,0.));
#12441=CARTESIAN_POINT('Ctrl Pts',(-25.0925634496044,9.46513376297558,-4.));
#12442=CARTESIAN_POINT('Ctrl Pts',(-26.3909229940618,13.840057003589,0.));
#12443=CARTESIAN_POINT('Ctrl Pts',(-26.3909229940618,13.840057003589,-4.));
#12444=CARTESIAN_POINT('Ctrl Pts',(-27.9581964971851,19.1211066962439,0.));
#12445=CARTESIAN_POINT('Ctrl Pts',(-27.9581964971851,19.1211066962439,-4.));
#12446=CARTESIAN_POINT('Ctrl Pts',(-30.3936373569382,23.9004376094147,0.));
#12447=CARTESIAN_POINT('Ctrl Pts',(-30.3936373569382,23.9004376094147,-4.));
#12448=CARTESIAN_POINT('Ctrl Pts',(-33.3350489823901,28.2413224888609,0.));
#12449=CARTESIAN_POINT('Ctrl Pts',(-33.3350489823901,28.2413224888609,-4.));
#12450=CARTESIAN_POINT('Ctrl Pts',(-35.2576886732485,31.0787212026123,0.));
#12451=CARTESIAN_POINT('Ctrl Pts',(-35.2576886732485,31.0787212026123,-4.));
#12452=CARTESIAN_POINT('Ctrl Pts',(-37.3823258153493,33.7460029239461,0.));
#12453=CARTESIAN_POINT('Ctrl Pts',(-37.3823258153493,33.7460029239461,-4.));
#12454=CARTESIAN_POINT('Ctrl Pts',(-39.672027330222,36.3159422238302,0.));
#12455=CARTESIAN_POINT('Ctrl Pts',(-39.672027330222,36.3159422238302,-4.));
#12456=CARTESIAN_POINT('',(-39.6720273302229,36.3159422238312,-4.));
#12457=CARTESIAN_POINT('Ctrl Pts',(-24.4012085842568,-1.22124532708767E-15,
-4.));
#12458=CARTESIAN_POINT('Ctrl Pts',(-24.4053318779388,4.73729468377388,-4.));
#12459=CARTESIAN_POINT('Ctrl Pts',(-25.0925634496044,9.46513376297558,-4.));
#12460=CARTESIAN_POINT('Ctrl Pts',(-26.3909229940618,13.840057003589,-4.));
#12461=CARTESIAN_POINT('Ctrl Pts',(-27.9581964971851,19.1211066962439,-4.));
#12462=CARTESIAN_POINT('Ctrl Pts',(-30.3936373569382,23.9004376094147,-4.));
#12463=CARTESIAN_POINT('Ctrl Pts',(-33.3350489823901,28.2413224888609,-4.));
#12464=CARTESIAN_POINT('Ctrl Pts',(-35.2576886732485,31.0787212026123,-4.));
#12465=CARTESIAN_POINT('Ctrl Pts',(-37.3823258153493,33.7460029239461,-4.));
#12466=CARTESIAN_POINT('Ctrl Pts',(-39.672027330222,36.3159422238302,-4.));
#12467=CARTESIAN_POINT('',(-39.672027330222,36.3159422238302,0.));
#12468=CARTESIAN_POINT('Ctrl Pts',(-36.3159422238302,39.672027330222,0.));
#12469=CARTESIAN_POINT('Ctrl Pts',(-36.3159422238302,39.672027330222,-4.));
#12470=CARTESIAN_POINT('Ctrl Pts',(-33.7460029239461,37.3823258153494,0.));
#12471=CARTESIAN_POINT('Ctrl Pts',(-33.7460029239461,37.3823258153494,-4.));
#12472=CARTESIAN_POINT('Ctrl Pts',(-31.0787212026123,35.2576886732485,0.));
#12473=CARTESIAN_POINT('Ctrl Pts',(-31.0787212026123,35.2576886732485,-4.));
#12474=CARTESIAN_POINT('Ctrl Pts',(-28.2413224888609,33.3350489823901,0.));
#12475=CARTESIAN_POINT('Ctrl Pts',(-28.2413224888609,33.3350489823901,-4.));
#12476=CARTESIAN_POINT('Ctrl Pts',(-26.9533006874194,32.4622770923696,0.));
#12477=CARTESIAN_POINT('Ctrl Pts',(-26.9533006874194,32.4622770923696,-4.));
#12478=CARTESIAN_POINT('Ctrl Pts',(-25.6266772210226,31.634051879642,0.));
#12479=CARTESIAN_POINT('Ctrl Pts',(-25.6266772210226,31.634051879642,-4.));
#12480=CARTESIAN_POINT('Ctrl Pts',(-24.2597991708747,30.8598352625377,0.));
#12481=CARTESIAN_POINT('Ctrl Pts',(-24.2597991708747,30.8598352625377,-4.));
#12482=CARTESIAN_POINT('',(-36.3159422238312,39.6720273302229,-4.));
#12483=CARTESIAN_POINT('',(-36.3159422238302,39.672027330222,0.));
#12484=CARTESIAN_POINT('',(-24.2597991708747,30.8598352625377,-4.));
#12485=CARTESIAN_POINT('Ctrl Pts',(-36.3159422238302,39.672027330222,-4.));
#12486=CARTESIAN_POINT('Ctrl Pts',(-33.7460029239461,37.3823258153494,-4.));
#12487=CARTESIAN_POINT('Ctrl Pts',(-31.0787212026123,35.2576886732485,-4.));
#12488=CARTESIAN_POINT('Ctrl Pts',(-28.2413224888609,33.3350489823901,-4.));
#12489=CARTESIAN_POINT('Ctrl Pts',(-26.9533006874194,32.4622770923696,-4.));
#12490=CARTESIAN_POINT('Ctrl Pts',(-25.6266772210226,31.634051879642,-4.));
#12491=CARTESIAN_POINT('Ctrl Pts',(-24.2597991708747,30.8598352625377,-4.));
#12492=CARTESIAN_POINT('',(-24.2597991708747,30.8598352625377,0.));
#12493=CARTESIAN_POINT('Origin',(-24.2597991708747,30.8598352625377,0.));
#12494=CARTESIAN_POINT('',(-20.0095001799397,25.7945261697791,-4.));
#12495=CARTESIAN_POINT('',(-20.205231820283,26.0277900553208,-4.));
#12496=CARTESIAN_POINT('',(-20.0095001798683,25.7945261696368,0.));
#12497=CARTESIAN_POINT('Origin',(-28.0418040752346,34.1144099754433,-4.));
#12498=CARTESIAN_POINT('',(-35.7607356558701,41.5931835356927,-4.));
#12499=CARTESIAN_POINT('',(-23.0907316074999,32.2668976821709,-4.));
#12500=CARTESIAN_POINT('Ctrl Pts',(-35.7607356558692,41.593183535692,-4.));
#12501=CARTESIAN_POINT('Ctrl Pts',(-32.8216000381886,38.9255011048108,-4.));
#12502=CARTESIAN_POINT('Ctrl Pts',(-29.771269227621,36.4861339200672,-4.));
#12503=CARTESIAN_POINT('Ctrl Pts',(-26.5084694067488,34.3426356101481,-4.));
#12504=CARTESIAN_POINT('Ctrl Pts',(-25.3970197228634,33.6124680700716,-4.));
#12505=CARTESIAN_POINT('Ctrl Pts',(-24.2581564750808,32.9186787936949,-4.));
#12506=CARTESIAN_POINT('Ctrl Pts',(-23.0907316075,32.2668976821709,-4.));
#12507=CARTESIAN_POINT('',(-19.3177145998574,27.7703911083939,-4.));
#12508=CARTESIAN_POINT('',(-24.5684246541038,34.0279436792126,-4.));
#12509=CARTESIAN_POINT('Origin',(-18.,26.2,-4.));
#12510=CARTESIAN_POINT('Origin',(-42.5,42.5,-4.));
#12511=CARTESIAN_POINT('Origin',(-32.9971960599748,18.1579711119156,-4.));
#12512=CARTESIAN_POINT('',(-41.5931835356927,35.7607356558701,-4.));
#12513=CARTESIAN_POINT('Ctrl Pts',(-26.2026304963712,-1.2490009027033E-15,
-4.));
#12514=CARTESIAN_POINT('Ctrl Pts',(-26.2070214544048,4.18163824444222,-4.));
#12515=CARTESIAN_POINT('Ctrl Pts',(-26.7585691162737,8.36091257730772,-4.));
#12516=CARTESIAN_POINT('Ctrl Pts',(-27.8143136429776,12.2624337334232,-4.));
#12517=CARTESIAN_POINT('Ctrl Pts',(-29.2231294310532,17.4687355074019,-4.));
#12518=CARTESIAN_POINT('Ctrl Pts',(-31.5089291508882,22.1950454656651,-4.));
#12519=CARTESIAN_POINT('Ctrl Pts',(-34.3426356101481,26.5084694067488,-4.));
#12520=CARTESIAN_POINT('Ctrl Pts',(-36.4861339200672,29.771269227621,-4.));
#12521=CARTESIAN_POINT('Ctrl Pts',(-38.9255011048108,32.8216000381886,-4.));
#12522=CARTESIAN_POINT('Ctrl Pts',(-41.593183535692,35.7607356558692,-4.));
#12523=CARTESIAN_POINT('Origin',(-42.5,42.5,-4.));
#12524=CARTESIAN_POINT('Origin',(-16.5,24.7,0.));
#12525=CARTESIAN_POINT('Origin',(-38.9813100270248,40.3955236104713,0.));
#12526=CARTESIAN_POINT('',(-37.0368444296057,38.4510580130522,0.));
#12527=CARTESIAN_POINT('Origin',(-23.0907316074999,32.2668976821709,0.));
#12528=CARTESIAN_POINT('',(-23.0907316074999,32.2668976821709,0.));
#12529=CARTESIAN_POINT('',(-19.3177145998574,27.7703911083939,0.));
#12530=CARTESIAN_POINT('Ctrl Pts',(-35.7607356558692,41.593183535692,0.));
#12531=CARTESIAN_POINT('Ctrl Pts',(-35.7607356558692,41.593183535692,-6.));
#12532=CARTESIAN_POINT('Ctrl Pts',(-32.8216000381886,38.9255011048108,0.));
#12533=CARTESIAN_POINT('Ctrl Pts',(-32.8216000381886,38.9255011048108,-6.));
#12534=CARTESIAN_POINT('Ctrl Pts',(-29.771269227621,36.4861339200672,0.));
#12535=CARTESIAN_POINT('Ctrl Pts',(-29.771269227621,36.4861339200672,-6.));
#12536=CARTESIAN_POINT('Ctrl Pts',(-26.5084694067488,34.3426356101481,0.));
#12537=CARTESIAN_POINT('Ctrl Pts',(-26.5084694067488,34.3426356101481,-6.));
#12538=CARTESIAN_POINT('Ctrl Pts',(-25.3970197228634,33.6124680700716,0.));
#12539=CARTESIAN_POINT('Ctrl Pts',(-25.3970197228634,33.6124680700716,-6.));
#12540=CARTESIAN_POINT('Ctrl Pts',(-24.2581564750808,32.9186787936949,0.));
#12541=CARTESIAN_POINT('Ctrl Pts',(-24.2581564750808,32.9186787936949,-6.));
#12542=CARTESIAN_POINT('Ctrl Pts',(-23.0907316075,32.2668976821709,0.));
#12543=CARTESIAN_POINT('Ctrl Pts',(-23.0907316075,32.2668976821709,-6.));
#12544=CARTESIAN_POINT('',(-35.7607356558701,41.5931835356927,0.));
#12545=CARTESIAN_POINT('Origin',(-42.5,42.5,0.));
#12546=CARTESIAN_POINT('Origin',(-42.5,42.5,0.));
#12547=CARTESIAN_POINT('',(-41.5931835356927,35.7607356558701,0.));
#12548=CARTESIAN_POINT('Ctrl Pts',(-26.2026304963712,-1.2490009027033E-15,
0.));
#12549=CARTESIAN_POINT('Ctrl Pts',(-26.2026304963712,-1.2490009027033E-15,
-6.));
#12550=CARTESIAN_POINT('Ctrl Pts',(-26.2070214544048,4.18163824444222,0.));
#12551=CARTESIAN_POINT('Ctrl Pts',(-26.2070214544048,4.18163824444222,-6.));
#12552=CARTESIAN_POINT('Ctrl Pts',(-26.7585691162737,8.36091257730772,0.));
#12553=CARTESIAN_POINT('Ctrl Pts',(-26.7585691162737,8.36091257730772,-6.));
#12554=CARTESIAN_POINT('Ctrl Pts',(-27.8143136429776,12.2624337334232,0.));
#12555=CARTESIAN_POINT('Ctrl Pts',(-27.8143136429776,12.2624337334232,-6.));
#12556=CARTESIAN_POINT('Ctrl Pts',(-29.2231294310532,17.4687355074019,0.));
#12557=CARTESIAN_POINT('Ctrl Pts',(-29.2231294310532,17.4687355074019,-6.));
#12558=CARTESIAN_POINT('Ctrl Pts',(-31.5089291508882,22.1950454656651,0.));
#12559=CARTESIAN_POINT('Ctrl Pts',(-31.5089291508882,22.1950454656651,-6.));
#12560=CARTESIAN_POINT('Ctrl Pts',(-34.3426356101481,26.5084694067488,0.));
#12561=CARTESIAN_POINT('Ctrl Pts',(-34.3426356101481,26.5084694067488,-6.));
#12562=CARTESIAN_POINT('Ctrl Pts',(-36.4861339200672,29.771269227621,0.));
#12563=CARTESIAN_POINT('Ctrl Pts',(-36.4861339200672,29.771269227621,-6.));
#12564=CARTESIAN_POINT('Ctrl Pts',(-38.9255011048108,32.8216000381886,0.));
#12565=CARTESIAN_POINT('Ctrl Pts',(-38.9255011048108,32.8216000381886,-6.));
#12566=CARTESIAN_POINT('Ctrl Pts',(-41.593183535692,35.7607356558692,0.));
#12567=CARTESIAN_POINT('Ctrl Pts',(-41.593183535692,35.7607356558692,-6.));
#12568=CARTESIAN_POINT('Ctrl Pts',(-44.1920170319218,35.913872278517,0.));
#12569=CARTESIAN_POINT('Ctrl Pts',(-44.1920170319218,35.913872278517,-6.));
#12570=CARTESIAN_POINT('Ctrl Pts',(-43.4492425189335,35.122968771554,0.));
#12571=CARTESIAN_POINT('Ctrl Pts',(-43.4492425189335,35.122968771554,-6.));
#12572=CARTESIAN_POINT('Ctrl Pts',(-41.5305489708693,33.0261780854437,0.));
#12573=CARTESIAN_POINT('Ctrl Pts',(-41.5305489708693,33.0261780854437,-6.));
#12574=CARTESIAN_POINT('Ctrl Pts',(-38.5850681833381,29.5643749629135,0.));
#12575=CARTESIAN_POINT('Ctrl Pts',(-38.5850681833381,29.5643749629135,-6.));
#12576=CARTESIAN_POINT('Ctrl Pts',(-34.9155191009357,24.5839482172845,0.));
#12577=CARTESIAN_POINT('Ctrl Pts',(-34.9155191009357,24.5839482172845,-6.));
#12578=CARTESIAN_POINT('Ctrl Pts',(-31.1391122625436,17.649095247118,0.));
#12579=CARTESIAN_POINT('Ctrl Pts',(-31.1391122625436,17.649095247118,-6.));
#12580=CARTESIAN_POINT('Ctrl Pts',(-29.0053737339271,10.9351887011402,0.));
#12581=CARTESIAN_POINT('Ctrl Pts',(-29.0053737339271,10.9351887011402,-6.));
#12582=CARTESIAN_POINT('Ctrl Pts',(-28.18279528684,5.51081117852643,0.));
#12583=CARTESIAN_POINT('Ctrl Pts',(-28.18279528684,5.51081117852643,-6.));
#12584=CARTESIAN_POINT('Ctrl Pts',(-28.0000000337605,1.83693762486258,0.));
#12585=CARTESIAN_POINT('Ctrl Pts',(-28.0000000337605,1.83693762486258,-6.));
#12586=CARTESIAN_POINT('Ctrl Pts',(-28.,8.48161350319732E-7,0.));
#12587=CARTESIAN_POINT('Ctrl Pts',(-28.,8.48161350319732E-7,-6.));
#12588=CARTESIAN_POINT('',(-44.1920170319218,35.913872278517,0.));
#12589=CARTESIAN_POINT('Origin',(-42.5,42.5,0.));
#12590=CARTESIAN_POINT('Origin',(-18.,26.2,0.));
#12591=CARTESIAN_POINT('',(-16.95,26.2,0.));
#12592=CARTESIAN_POINT('Origin',(-18.,26.2,0.));
#12593=CARTESIAN_POINT('Ctrl Pts',(45.1085361162427,46.3041622559654,-22.4949747468306));
#12594=CARTESIAN_POINT('Ctrl Pts',(44.561057922821,46.6940685495309,-22.3835545879179));
#12595=CARTESIAN_POINT('Ctrl Pts',(43.311068067146,47.250722335457,-21.8932919513571));
#12596=CARTESIAN_POINT('Ctrl Pts',(40.5671045437265,47.3343448525253,-20.0121467854975));
#12597=CARTESIAN_POINT('Ctrl Pts',(37.5018479107175,45.3866031472989,-16.4674216664544));
#12598=CARTESIAN_POINT('Ctrl Pts',(36.7353625872401,41.8340989711498,-13.413434903395));
#12599=CARTESIAN_POINT('Ctrl Pts',(37.5111112647559,39.9268332064238,-12.6133314980002));
#12600=CARTESIAN_POINT('Ctrl Pts',(37.8782968639831,39.3638642678894,-12.4748917711328));
#12601=CARTESIAN_POINT('Ctrl Pts',(45.1589619035832,46.405665944674,-22.602405109607));
#12602=CARTESIAN_POINT('Ctrl Pts',(44.5882911829697,46.8108500276444,-22.4853558808705));
#12603=CARTESIAN_POINT('Ctrl Pts',(43.2915145275341,47.3810568539021,-21.9716466281378));
#12604=CARTESIAN_POINT('Ctrl Pts',(40.4963159290419,47.4441716875976,-20.039560749236));
#12605=CARTESIAN_POINT('Ctrl Pts',(37.4229887347184,45.4471379297205,-16.4543701038927));
#12606=CARTESIAN_POINT('Ctrl Pts',(36.674977927853,41.8503070323393,-13.382124656475));
#12607=CARTESIAN_POINT('Ctrl Pts',(37.4681416003295,39.919306903103,-12.5776265693635));
#12608=CARTESIAN_POINT('Ctrl Pts',(37.8416788322324,39.3489427949779,-12.4384478378871));
#12609=CARTESIAN_POINT('Ctrl Pts',(45.3139818718825,46.6627410573525,-22.7403079120581));
#12610=CARTESIAN_POINT('Ctrl Pts',(44.6958480134581,47.0974122320624,-22.6135204972965));
#12611=CARTESIAN_POINT('Ctrl Pts',(43.3011552357917,47.6903624704392,-22.0592390913018));
#12612=CARTESIAN_POINT('Ctrl Pts',(40.3898516919842,47.6988725024692,-20.0445657479443));
#12613=CARTESIAN_POINT('Ctrl Pts',(37.283991392362,45.5868739057623,-16.4017814130763));
#12614=CARTESIAN_POINT('Ctrl Pts',(36.5631920027261,41.8916832329506,-13.306782116435));
#12615=CARTESIAN_POINT('Ctrl Pts',(37.3888393844723,39.9108912954255,-12.4968319707001));
#12616=CARTESIAN_POINT('Ctrl Pts',(37.7746668308161,39.325323421117,-12.3567598114799));
#12617=CARTESIAN_POINT('Ctrl Pts',(45.5841372354015,47.0125437138518,-22.6369701211244));
#12618=CARTESIAN_POINT('Ctrl Pts',(44.9277199645831,47.4701332671529,-22.5080134268198));
#12619=CARTESIAN_POINT('Ctrl Pts',(43.447133300218,48.0832741148215,-21.94502378629));
#12620=CARTESIAN_POINT('Ctrl Pts',(40.3885931352711,48.0502250667322,-19.9163724287051));
#12621=CARTESIAN_POINT('Ctrl Pts',(37.1739530406952,45.8090451239208,-16.2700597883287));
#12622=CARTESIAN_POINT('Ctrl Pts',(36.4453792428056,41.9702637413274,-13.1758343370682));
#12623=CARTESIAN_POINT('Ctrl Pts',(37.3041390761478,39.9182969477066,-12.3661941308089));
#12624=CARTESIAN_POINT('Ctrl Pts',(37.7045192156411,39.3116843049179,-12.2261701624512));
#12625=CARTESIAN_POINT('Ctrl Pts',(45.7828975552769,47.2085465140678,-22.3462308527126));
#12626=CARTESIAN_POINT('Ctrl Pts',(45.1277765055752,47.6672155811713,-22.2243921261326));
#12627=CARTESIAN_POINT('Ctrl Pts',(43.6422622969733,48.2933545293895,-21.6908312550796));
#12628=CARTESIAN_POINT('Ctrl Pts',(40.5078029346566,48.2926470777611,-19.7230136104424));
#12629=CARTESIAN_POINT('Ctrl Pts',(37.154190596805,46.0134217334712,-16.1198465500625));
#12630=CARTESIAN_POINT('Ctrl Pts',(36.3730704006376,42.0552459349307,-13.0432318188615));
#12631=CARTESIAN_POINT('Ctrl Pts',(37.2502389417412,39.9398398055585,-12.2377450248538));
#12632=CARTESIAN_POINT('Ctrl Pts',(37.6611772604836,39.3148305275522,-12.0984194958383));
#12633=CARTESIAN_POINT('Ctrl Pts',(45.8490077971502,47.2354528461915,-22.1155457791449));
#12634=CARTESIAN_POINT('Ctrl Pts',(45.2130876453365,47.6852329321955,-22.0006137805593));
#12635=CARTESIAN_POINT('Ctrl Pts',(43.7645897045016,48.3166409883208,-21.4959010822197));
#12636=CARTESIAN_POINT('Ctrl Pts',(40.6302638152792,48.3746050286216,-19.5856594886892));
#12637=CARTESIAN_POINT('Ctrl Pts',(37.1865939760677,46.1279337121289,-16.0215306724997));
#12638=CARTESIAN_POINT('Ctrl Pts',(36.3491109092047,42.1115980658642,-12.9600078371066));
#12639=CARTESIAN_POINT('Ctrl Pts',(37.2307628527353,39.9599741006597,-12.1581541770336));
#12640=CARTESIAN_POINT('Ctrl Pts',(37.6464294892733,39.3246386827149,-12.019418647184));
#12641=CARTESIAN_POINT('Ctrl Pts',(45.8646097008251,47.2243413891371,-22.));
#12642=CARTESIAN_POINT('Ctrl Pts',(45.2419874416396,47.6677642327999,-21.8885798410873));
#12643=CARTESIAN_POINT('Ctrl Pts',(43.820430350872,48.3008214795393,-21.3983172045266));
#12644=CARTESIAN_POINT('Ctrl Pts',(40.6998443830614,48.3959215969896,-19.5171720386669));
#12645=CARTESIAN_POINT('Ctrl Pts',(37.2138662514043,46.1808427949674,-15.9724469196238));
#12646=CARTESIAN_POINT('Ctrl Pts',(36.3421770599986,42.1407400064056,-12.9184601565644));
#12647=CARTESIAN_POINT('Ctrl Pts',(37.224401046193,39.971692666129,-12.1183567511697));
#12648=CARTESIAN_POINT('Ctrl Pts',(37.6419846688435,39.3314534811291,-11.9799170243022));
#12649=CARTESIAN_POINT('',(37.6419846688435,39.3314534811291,-11.9799170243022));
#12650=CARTESIAN_POINT('',(45.864609700825,47.2243413891371,-22.));
#12651=CARTESIAN_POINT('Origin',(42.5,42.5,-16.9705627484771));
#12652=CARTESIAN_POINT('',(43.7057962797209,47.0069020924872,-22.));
#12653=CARTESIAN_POINT('Ctrl Pts',(45.8646097008251,47.2243413891371,-22.));
#12654=CARTESIAN_POINT('Ctrl Pts',(45.6194699184237,47.3989265052386,-22.));
#12655=CARTESIAN_POINT('Ctrl Pts',(45.3549701979084,47.5535987111095,-22.0000000000001));
#12656=CARTESIAN_POINT('Ctrl Pts',(44.7406363577265,47.8069520486745,-22.0000000000001));
#12657=CARTESIAN_POINT('Ctrl Pts',(44.4401387527621,47.8635748999255,-22.));
#12658=CARTESIAN_POINT('Ctrl Pts',(44.0294290179624,47.8621598641953,-22.));
#12659=CARTESIAN_POINT('Ctrl Pts',(43.8884176375219,47.8361890269509,-22.));
#12660=CARTESIAN_POINT('Ctrl Pts',(43.7008229214774,47.7606667355615,-22.));
#12661=CARTESIAN_POINT('Ctrl Pts',(43.6384297137796,47.7217141240143,-22.));
#12662=CARTESIAN_POINT('Ctrl Pts',(43.5557518257705,47.6422789006569,-22.));
#12663=CARTESIAN_POINT('Ctrl Pts',(43.5269787035084,47.6034328427333,-22.0000000000389));
#12664=CARTESIAN_POINT('Ctrl Pts',(43.490743961685,47.5205557355771,-22.0000000000389));
#12665=CARTESIAN_POINT('Ctrl Pts',(43.4819239681864,47.4798384596106,-22.));
#12666=CARTESIAN_POINT('Ctrl Pts',(43.4800415271366,47.391503396593,-22.));
#12667=CARTESIAN_POINT('Ctrl Pts',(43.4885955493874,47.3459964370576,-21.9999999999996));
#12668=CARTESIAN_POINT('Ctrl Pts',(43.5212424960189,47.2512965677882,-21.9999999999996));
#12669=CARTESIAN_POINT('Ctrl Pts',(43.5476040630791,47.2029317921857,-21.9999999999981));
#12670=CARTESIAN_POINT('Ctrl Pts',(43.6149710464506,47.1041186326843,-21.9999999999981));
#12671=CARTESIAN_POINT('Ctrl Pts',(43.6594004628173,47.0532979093908,-22.));
#12672=CARTESIAN_POINT('Ctrl Pts',(43.7057962797209,47.0069020924872,-22.));
#12673=CARTESIAN_POINT('',(37.5479184651714,39.9520815422791,-12.6572113885075));
#12674=CARTESIAN_POINT('Origin',(42.15,42.15,-17.4655374953077));
#12675=CARTESIAN_POINT('Ctrl Pts',(37.5470696712546,39.9520374143911,-12.6565799974442));
#12676=CARTESIAN_POINT('Ctrl Pts',(37.5469802052691,39.9506585535377,-12.6555416311846));
#12677=CARTESIAN_POINT('Ctrl Pts',(37.5468920123814,39.9492804223246,-12.6545021636792));
#12678=CARTESIAN_POINT('Ctrl Pts',(37.5468050947995,39.9479030300346,-12.6534615976746));
#12679=CARTESIAN_POINT('Ctrl Pts',(37.5442133669561,39.9068316395306,-12.6224337684697));
#12680=CARTESIAN_POINT('Ctrl Pts',(37.5427484665454,39.8662142467759,-12.590283396955));
#12681=CARTESIAN_POINT('Ctrl Pts',(37.5424954962399,39.8263636873159,-12.5570667983194));
#12682=CARTESIAN_POINT('Ctrl Pts',(37.5422608411959,39.7893983416534,-12.5262551091754));
#12683=CARTESIAN_POINT('Ctrl Pts',(37.5430686465015,39.7530927743794,-12.4945256399056));
#12684=CARTESIAN_POINT('Ctrl Pts',(37.5449930903523,39.7177363203495,-12.4619211264804));
#12685=CARTESIAN_POINT('Ctrl Pts',(37.5469476989718,39.6818256702294,-12.4288055523632));
#12686=CARTESIAN_POINT('Ctrl Pts',(37.5500540793294,39.6468939704852,-12.3947864611568));
#12687=CARTESIAN_POINT('Ctrl Pts',(37.5543684632048,39.6132644174008,-12.3599405453475));
#12688=CARTESIAN_POINT('Ctrl Pts',(37.5562218038785,39.5988180861591,-12.3449716981274));
#12689=CARTESIAN_POINT('Ctrl Pts',(37.5582982128788,39.5846126263327,-12.3298504176805));
#12690=CARTESIAN_POINT('Ctrl Pts',(37.5606029757406,39.5706764327978,-12.3145836622397));
#12691=CARTESIAN_POINT('Ctrl Pts',(37.5630639023548,39.5557959649906,-12.298282477681));
#12692=CARTESIAN_POINT('Ctrl Pts',(37.565755244955,39.5414021940377,-12.2820120158144));
#12693=CARTESIAN_POINT('Ctrl Pts',(37.5686654249822,39.5275007433219,-12.2657804798248));
#12694=CARTESIAN_POINT('Ctrl Pts',(37.5753457619774,39.4955898736722,-12.2285208844222));
#12695=CARTESIAN_POINT('Ctrl Pts',(37.5831759225337,39.4662717431426,-12.1914669144995));
#12696=CARTESIAN_POINT('Ctrl Pts',(37.5920030833458,39.4395991205354,-12.154728978691));
#12697=CARTESIAN_POINT('Ctrl Pts',(37.5947297610322,39.4313600449764,-12.1433807647014));
#12698=CARTESIAN_POINT('Ctrl Pts',(37.5975519096697,39.4233735522872,-12.132062653883));
#12699=CARTESIAN_POINT('Ctrl Pts',(37.6004659337535,39.4156415938388,-12.1207778281364));
#12700=CARTESIAN_POINT('Ctrl Pts',(37.6099054470683,39.3905951554346,-12.0842224463594));
#12701=CARTESIAN_POINT('Ctrl Pts',(37.6203053203178,39.3682184937797,-12.0480156897684));
#12702=CARTESIAN_POINT('Ctrl Pts',(37.6315415030941,39.348566118356,-12.0122751363476));
#12703=CARTESIAN_POINT('Ctrl Pts',(37.6349462852986,39.3426110658751,-12.0014450526183));
#12704=CARTESIAN_POINT('Ctrl Pts',(37.6384281973826,39.336906262958,-11.9906578453959));
#12705=CARTESIAN_POINT('Ctrl Pts',(37.6419846688435,39.3314534811291,-11.9799170243022));
#12706=CARTESIAN_POINT('Origin',(38.3450226661332,40.7491857432409,-12.794537466471));
#12707=CARTESIAN_POINT('',(38.6597372745926,41.0639003517003,-14.2295606276925));
#12708=CARTESIAN_POINT('',(37.9950226661332,40.3991857432408,-13.2895122133016));
#12709=CARTESIAN_POINT('',(38.9813100270248,40.3955236104713,-12.9943836818105));
#12710=CARTESIAN_POINT('Ctrl Pts',(38.6597372745926,41.0639003517003,-14.2295606276924));
#12711=CARTESIAN_POINT('Ctrl Pts',(38.6954205479043,40.9684799924086,-14.1873201291077));
#12712=CARTESIAN_POINT('Ctrl Pts',(38.7383569155,40.8669903610585,-14.1140366517843));
#12713=CARTESIAN_POINT('Ctrl Pts',(38.8085639825481,40.7137058540676,-13.9612744012935));
#12714=CARTESIAN_POINT('Ctrl Pts',(38.8483321692839,40.6347847418808,-13.8518268008375));
#12715=CARTESIAN_POINT('Ctrl Pts',(38.907408485122,40.5232461702534,-13.6441154965471));
#12716=CARTESIAN_POINT('Ctrl Pts',(38.9348271999047,40.4749315901915,-13.5183710414908));
#12717=CARTESIAN_POINT('Ctrl Pts',(38.9718191296954,40.4111489032278,-13.2564047332761));
#12718=CARTESIAN_POINT('Ctrl Pts',(38.9813100270248,40.3955236104713,-13.1202095579574));
#12719=CARTESIAN_POINT('Ctrl Pts',(38.9813100270248,40.3955236104713,-12.9943836818105));
#12720=CARTESIAN_POINT('',(37.7530912347762,39.1673048182227,-11.2574200082511));
#12721=CARTESIAN_POINT('',(38.8399974129638,40.2542109964103,-12.794537466471));
#12722=CARTESIAN_POINT('Ctrl Pts',(37.7530912347762,39.1673048182227,-11.2574200082511));
#12723=CARTESIAN_POINT('Ctrl Pts',(37.7530912347762,39.1673048182227,-11.3805299213425));
#12724=CARTESIAN_POINT('Ctrl Pts',(37.7431037314664,39.1813827309463,-11.513956097819));
#12725=CARTESIAN_POINT('Ctrl Pts',(37.7035907509724,39.2387724760351,-11.7631643615891));
#12726=CARTESIAN_POINT('Ctrl Pts',(37.6752228253505,39.2804927415823,-11.8795352002255));
#12727=CARTESIAN_POINT('Ctrl Pts',(37.6419846688435,39.3314534811291,-11.9799170243022));
#12728=CARTESIAN_POINT('Origin',(43.65,43.65,-19.5868578388674));
#12729=CARTESIAN_POINT('',(44.8600938818073,45.8526044904009,-22.));
#12730=CARTESIAN_POINT('',(45.3563491861041,45.3563491861041,-22.));
#12731=CARTESIAN_POINT('Origin',(42.5,42.5,-17.9605122421383));
#12732=CARTESIAN_POINT('Origin',(42.5,42.5,-22.));
#12733=CARTESIAN_POINT('',(47.2243413891371,45.864609700825,-22.));
#12734=CARTESIAN_POINT('Origin',(42.5,42.5,-22.));
#12735=CARTESIAN_POINT('',(47.0069020924872,43.7057962797209,-22.));
#12736=CARTESIAN_POINT('Ctrl Pts',(47.0069020924872,43.7057962797209,-22.));
#12737=CARTESIAN_POINT('Ctrl Pts',(47.075814955083,43.6368834171251,-22.));
#12738=CARTESIAN_POINT('Ctrl Pts',(47.15616836403,43.570630446183,-22.));
#12739=CARTESIAN_POINT('Ctrl Pts',(47.2950457679664,43.503075626828,-22.));
#12740=CARTESIAN_POINT('Ctrl Pts',(47.3500093908542,43.4856523205454,-22.));
#12741=CARTESIAN_POINT('Ctrl Pts',(47.4501338144993,43.4787980980751,-22.));
#12742=CARTESIAN_POINT('Ctrl Pts',(47.4927772014459,43.4838646324437,-22.0000000000025));
#12743=CARTESIAN_POINT('Ctrl Pts',(47.5744326986775,43.511590429648,-22.0000000000025));
#12744=CARTESIAN_POINT('Ctrl Pts',(47.611175598264,43.5332257145585,-22.));
#12745=CARTESIAN_POINT('Ctrl Pts',(47.6860829438301,43.5961995106191,-22.));
#12746=CARTESIAN_POINT('Ctrl Pts',(47.7205089068067,43.6403555004891,-22.));
#12747=CARTESIAN_POINT('Ctrl Pts',(47.7885715167085,43.7574062576245,-22.));
#12748=CARTESIAN_POINT('Ctrl Pts',(47.8195924872165,43.8425325816237,-21.9999999999933));
#12749=CARTESIAN_POINT('Ctrl Pts',(47.8677513628612,44.0862322268939,-21.9999999999933));
#12750=CARTESIAN_POINT('Ctrl Pts',(47.8717217813065,44.2606291242712,-22.));
#12751=CARTESIAN_POINT('Ctrl Pts',(47.8152912544292,44.6536932883964,-22.));
#12752=CARTESIAN_POINT('Ctrl Pts',(47.7588647985617,44.8484634576307,-22.));
#12753=CARTESIAN_POINT('Ctrl Pts',(47.5698594045265,45.3270572119735,-22.));
#12754=CARTESIAN_POINT('Ctrl Pts',(47.4080604085098,45.6066447526229,-22.));
#12755=CARTESIAN_POINT('Ctrl Pts',(47.2243413891371,45.8646097008251,-22.));
#12756=CARTESIAN_POINT('',(45.8526044904009,44.8600938818073,-22.));
#12757=CARTESIAN_POINT('',(45.3563491861041,45.3563491861041,-22.));
#12758=CARTESIAN_POINT('Origin',(42.5,42.5,-22.));
#12759=CARTESIAN_POINT('Ctrl Pts',(39.3638642678894,37.8782968639831,-12.4748917711328));
#12760=CARTESIAN_POINT('Ctrl Pts',(40.4898021449581,37.1439256655288,-12.7517712248677));
#12761=CARTESIAN_POINT('Ctrl Pts',(43.3456382824048,36.617509916126,-14.3989201774878));
#12762=CARTESIAN_POINT('Ctrl Pts',(46.9284017774327,39.1083312612637,-18.6935932040807));
#12763=CARTESIAN_POINT('Ctrl Pts',(47.5468158228289,42.6864606255444,-21.6609975066069));
#12764=CARTESIAN_POINT('Ctrl Pts',(46.6940685495309,44.561057922821,-22.3835545879179));
#12765=CARTESIAN_POINT('Ctrl Pts',(46.3041622559654,45.1085361162427,-22.4949747468306));
#12766=CARTESIAN_POINT('Ctrl Pts',(39.3489427949778,37.8416788322324,-12.4384478378871));
#12767=CARTESIAN_POINT('Ctrl Pts',(40.4896710112282,37.0946043684266,-12.71680530084));
#12768=CARTESIAN_POINT('Ctrl Pts',(43.3792167443697,36.5473810592951,-14.3729759682318));
#12769=CARTESIAN_POINT('Ctrl Pts',(47.0174872961402,39.0278363425701,-18.699507732867));
#12770=CARTESIAN_POINT('Ctrl Pts',(47.6816137644907,42.64343913945,-21.7258651557504));
#12771=CARTESIAN_POINT('Ctrl Pts',(46.8108500276444,44.5882911829697,-22.4853558808705));
#12772=CARTESIAN_POINT('Ctrl Pts',(46.405665944674,45.1589619035832,-22.602405109607));
#12773=CARTESIAN_POINT('Ctrl Pts',(39.325323421117,37.7746668308161,-12.3567598114799));
#12774=CARTESIAN_POINT('Ctrl Pts',(40.4964591697339,37.0030119381286,-12.6369041299203));
#12775=CARTESIAN_POINT('Ctrl Pts',(43.4581218044086,36.4189196056236,-14.3043976847318));
#12776=CARTESIAN_POINT('Ctrl Pts',(47.2232393569738,38.8944775442734,-18.6721649551708));
#12777=CARTESIAN_POINT('Ctrl Pts',(47.9973225635718,42.6035966627924,-21.7900937811338));
#12778=CARTESIAN_POINT('Ctrl Pts',(47.0974122320624,44.6958480134581,-22.6135204972965));
#12779=CARTESIAN_POINT('Ctrl Pts',(46.6627410573525,45.3139818718825,-22.7403079120581));
#12780=CARTESIAN_POINT('Ctrl Pts',(39.3116843049179,37.7045192156411,-12.2261701624512));
#12781=CARTESIAN_POINT('Ctrl Pts',(40.5249095904952,36.9037589366544,-12.5062180991666));
#12782=CARTESIAN_POINT('Ctrl Pts',(43.5927188205735,36.2904600075608,-14.1733172862565));
#12783=CARTESIAN_POINT('Ctrl Pts',(47.5290481790659,38.8331553270799,-18.5406152017969));
#12784=CARTESIAN_POINT('Ctrl Pts',(48.3984865754726,42.7052501835972,-21.6707519182352));
#12785=CARTESIAN_POINT('Ctrl Pts',(47.4701332671529,44.9277199645831,-22.5080134268198));
#12786=CARTESIAN_POINT('Ctrl Pts',(47.0125437138518,45.5841372354015,-22.6369701211244));
#12787=CARTESIAN_POINT('Ctrl Pts',(39.3148305275522,37.6611772604836,-12.0984194958383));
#12788=CARTESIAN_POINT('Ctrl Pts',(40.5648490835647,36.8393006229989,-12.3770705538693));
#12789=CARTESIAN_POINT('Ctrl Pts',(43.7293455203599,36.2215366810754,-14.0355011460304));
#12790=CARTESIAN_POINT('Ctrl Pts',(47.7762978331862,38.8912481823355,-18.3712501552332));
#12791=CARTESIAN_POINT('Ctrl Pts',(48.6193226377296,42.89761485813,-21.4335915597701));
#12792=CARTESIAN_POINT('Ctrl Pts',(47.6672155811713,45.1277765055752,-22.2243921261326));
#12793=CARTESIAN_POINT('Ctrl Pts',(47.2085465140678,45.7828975552769,-22.3462308527126));
#12794=CARTESIAN_POINT('Ctrl Pts',(39.3246386827149,37.6464294892733,-12.019418647184));
#12795=CARTESIAN_POINT('Ctrl Pts',(40.5953095186046,36.8150962161972,-12.2968897068832));
#12796=CARTESIAN_POINT('Ctrl Pts',(43.8159614417846,36.207700752312,-13.947745924534));
#12797=CARTESIAN_POINT('Ctrl Pts',(47.8900396672193,38.9828115970214,-18.2560562098922));
#12798=CARTESIAN_POINT('Ctrl Pts',(48.6500314064365,43.039624646712,-21.255222040279));
#12799=CARTESIAN_POINT('Ctrl Pts',(47.6852329321955,45.2130876453366,-22.0006137805593));
#12800=CARTESIAN_POINT('Ctrl Pts',(47.2354528461915,45.8490077971502,-22.1155457791449));
#12801=CARTESIAN_POINT('Ctrl Pts',(39.3314534811291,37.6419846688435,-11.9799170243022));
#12802=CARTESIAN_POINT('Ctrl Pts',(40.6119318511288,36.8068174235425,-12.2567964780371));
#12803=CARTESIAN_POINT('Ctrl Pts',(43.8597454976368,36.2081485320649,-13.9039454306572));
#12804=CARTESIAN_POINT('Ctrl Pts',(47.9342608449234,39.0408473167313,-18.1986184572501));
#12805=CARTESIAN_POINT('Ctrl Pts',(48.6375552494917,43.1100924761093,-21.1660227597763));
#12806=CARTESIAN_POINT('Ctrl Pts',(47.6677642327999,45.2419874416396,-21.8885798410873));
#12807=CARTESIAN_POINT('Ctrl Pts',(47.2243413891371,45.8646097008251,-22.));
#12808=CARTESIAN_POINT('',(39.9520815422791,37.5479184651715,-12.6572113885075));
#12809=CARTESIAN_POINT('Origin',(42.15,42.15,-17.4655374953077));
#12810=CARTESIAN_POINT('',(39.3314534811291,37.6419846688435,-11.9799170243022));
#12811=CARTESIAN_POINT('Origin',(42.5,42.5,-16.9705627484771));
#12812=CARTESIAN_POINT('Ctrl Pts',(39.3314534811291,37.6419846688435,-11.9799170243022));
#12813=CARTESIAN_POINT('Ctrl Pts',(39.3493412704681,37.6303177042959,-12.0151521668553));
#12814=CARTESIAN_POINT('Ctrl Pts',(39.369944228816,37.6194630177563,-12.0508963965593));
#12815=CARTESIAN_POINT('Ctrl Pts',(39.3932056444658,37.6095313077853,-12.0870356321841));
#12816=CARTESIAN_POINT('Ctrl Pts',(39.4004356703564,37.606444370975,-12.0982682937368));
#12817=CARTESIAN_POINT('Ctrl Pts',(39.4079226204608,37.6034469553953,-12.1095392070933));
#12818=CARTESIAN_POINT('Ctrl Pts',(39.4156650810073,37.6005433486415,-12.1208451300049));
#12819=CARTESIAN_POINT('Ctrl Pts',(39.4407233879562,37.5911458878655,-12.1574365062163));
#12820=CARTESIAN_POINT('Ctrl Pts',(39.4684565618353,37.5827275184771,-12.1943948736143));
#12821=CARTESIAN_POINT('Ctrl Pts',(39.4988065424379,37.5754313638076,-12.2316159576868));
#12822=CARTESIAN_POINT('Ctrl Pts',(39.508158244494,37.5731832086764,-12.2430848443727));
#12823=CARTESIAN_POINT('Ctrl Pts',(39.5177585448304,37.571041937357,-12.2545786383282));
#12824=CARTESIAN_POINT('Ctrl Pts',(39.5276061718519,37.5690126325752,-12.2660941175767));
#12825=CARTESIAN_POINT('Ctrl Pts',(39.5415206227819,37.5661452756223,-12.282365202031));
#12826=CARTESIAN_POINT('Ctrl Pts',(39.5559288196497,37.5635014091588,-12.2986796130405));
#12827=CARTESIAN_POINT('Ctrl Pts',(39.570825261285,37.5610929388503,-12.3150294323968));
#12828=CARTESIAN_POINT('Ctrl Pts',(39.6035331012773,37.5558047053644,-12.3509284268345));
#12829=CARTESIAN_POINT('Ctrl Pts',(39.6377240230464,37.5517916398931,-12.3860464846366));
#12830=CARTESIAN_POINT('Ctrl Pts',(39.6730468021774,37.5489887426499,-12.4202976756106));
#12831=CARTESIAN_POINT('Ctrl Pts',(39.6878638507672,37.5478129952804,-12.4346652189751));
#12832=CARTESIAN_POINT('Ctrl Pts',(39.7028806732785,37.5468503521009,-12.4488804185992));
#12833=CARTESIAN_POINT('Ctrl Pts',(39.7180738668432,37.5460965935389,-12.4629375568335));
#12834=CARTESIAN_POINT('Ctrl Pts',(39.7562943680023,37.5442004135243,-12.4983001595604));
#12835=CARTESIAN_POINT('Ctrl Pts',(39.7956269572018,37.54362530389,-12.5326626706336));
#12836=CARTESIAN_POINT('Ctrl Pts',(39.835709125617,37.5442742639416,-12.5659670826974));
#12837=CARTESIAN_POINT('Ctrl Pts',(39.8727920112958,37.5448746633798,-12.5967793803847));
#12838=CARTESIAN_POINT('Ctrl Pts',(39.9105175624268,37.5465232498745,-12.6266862520728));
#12839=CARTESIAN_POINT('Ctrl Pts',(39.9486377857814,37.5491485370823,-12.6556383664118));
#12840=CARTESIAN_POINT('Ctrl Pts',(39.9500178652226,37.54924358125,-12.6566865296769));
#12841=CARTESIAN_POINT('Ctrl Pts',(39.9513986901305,37.5493399147436,-12.657733606865));
#12842=CARTESIAN_POINT('Ctrl Pts',(39.9527802510645,37.5494375351673,-12.6587795949229));
#12843=CARTESIAN_POINT('Origin',(40.2630693438861,37.8589062667784,-12.1070650616115));
#12844=CARTESIAN_POINT('',(39.1673048182227,37.7530912347762,-11.2574200082511));
#12845=CARTESIAN_POINT('',(40.3955236104713,38.9813100270248,-12.9943836818105));
#12846=CARTESIAN_POINT('',(39.7680945970555,38.353881013609,-12.1070650616115));
#12847=CARTESIAN_POINT('',(41.0639003517002,38.6597372745926,-14.2295606276924));
#12848=CARTESIAN_POINT('Ctrl Pts',(40.3955236104713,38.9813100270248,-12.9943836818105));
#12849=CARTESIAN_POINT('Ctrl Pts',(40.3955236104713,38.9813100270248,-13.128798703985));
#12850=CARTESIAN_POINT('Ctrl Pts',(40.4132966510535,38.9704940862625,-13.2739646398183));
#12851=CARTESIAN_POINT('Ctrl Pts',(40.4855991350854,38.9287352353499,-13.551689422277));
#12852=CARTESIAN_POINT('Ctrl Pts',(40.5403337217347,38.8978892245241,-13.6842093843466));
#12853=CARTESIAN_POINT('Ctrl Pts',(40.6587848893544,38.8361960764055,-13.8862514339477));
#12854=CARTESIAN_POINT('Ctrl Pts',(40.7342432537027,38.7988233588971,-13.9844179136671));
#12855=CARTESIAN_POINT('Ctrl Pts',(40.8790524060731,38.7332286974026,-14.1228784552451));
#12856=CARTESIAN_POINT('Ctrl Pts',(40.974749417865,38.6930760417242,-14.1900954661435));
#12857=CARTESIAN_POINT('Ctrl Pts',(41.0639003517002,38.6597372745926,-14.2295606276924));
#12858=CARTESIAN_POINT('',(39.9130693438861,37.5089062667784,-12.6020398084421));
#12859=CARTESIAN_POINT('Ctrl Pts',(39.3314534811291,37.6419846688435,-11.9799170243022));
#12860=CARTESIAN_POINT('Ctrl Pts',(39.2804927415823,37.6752228253505,-11.8795352002255));
#12861=CARTESIAN_POINT('Ctrl Pts',(39.2387724760351,37.7035907509724,-11.7631643615892));
#12862=CARTESIAN_POINT('Ctrl Pts',(39.1813827309463,37.7431037314664,-11.513956097819));
#12863=CARTESIAN_POINT('Ctrl Pts',(39.1673048182227,37.7530912347762,-11.3805299213425));
#12864=CARTESIAN_POINT('Ctrl Pts',(39.1673048182227,37.7530912347762,-11.2574200082511));
#12865=CARTESIAN_POINT('Origin',(42.5,42.5,0.));
#12866=CARTESIAN_POINT('',(37.7530912347762,39.1673048182227,0.));
#12867=CARTESIAN_POINT('',(39.1673048182227,37.7530912347762,0.));
#12868=CARTESIAN_POINT('Origin',(43.65,43.65,-19.5868578388674));
#12869=CARTESIAN_POINT('Origin',(42.5,42.5,-17.9605122421383));
#12870=CARTESIAN_POINT('Origin',(42.5,42.5,0.));
#12871=CARTESIAN_POINT('',(40.3955236104713,38.9813100270248,0.));
#12872=CARTESIAN_POINT('',(38.9813100270248,40.3955236104713,0.));
#12873=CARTESIAN_POINT('Origin',(38.4510580130522,37.0368444296056,0.));
#12874=CARTESIAN_POINT('',(38.4510580130522,37.0368444296056,0.));
#12875=CARTESIAN_POINT('Ctrl Pts',(41.593183535692,35.7607356558692,0.));
#12876=CARTESIAN_POINT('Ctrl Pts',(41.593183535692,35.7607356558692,-2.));
#12877=CARTESIAN_POINT('Ctrl Pts',(38.9255011048108,32.8216000381886,0.));
#12878=CARTESIAN_POINT('Ctrl Pts',(38.9255011048108,32.8216000381886,-2.));
#12879=CARTESIAN_POINT('Ctrl Pts',(36.4861339200672,29.771269227621,0.));
#12880=CARTESIAN_POINT('Ctrl Pts',(36.4861339200672,29.771269227621,-2.));
#12881=CARTESIAN_POINT('Ctrl Pts',(34.3426356101481,26.5084694067488,0.));
#12882=CARTESIAN_POINT('Ctrl Pts',(34.3426356101481,26.5084694067488,-2.));
#12883=CARTESIAN_POINT('Ctrl Pts',(31.5089291508882,22.1950454656651,0.));
#12884=CARTESIAN_POINT('Ctrl Pts',(31.5089291508882,22.1950454656651,-2.));
#12885=CARTESIAN_POINT('Ctrl Pts',(29.2231294310532,17.4687355074019,0.));
#12886=CARTESIAN_POINT('Ctrl Pts',(29.2231294310532,17.4687355074019,-2.));
#12887=CARTESIAN_POINT('Ctrl Pts',(27.8143136429776,12.2624337334232,0.));
#12888=CARTESIAN_POINT('Ctrl Pts',(27.8143136429776,12.2624337334232,-2.));
#12889=CARTESIAN_POINT('Ctrl Pts',(26.7585691162737,8.36091257730772,0.));
#12890=CARTESIAN_POINT('Ctrl Pts',(26.7585691162737,8.36091257730772,-2.));
#12891=CARTESIAN_POINT('Ctrl Pts',(26.2070214544048,4.18163824444221,0.));
#12892=CARTESIAN_POINT('Ctrl Pts',(26.2070214544048,4.18163824444221,-2.));
#12893=CARTESIAN_POINT('Ctrl Pts',(26.2026304963712,-1.2490009027033E-15,
0.));
#12894=CARTESIAN_POINT('Ctrl Pts',(26.2026304963712,-1.2490009027033E-15,
-2.));
#12895=CARTESIAN_POINT('',(41.5931835356927,35.7607356558701,-2.));
#12896=CARTESIAN_POINT('',(41.5931835356927,35.7607356558701,0.));
#12897=CARTESIAN_POINT('Ctrl Pts',(41.593183535692,35.7607356558692,-2.));
#12898=CARTESIAN_POINT('Ctrl Pts',(38.9255011048108,32.8216000381886,-2.));
#12899=CARTESIAN_POINT('Ctrl Pts',(36.4861339200672,29.771269227621,-2.));
#12900=CARTESIAN_POINT('Ctrl Pts',(34.3426356101481,26.5084694067488,-2.));
#12901=CARTESIAN_POINT('Ctrl Pts',(31.5089291508882,22.1950454656651,-2.));
#12902=CARTESIAN_POINT('Ctrl Pts',(29.2231294310532,17.4687355074019,-2.));
#12903=CARTESIAN_POINT('Ctrl Pts',(27.8143136429776,12.2624337334232,-2.));
#12904=CARTESIAN_POINT('Ctrl Pts',(26.7585691162737,8.36091257730772,-2.));
#12905=CARTESIAN_POINT('Ctrl Pts',(26.2070214544048,4.18163824444222,-2.));
#12906=CARTESIAN_POINT('Ctrl Pts',(26.2026304963713,-1.33226762955019E-15,
-2.));
#12907=CARTESIAN_POINT('Origin',(32.9971960599748,18.1579711119156,-2.));
#12908=CARTESIAN_POINT('',(39.6720273302229,36.3159422238312,-2.));
#12909=CARTESIAN_POINT('Ctrl Pts',(24.4012085842568,-1.66533453693773E-15,
-2.));
#12910=CARTESIAN_POINT('Ctrl Pts',(24.4053318779388,4.73729468377388,-2.));
#12911=CARTESIAN_POINT('Ctrl Pts',(25.0925634496044,9.46513376297558,-2.));
#12912=CARTESIAN_POINT('Ctrl Pts',(26.3909229940618,13.840057003589,-2.));
#12913=CARTESIAN_POINT('Ctrl Pts',(27.9581964971851,19.1211066962439,-2.));
#12914=CARTESIAN_POINT('Ctrl Pts',(30.3936373569382,23.9004376094147,-2.));
#12915=CARTESIAN_POINT('Ctrl Pts',(33.3350489823901,28.2413224888609,-2.));
#12916=CARTESIAN_POINT('Ctrl Pts',(35.2576886732485,31.0787212026123,-2.));
#12917=CARTESIAN_POINT('Ctrl Pts',(37.3823258153493,33.7460029239461,-2.));
#12918=CARTESIAN_POINT('Ctrl Pts',(39.672027330222,36.3159422238302,-2.));
#12919=CARTESIAN_POINT('Origin',(42.5,42.5,-2.));
#12920=CARTESIAN_POINT('Origin',(19.767665926638,28.3066222185772,0.));
#12921=CARTESIAN_POINT('',(19.3177145998574,27.7703911083939,-2.));
#12922=CARTESIAN_POINT('',(19.3177145998574,27.7703911083939,0.));
#12923=CARTESIAN_POINT('',(23.0907316074999,32.2668976821709,-2.));
#12924=CARTESIAN_POINT('',(18.,26.2,-2.));
#12925=CARTESIAN_POINT('',(23.0907316074999,32.2668976821709,0.));
#12926=CARTESIAN_POINT('Ctrl Pts',(23.0907316075,32.2668976821709,0.));
#12927=CARTESIAN_POINT('Ctrl Pts',(23.0907316075,32.2668976821709,-2.));
#12928=CARTESIAN_POINT('Ctrl Pts',(24.2581564750808,32.9186787936949,0.));
#12929=CARTESIAN_POINT('Ctrl Pts',(24.2581564750808,32.9186787936949,-2.));
#12930=CARTESIAN_POINT('Ctrl Pts',(25.3970197228634,33.6124680700716,0.));
#12931=CARTESIAN_POINT('Ctrl Pts',(25.3970197228634,33.6124680700716,-2.));
#12932=CARTESIAN_POINT('Ctrl Pts',(26.5084694067488,34.3426356101481,0.));
#12933=CARTESIAN_POINT('Ctrl Pts',(26.5084694067488,34.3426356101481,-2.));
#12934=CARTESIAN_POINT('Ctrl Pts',(29.771269227621,36.4861339200672,0.));
#12935=CARTESIAN_POINT('Ctrl Pts',(29.771269227621,36.4861339200672,-2.));
#12936=CARTESIAN_POINT('Ctrl Pts',(32.8216000381886,38.9255011048108,0.));
#12937=CARTESIAN_POINT('Ctrl Pts',(32.8216000381886,38.9255011048108,-2.));
#12938=CARTESIAN_POINT('Ctrl Pts',(35.7607356558692,41.593183535692,0.));
#12939=CARTESIAN_POINT('Ctrl Pts',(35.7607356558692,41.593183535692,-2.));
#12940=CARTESIAN_POINT('',(35.7607356558701,41.5931835356927,-2.));
#12941=CARTESIAN_POINT('Ctrl Pts',(23.0907316075,32.2668976821709,-2.));
#12942=CARTESIAN_POINT('Ctrl Pts',(24.2581564750808,32.9186787936949,-2.));
#12943=CARTESIAN_POINT('Ctrl Pts',(25.3970197228634,33.6124680700716,-2.));
#12944=CARTESIAN_POINT('Ctrl Pts',(26.5084694067488,34.3426356101481,-2.));
#12945=CARTESIAN_POINT('Ctrl Pts',(29.771269227621,36.4861339200672,-2.));
#12946=CARTESIAN_POINT('Ctrl Pts',(32.8216000381886,38.9255011048108,-2.));
#12947=CARTESIAN_POINT('Ctrl Pts',(35.7607356558692,41.593183535692,-2.));
#12948=CARTESIAN_POINT('',(35.7607356558701,41.5931835356927,0.));
#12949=CARTESIAN_POINT('Origin',(28.0418040752346,34.1144099754433,-2.));
#12950=CARTESIAN_POINT('',(20.0095001799397,25.7945261697791,-2.));
#12951=CARTESIAN_POINT('Origin',(18.,26.2,-2.));
#12952=CARTESIAN_POINT('',(24.2597991708747,30.8598352625377,-2.));
#12953=CARTESIAN_POINT('',(25.8423984344186,32.7459036207896,-2.));
#12954=CARTESIAN_POINT('',(36.3159422238312,39.6720273302229,-2.));
#12955=CARTESIAN_POINT('Ctrl Pts',(36.3159422238302,39.672027330222,-2.));
#12956=CARTESIAN_POINT('Ctrl Pts',(33.7460029239461,37.3823258153494,-2.));
#12957=CARTESIAN_POINT('Ctrl Pts',(31.0787212026123,35.2576886732485,-2.));
#12958=CARTESIAN_POINT('Ctrl Pts',(28.2413224888609,33.3350489823901,-2.));
#12959=CARTESIAN_POINT('Ctrl Pts',(26.9533006874194,32.4622770923696,-2.));
#12960=CARTESIAN_POINT('Ctrl Pts',(25.6266772210226,31.634051879642,-2.));
#12961=CARTESIAN_POINT('Ctrl Pts',(24.2597991708747,30.8598352625377,-2.));
#12962=CARTESIAN_POINT('Origin',(42.5,42.5,-2.));
#12963=CARTESIAN_POINT('Ctrl Pts',(24.4012085842568,-1.66533453693773E-15,
0.));
#12964=CARTESIAN_POINT('Ctrl Pts',(24.4012085842568,-1.66533453693773E-15,
-4.));
#12965=CARTESIAN_POINT('Ctrl Pts',(24.4053318779388,4.73729468377388,0.));
#12966=CARTESIAN_POINT('Ctrl Pts',(24.4053318779388,4.73729468377388,-4.));
#12967=CARTESIAN_POINT('Ctrl Pts',(25.0925634496044,9.46513376297558,0.));
#12968=CARTESIAN_POINT('Ctrl Pts',(25.0925634496044,9.46513376297558,-4.));
#12969=CARTESIAN_POINT('Ctrl Pts',(26.3909229940618,13.840057003589,0.));
#12970=CARTESIAN_POINT('Ctrl Pts',(26.3909229940618,13.840057003589,-4.));
#12971=CARTESIAN_POINT('Ctrl Pts',(27.9581964971851,19.1211066962439,0.));
#12972=CARTESIAN_POINT('Ctrl Pts',(27.9581964971851,19.1211066962439,-4.));
#12973=CARTESIAN_POINT('Ctrl Pts',(30.3936373569382,23.9004376094147,0.));
#12974=CARTESIAN_POINT('Ctrl Pts',(30.3936373569382,23.9004376094147,-4.));
#12975=CARTESIAN_POINT('Ctrl Pts',(33.3350489823901,28.2413224888609,0.));
#12976=CARTESIAN_POINT('Ctrl Pts',(33.3350489823901,28.2413224888609,-4.));
#12977=CARTESIAN_POINT('Ctrl Pts',(35.2576886732485,31.0787212026123,0.));
#12978=CARTESIAN_POINT('Ctrl Pts',(35.2576886732485,31.0787212026123,-4.));
#12979=CARTESIAN_POINT('Ctrl Pts',(37.3823258153493,33.7460029239461,0.));
#12980=CARTESIAN_POINT('Ctrl Pts',(37.3823258153493,33.7460029239461,-4.));
#12981=CARTESIAN_POINT('Ctrl Pts',(39.672027330222,36.3159422238302,0.));
#12982=CARTESIAN_POINT('Ctrl Pts',(39.672027330222,36.3159422238302,-4.));
#12983=CARTESIAN_POINT('',(39.6720273302229,36.3159422238312,-4.));
#12984=CARTESIAN_POINT('',(39.672027330222,36.3159422238302,0.));
#12985=CARTESIAN_POINT('Ctrl Pts',(24.4012085842568,-1.22124532708767E-15,
-4.));
#12986=CARTESIAN_POINT('Ctrl Pts',(24.4053318779388,4.73729468377388,-4.));
#12987=CARTESIAN_POINT('Ctrl Pts',(25.0925634496044,9.46513376297558,-4.));
#12988=CARTESIAN_POINT('Ctrl Pts',(26.3909229940618,13.840057003589,-4.));
#12989=CARTESIAN_POINT('Ctrl Pts',(27.9581964971851,19.1211066962439,-4.));
#12990=CARTESIAN_POINT('Ctrl Pts',(30.3936373569382,23.9004376094147,-4.));
#12991=CARTESIAN_POINT('Ctrl Pts',(33.3350489823901,28.2413224888609,-4.));
#12992=CARTESIAN_POINT('Ctrl Pts',(35.2576886732485,31.0787212026123,-4.));
#12993=CARTESIAN_POINT('Ctrl Pts',(37.3823258153493,33.7460029239461,-4.));
#12994=CARTESIAN_POINT('Ctrl Pts',(39.672027330222,36.3159422238302,-4.));
#12995=CARTESIAN_POINT('Ctrl Pts',(36.3159422238302,39.672027330222,0.));
#12996=CARTESIAN_POINT('Ctrl Pts',(36.3159422238302,39.672027330222,-4.));
#12997=CARTESIAN_POINT('Ctrl Pts',(33.7460029239461,37.3823258153494,0.));
#12998=CARTESIAN_POINT('Ctrl Pts',(33.7460029239461,37.3823258153494,-4.));
#12999=CARTESIAN_POINT('Ctrl Pts',(31.0787212026123,35.2576886732485,0.));
#13000=CARTESIAN_POINT('Ctrl Pts',(31.0787212026123,35.2576886732485,-4.));
#13001=CARTESIAN_POINT('Ctrl Pts',(28.2413224888609,33.3350489823901,0.));
#13002=CARTESIAN_POINT('Ctrl Pts',(28.2413224888609,33.3350489823901,-4.));
#13003=CARTESIAN_POINT('Ctrl Pts',(26.9533006874194,32.4622770923696,0.));
#13004=CARTESIAN_POINT('Ctrl Pts',(26.9533006874194,32.4622770923696,-4.));
#13005=CARTESIAN_POINT('Ctrl Pts',(25.6266772210226,31.634051879642,0.));
#13006=CARTESIAN_POINT('Ctrl Pts',(25.6266772210226,31.634051879642,-4.));
#13007=CARTESIAN_POINT('Ctrl Pts',(24.2597991708747,30.8598352625377,0.));
#13008=CARTESIAN_POINT('Ctrl Pts',(24.2597991708747,30.8598352625377,-4.));
#13009=CARTESIAN_POINT('',(24.2597991708747,30.8598352625377,-4.));
#13010=CARTESIAN_POINT('',(24.2597991708747,30.8598352625377,0.));
#13011=CARTESIAN_POINT('',(36.3159422238312,39.6720273302229,-4.));
#13012=CARTESIAN_POINT('Ctrl Pts',(36.3159422238302,39.672027330222,-4.));
#13013=CARTESIAN_POINT('Ctrl Pts',(33.7460029239461,37.3823258153494,-4.));
#13014=CARTESIAN_POINT('Ctrl Pts',(31.0787212026123,35.2576886732485,-4.));
#13015=CARTESIAN_POINT('Ctrl Pts',(28.2413224888609,33.3350489823901,-4.));
#13016=CARTESIAN_POINT('Ctrl Pts',(26.9533006874194,32.4622770923696,-4.));
#13017=CARTESIAN_POINT('Ctrl Pts',(25.6266772210226,31.634051879642,-4.));
#13018=CARTESIAN_POINT('Ctrl Pts',(24.2597991708747,30.8598352625377,-4.));
#13019=CARTESIAN_POINT('',(36.3159422238302,39.672027330222,0.));
#13020=CARTESIAN_POINT('Origin',(24.2597991708747,30.8598352625377,0.));
#13021=CARTESIAN_POINT('',(20.0095001799397,25.7945261697791,-4.));
#13022=CARTESIAN_POINT('',(20.0095001798683,25.7945261696368,0.));
#13023=CARTESIAN_POINT('',(20.205231820283,26.0277900553208,-4.));
#13024=CARTESIAN_POINT('Origin',(28.0418040752346,34.1144099754433,-4.));
#13025=CARTESIAN_POINT('',(35.7607356558701,41.5931835356927,-4.));
#13026=CARTESIAN_POINT('',(23.0907316074999,32.2668976821709,-4.));
#13027=CARTESIAN_POINT('Ctrl Pts',(35.7607356558692,41.593183535692,-4.));
#13028=CARTESIAN_POINT('Ctrl Pts',(32.8216000381886,38.9255011048108,-4.));
#13029=CARTESIAN_POINT('Ctrl Pts',(29.771269227621,36.4861339200672,-4.));
#13030=CARTESIAN_POINT('Ctrl Pts',(26.5084694067488,34.3426356101481,-4.));
#13031=CARTESIAN_POINT('Ctrl Pts',(25.3970197228634,33.6124680700716,-4.));
#13032=CARTESIAN_POINT('Ctrl Pts',(24.2581564750808,32.9186787936949,-4.));
#13033=CARTESIAN_POINT('Ctrl Pts',(23.0907316075,32.2668976821709,-4.));
#13034=CARTESIAN_POINT('Origin',(42.5,42.5,-4.));
#13035=CARTESIAN_POINT('',(19.3177145998574,27.7703911083939,-4.));
#13036=CARTESIAN_POINT('Origin',(18.,26.2,-4.));
#13037=CARTESIAN_POINT('',(24.5684246541038,34.0279436792126,-4.));
#13038=CARTESIAN_POINT('Origin',(32.9971960599748,18.1579711119156,-4.));
#13039=CARTESIAN_POINT('',(41.5931835356927,35.7607356558701,-4.));
#13040=CARTESIAN_POINT('Origin',(42.5,42.5,-4.));
#13041=CARTESIAN_POINT('Ctrl Pts',(26.2026304963712,-1.2490009027033E-15,
-4.));
#13042=CARTESIAN_POINT('Ctrl Pts',(26.2070214544048,4.18163824444222,-4.));
#13043=CARTESIAN_POINT('Ctrl Pts',(26.7585691162737,8.36091257730772,-4.));
#13044=CARTESIAN_POINT('Ctrl Pts',(27.8143136429776,12.2624337334232,-4.));
#13045=CARTESIAN_POINT('Ctrl Pts',(29.2231294310532,17.4687355074019,-4.));
#13046=CARTESIAN_POINT('Ctrl Pts',(31.5089291508882,22.1950454656651,-4.));
#13047=CARTESIAN_POINT('Ctrl Pts',(34.3426356101481,26.5084694067488,-4.));
#13048=CARTESIAN_POINT('Ctrl Pts',(36.4861339200672,29.771269227621,-4.));
#13049=CARTESIAN_POINT('Ctrl Pts',(38.9255011048108,32.8216000381886,-4.));
#13050=CARTESIAN_POINT('Ctrl Pts',(41.593183535692,35.7607356558692,-4.));
#13051=CARTESIAN_POINT('Origin',(8.25,12.35,-9.));
#13052=CARTESIAN_POINT('Origin',(38.9813100270248,40.3955236104713,0.));
#13053=CARTESIAN_POINT('',(37.0368444296057,38.4510580130522,0.));
#13054=CARTESIAN_POINT('Origin',(23.0907316074999,32.2668976821709,0.));
#13055=CARTESIAN_POINT('',(19.3177145998574,27.7703911083939,0.));
#13056=CARTESIAN_POINT('',(23.0907316074999,32.2668976821709,0.));
#13057=CARTESIAN_POINT('Ctrl Pts',(35.7607356558692,41.593183535692,0.));
#13058=CARTESIAN_POINT('Ctrl Pts',(35.7607356558692,41.593183535692,-6.));
#13059=CARTESIAN_POINT('Ctrl Pts',(32.8216000381886,38.9255011048108,0.));
#13060=CARTESIAN_POINT('Ctrl Pts',(32.8216000381886,38.9255011048108,-6.));
#13061=CARTESIAN_POINT('Ctrl Pts',(29.771269227621,36.4861339200672,0.));
#13062=CARTESIAN_POINT('Ctrl Pts',(29.771269227621,36.4861339200672,-6.));
#13063=CARTESIAN_POINT('Ctrl Pts',(26.5084694067488,34.3426356101481,0.));
#13064=CARTESIAN_POINT('Ctrl Pts',(26.5084694067488,34.3426356101481,-6.));
#13065=CARTESIAN_POINT('Ctrl Pts',(25.3970197228634,33.6124680700716,0.));
#13066=CARTESIAN_POINT('Ctrl Pts',(25.3970197228634,33.6124680700716,-6.));
#13067=CARTESIAN_POINT('Ctrl Pts',(24.2581564750808,32.9186787936949,0.));
#13068=CARTESIAN_POINT('Ctrl Pts',(24.2581564750808,32.9186787936949,-6.));
#13069=CARTESIAN_POINT('Ctrl Pts',(23.0907316075,32.2668976821709,0.));
#13070=CARTESIAN_POINT('Ctrl Pts',(23.0907316075,32.2668976821709,-6.));
#13071=CARTESIAN_POINT('',(35.7607356558701,41.5931835356927,0.));
#13072=CARTESIAN_POINT('Origin',(42.5,42.5,0.));
#13073=CARTESIAN_POINT('Origin',(42.5,42.5,0.));
#13074=CARTESIAN_POINT('',(41.5931835356927,35.7607356558701,0.));
#13075=CARTESIAN_POINT('Ctrl Pts',(26.2026304963712,-1.2490009027033E-15,
0.));
#13076=CARTESIAN_POINT('Ctrl Pts',(26.2026304963712,-1.2490009027033E-15,
-6.));
#13077=CARTESIAN_POINT('Ctrl Pts',(26.2070214544048,4.18163824444222,0.));
#13078=CARTESIAN_POINT('Ctrl Pts',(26.2070214544048,4.18163824444222,-6.));
#13079=CARTESIAN_POINT('Ctrl Pts',(26.7585691162737,8.36091257730772,0.));
#13080=CARTESIAN_POINT('Ctrl Pts',(26.7585691162737,8.36091257730772,-6.));
#13081=CARTESIAN_POINT('Ctrl Pts',(27.8143136429776,12.2624337334232,0.));
#13082=CARTESIAN_POINT('Ctrl Pts',(27.8143136429776,12.2624337334232,-6.));
#13083=CARTESIAN_POINT('Ctrl Pts',(29.2231294310532,17.4687355074019,0.));
#13084=CARTESIAN_POINT('Ctrl Pts',(29.2231294310532,17.4687355074019,-6.));
#13085=CARTESIAN_POINT('Ctrl Pts',(31.5089291508882,22.1950454656651,0.));
#13086=CARTESIAN_POINT('Ctrl Pts',(31.5089291508882,22.1950454656651,-6.));
#13087=CARTESIAN_POINT('Ctrl Pts',(34.3426356101481,26.5084694067488,0.));
#13088=CARTESIAN_POINT('Ctrl Pts',(34.3426356101481,26.5084694067488,-6.));
#13089=CARTESIAN_POINT('Ctrl Pts',(36.4861339200672,29.771269227621,0.));
#13090=CARTESIAN_POINT('Ctrl Pts',(36.4861339200672,29.771269227621,-6.));
#13091=CARTESIAN_POINT('Ctrl Pts',(38.9255011048108,32.8216000381886,0.));
#13092=CARTESIAN_POINT('Ctrl Pts',(38.9255011048108,32.8216000381886,-6.));
#13093=CARTESIAN_POINT('Ctrl Pts',(41.593183535692,35.7607356558692,0.));
#13094=CARTESIAN_POINT('Ctrl Pts',(41.593183535692,35.7607356558692,-6.));
#13095=CARTESIAN_POINT('Ctrl Pts',(44.1920170319218,35.913872278517,0.));
#13096=CARTESIAN_POINT('Ctrl Pts',(44.1920170319218,35.913872278517,-6.));
#13097=CARTESIAN_POINT('Ctrl Pts',(43.4492425189335,35.122968771554,0.));
#13098=CARTESIAN_POINT('Ctrl Pts',(43.4492425189335,35.122968771554,-6.));
#13099=CARTESIAN_POINT('Ctrl Pts',(41.5305489708693,33.0261780854437,0.));
#13100=CARTESIAN_POINT('Ctrl Pts',(41.5305489708693,33.0261780854437,-6.));
#13101=CARTESIAN_POINT('Ctrl Pts',(38.5850681833381,29.5643749629135,0.));
#13102=CARTESIAN_POINT('Ctrl Pts',(38.5850681833381,29.5643749629135,-6.));
#13103=CARTESIAN_POINT('Ctrl Pts',(34.9155191009357,24.5839482172845,0.));
#13104=CARTESIAN_POINT('Ctrl Pts',(34.9155191009357,24.5839482172845,-6.));
#13105=CARTESIAN_POINT('Ctrl Pts',(31.1391122625436,17.649095247118,0.));
#13106=CARTESIAN_POINT('Ctrl Pts',(31.1391122625436,17.649095247118,-6.));
#13107=CARTESIAN_POINT('Ctrl Pts',(29.0053737339271,10.9351887011402,0.));
#13108=CARTESIAN_POINT('Ctrl Pts',(29.0053737339271,10.9351887011402,-6.));
#13109=CARTESIAN_POINT('Ctrl Pts',(28.18279528684,5.51081117852643,0.));
#13110=CARTESIAN_POINT('Ctrl Pts',(28.18279528684,5.51081117852643,-6.));
#13111=CARTESIAN_POINT('Ctrl Pts',(28.0000000337605,1.83693762486258,0.));
#13112=CARTESIAN_POINT('Ctrl Pts',(28.0000000337605,1.83693762486258,-6.));
#13113=CARTESIAN_POINT('Ctrl Pts',(28.,8.48161350319732E-7,0.));
#13114=CARTESIAN_POINT('Ctrl Pts',(28.,8.48161350319732E-7,-6.));
#13115=CARTESIAN_POINT('',(44.1920170319218,35.913872278517,0.));
#13116=CARTESIAN_POINT('Origin',(42.5,42.5,0.));
#13117=CARTESIAN_POINT('Origin',(18.,26.2,0.));
#13118=CARTESIAN_POINT('',(16.95,26.2,0.));
#13119=CARTESIAN_POINT('Origin',(18.,26.2,0.));
#13120=CARTESIAN_POINT('Origin',(16.,19.9600361713695,0.));
#13121=CARTESIAN_POINT('',(15.5,19.9600361713695,0.));
#13122=CARTESIAN_POINT('',(16.,19.9600361713695,0.));
#13123=CARTESIAN_POINT('',(8.,19.9600361713695,0.));
#13124=CARTESIAN_POINT('',(15.5,19.9600361713695,-1.5));
#13125=CARTESIAN_POINT('',(15.5,19.9600361713695,0.));
#13126=CARTESIAN_POINT('',(16.,19.9600361713695,-1.5));
#13127=CARTESIAN_POINT('',(15.5,19.9600361713695,-1.5));
#13128=CARTESIAN_POINT('',(16.,19.9600361713695,0.));
#13129=CARTESIAN_POINT('Origin',(16.,24.2,0.));
#13130=CARTESIAN_POINT('',(16.,24.2,0.));
#13131=CARTESIAN_POINT('',(16.,12.1,0.));
#13132=CARTESIAN_POINT('',(16.,24.2,-1.5));
#13133=CARTESIAN_POINT('',(16.,24.2,-1.5));
#13134=CARTESIAN_POINT('',(16.,24.2,0.));
#13135=CARTESIAN_POINT('Origin',(9.53589838486226,24.2,0.));
#13136=CARTESIAN_POINT('',(9.53589838486226,24.2,0.));
#13137=CARTESIAN_POINT('',(4.76794919243113,24.2,0.));
#13138=CARTESIAN_POINT('',(9.53589838486226,24.2,-1.5));
#13139=CARTESIAN_POINT('',(-16.,24.2,-1.5));
#13140=CARTESIAN_POINT('',(9.53589838486226,24.2,0.));
#13141=CARTESIAN_POINT('Origin',(9.53589838486226,23.7,0.));
#13142=CARTESIAN_POINT('',(9.53589838486226,23.7,0.));
#13143=CARTESIAN_POINT('',(9.53589838486226,11.85,0.));
#13144=CARTESIAN_POINT('',(9.53589838486226,23.7,-1.5));
#13145=CARTESIAN_POINT('',(9.53589838486226,23.7,-1.5));
#13146=CARTESIAN_POINT('',(9.53589838486226,23.7,0.));
#13147=CARTESIAN_POINT('Origin',(15.5,23.7,0.));
#13148=CARTESIAN_POINT('',(15.5,23.7,0.));
#13149=CARTESIAN_POINT('',(7.75,23.7,0.));
#13150=CARTESIAN_POINT('',(15.5,23.7,-1.5));
#13151=CARTESIAN_POINT('',(15.5,23.7,-1.5));
#13152=CARTESIAN_POINT('',(15.5,23.7,0.));
#13153=CARTESIAN_POINT('Origin',(15.5,19.9600361713695,0.));
#13154=CARTESIAN_POINT('',(15.5,9.98001808568472,0.));
#13155=CARTESIAN_POINT('',(15.5,19.9600361713695,-1.5));
#13156=CARTESIAN_POINT('Origin',(12.7679491924311,22.0800180856847,-1.5));
#13157=CARTESIAN_POINT('Origin',(9.53589838486224,-24.2,0.));
#13158=CARTESIAN_POINT('',(9.53589838486224,-23.7,0.));
#13159=CARTESIAN_POINT('',(9.53589838486224,-24.2,0.));
#13160=CARTESIAN_POINT('',(9.53589838486224,-12.1,0.));
#13161=CARTESIAN_POINT('',(9.53589838486224,-23.7,-1.5));
#13162=CARTESIAN_POINT('',(9.53589838486224,-23.7,0.));
#13163=CARTESIAN_POINT('',(9.53589838486224,-24.2,-1.5));
#13164=CARTESIAN_POINT('',(9.53589838486224,-23.7,-1.5));
#13165=CARTESIAN_POINT('',(9.53589838486224,-24.2,0.));
#13166=CARTESIAN_POINT('Origin',(16.,-24.2,0.));
#13167=CARTESIAN_POINT('',(16.,-24.2,0.));
#13168=CARTESIAN_POINT('',(8.,-24.2,0.));
#13169=CARTESIAN_POINT('',(16.,-24.2,-1.5));
#13170=CARTESIAN_POINT('',(16.,-24.2,-1.5));
#13171=CARTESIAN_POINT('',(16.,-24.2,0.));
#13172=CARTESIAN_POINT('Origin',(16.,-19.9600361713695,0.));
#13173=CARTESIAN_POINT('',(16.,-19.9600361713695,0.));
#13174=CARTESIAN_POINT('',(16.,-9.98001808568473,0.));
#13175=CARTESIAN_POINT('',(16.,-19.9600361713695,-1.5));
#13176=CARTESIAN_POINT('',(16.,24.2,-1.5));
#13177=CARTESIAN_POINT('',(16.,-19.9600361713695,0.));
#13178=CARTESIAN_POINT('Origin',(15.5,-19.9600361713695,0.));
#13179=CARTESIAN_POINT('',(15.5,-19.9600361713695,0.));
#13180=CARTESIAN_POINT('',(7.75,-19.9600361713695,0.));
#13181=CARTESIAN_POINT('',(15.5,-19.9600361713695,-1.5));
#13182=CARTESIAN_POINT('',(15.5,-19.9600361713695,-1.5));
#13183=CARTESIAN_POINT('',(15.5,-19.9600361713695,0.));
#13184=CARTESIAN_POINT('Origin',(15.5,-23.7,0.));
#13185=CARTESIAN_POINT('',(15.5,-23.7,0.));
#13186=CARTESIAN_POINT('',(15.5,-11.85,0.));
#13187=CARTESIAN_POINT('',(15.5,-23.7,-1.5));
#13188=CARTESIAN_POINT('',(15.5,-23.7,-1.5));
#13189=CARTESIAN_POINT('',(15.5,-23.7,0.));
#13190=CARTESIAN_POINT('Origin',(9.53589838486224,-23.7,0.));
#13191=CARTESIAN_POINT('',(4.7679491924311,-23.7,0.));
#13192=CARTESIAN_POINT('',(9.53589838486224,-23.7,-1.5));
#13193=CARTESIAN_POINT('Origin',(12.7679491924311,-22.0800180856847,-1.5));
#13194=CARTESIAN_POINT('Origin',(-15.5,-23.7,0.));
#13195=CARTESIAN_POINT('',(-9.53589838486225,-23.7,0.));
#13196=CARTESIAN_POINT('',(-15.5,-23.7,0.));
#13197=CARTESIAN_POINT('',(-7.75,-23.7,0.));
#13198=CARTESIAN_POINT('',(-9.53589838486225,-23.7,-1.5));
#13199=CARTESIAN_POINT('',(-9.53589838486225,-23.7,0.));
#13200=CARTESIAN_POINT('',(-15.5,-23.7,-1.5));
#13201=CARTESIAN_POINT('',(-9.53589838486225,-23.7,-1.5));
#13202=CARTESIAN_POINT('',(-15.5,-23.7,0.));
#13203=CARTESIAN_POINT('Origin',(-15.5,-19.9600361713695,0.));
#13204=CARTESIAN_POINT('',(-15.5,-19.9600361713695,0.));
#13205=CARTESIAN_POINT('',(-15.5,-9.98001808568472,0.));
#13206=CARTESIAN_POINT('',(-15.5,-19.9600361713695,-1.5));
#13207=CARTESIAN_POINT('',(-15.5,-19.9600361713695,-1.5));
#13208=CARTESIAN_POINT('',(-15.5,-19.9600361713695,0.));
#13209=CARTESIAN_POINT('Origin',(-16.,-19.9600361713695,0.));
#13210=CARTESIAN_POINT('',(-16.,-19.9600361713695,0.));
#13211=CARTESIAN_POINT('',(-8.,-19.9600361713695,0.));
#13212=CARTESIAN_POINT('',(-16.,-19.9600361713695,-1.5));
#13213=CARTESIAN_POINT('',(-15.5,-19.9600361713695,-1.5));
#13214=CARTESIAN_POINT('',(-16.,-19.9600361713695,0.));
#13215=CARTESIAN_POINT('Origin',(-16.,-24.2,0.));
#13216=CARTESIAN_POINT('',(-16.,-24.2,0.));
#13217=CARTESIAN_POINT('',(-16.,-12.1,0.));
#13218=CARTESIAN_POINT('',(-16.,-24.2,-1.5));
#13219=CARTESIAN_POINT('',(-16.,-24.2,-1.5));
#13220=CARTESIAN_POINT('',(-16.,-24.2,0.));
#13221=CARTESIAN_POINT('Origin',(-9.53589838486225,-24.2,0.));
#13222=CARTESIAN_POINT('',(-9.53589838486225,-24.2,0.));
#13223=CARTESIAN_POINT('',(-4.76794919243113,-24.2,0.));
#13224=CARTESIAN_POINT('',(-9.53589838486225,-24.2,-1.5));
#13225=CARTESIAN_POINT('',(16.,-24.2,-1.5));
#13226=CARTESIAN_POINT('',(-9.53589838486225,-24.2,0.));
#13227=CARTESIAN_POINT('Origin',(-9.53589838486225,-23.7,0.));
#13228=CARTESIAN_POINT('',(-9.53589838486225,-11.85,0.));
#13229=CARTESIAN_POINT('',(-9.53589838486225,-23.7,-1.5));
#13230=CARTESIAN_POINT('Origin',(-12.7679491924311,-22.0800180856847,-1.5));
#13231=CARTESIAN_POINT('Origin',(-9.53589838486224,24.2,0.));
#13232=CARTESIAN_POINT('',(-9.53589838486224,23.7,0.));
#13233=CARTESIAN_POINT('',(-9.53589838486224,24.2,0.));
#13234=CARTESIAN_POINT('',(-9.53589838486224,12.1,0.));
#13235=CARTESIAN_POINT('',(-9.53589838486224,23.7,-1.5));
#13236=CARTESIAN_POINT('',(-9.53589838486224,23.7,0.));
#13237=CARTESIAN_POINT('',(-9.53589838486224,24.2,-1.5));
#13238=CARTESIAN_POINT('',(-9.53589838486224,23.7,-1.5));
#13239=CARTESIAN_POINT('',(-9.53589838486224,24.2,0.));
#13240=CARTESIAN_POINT('Origin',(-16.,24.2,0.));
#13241=CARTESIAN_POINT('',(-16.,24.2,0.));
#13242=CARTESIAN_POINT('',(-8.,24.2,0.));
#13243=CARTESIAN_POINT('',(-16.,24.2,-1.5));
#13244=CARTESIAN_POINT('',(-16.,24.2,-1.5));
#13245=CARTESIAN_POINT('',(-16.,24.2,0.));
#13246=CARTESIAN_POINT('Origin',(-16.,19.9600361713695,0.));
#13247=CARTESIAN_POINT('',(-16.,19.9600361713695,0.));
#13248=CARTESIAN_POINT('',(-16.,9.98001808568473,0.));
#13249=CARTESIAN_POINT('',(-16.,19.9600361713695,-1.5));
#13250=CARTESIAN_POINT('',(-16.,-24.2,-1.5));
#13251=CARTESIAN_POINT('',(-16.,19.9600361713695,0.));
#13252=CARTESIAN_POINT('Origin',(-15.5,19.9600361713695,0.));
#13253=CARTESIAN_POINT('',(-15.5,19.9600361713695,0.));
#13254=CARTESIAN_POINT('',(-7.75,19.9600361713695,0.));
#13255=CARTESIAN_POINT('',(-15.5,19.9600361713695,-1.5));
#13256=CARTESIAN_POINT('',(-15.5,19.9600361713695,-1.5));
#13257=CARTESIAN_POINT('',(-15.5,19.9600361713695,0.));
#13258=CARTESIAN_POINT('Origin',(-15.5,23.7,0.));
#13259=CARTESIAN_POINT('',(-15.5,23.7,0.));
#13260=CARTESIAN_POINT('',(-15.5,11.85,0.));
#13261=CARTESIAN_POINT('',(-15.5,23.7,-1.5));
#13262=CARTESIAN_POINT('',(-15.5,23.7,-1.5));
#13263=CARTESIAN_POINT('',(-15.5,23.7,0.));
#13264=CARTESIAN_POINT('Origin',(-9.53589838486224,23.7,0.));
#13265=CARTESIAN_POINT('',(-4.7679491924311,23.7,0.));
#13266=CARTESIAN_POINT('',(-9.53589838486224,23.7,-1.5));
#13267=CARTESIAN_POINT('Origin',(-12.7679493116404,22.0800180856847,-1.5));
#13268=CARTESIAN_POINT('Origin',(-3.46410161513775,17.0111069989303,0.));
#13269=CARTESIAN_POINT('',(-3.46410161513775,17.0111069989303,0.));
#13270=CARTESIAN_POINT('',(5.55111512312578E-15,19.0111069989303,0.));
#13271=CARTESIAN_POINT('',(5.55111512312578E-15,19.0111069989303,0.));
#13272=CARTESIAN_POINT('',(5.55111512312578E-15,19.0111069989303,1.5));
#13273=CARTESIAN_POINT('',(5.55111512312578E-15,19.0111069989303,0.));
#13274=CARTESIAN_POINT('',(-3.46410161513775,17.0111069989303,1.5));
#13275=CARTESIAN_POINT('',(5.55111512312578E-15,19.0111069989303,1.5));
#13276=CARTESIAN_POINT('',(-3.46410161513775,17.0111069989303,0.));
#13277=CARTESIAN_POINT('Origin',(-3.46410161513775,13.0111069989303,0.));
#13278=CARTESIAN_POINT('',(-3.46410161513775,13.0111069989303,0.));
#13279=CARTESIAN_POINT('',(-3.46410161513775,17.0111069989303,0.));
#13280=CARTESIAN_POINT('',(-3.46410161513775,13.0111069989303,1.5));
#13281=CARTESIAN_POINT('',(-3.46410161513775,17.0111069989303,1.5));
#13282=CARTESIAN_POINT('',(-3.46410161513775,13.0111069989303,0.));
#13283=CARTESIAN_POINT('Origin',(3.33066907387547E-15,11.0111069989303,
0.));
#13284=CARTESIAN_POINT('',(3.88578058618805E-15,11.0111069989303,0.));
#13285=CARTESIAN_POINT('',(-3.46410161513775,13.0111069989303,0.));
#13286=CARTESIAN_POINT('',(3.88578058618805E-15,11.0111069989303,1.5));
#13287=CARTESIAN_POINT('',(-3.46410161513775,13.0111069989303,1.5));
#13288=CARTESIAN_POINT('',(3.88578058618805E-15,11.0111069989303,0.));
#13289=CARTESIAN_POINT('Origin',(3.46410161513776,13.0111069989303,0.));
#13290=CARTESIAN_POINT('',(3.46410161513776,13.0111069989303,0.));
#13291=CARTESIAN_POINT('',(3.88578058618805E-15,11.0111069989303,0.));
#13292=CARTESIAN_POINT('',(3.46410161513776,13.0111069989303,1.5));
#13293=CARTESIAN_POINT('',(3.88578058618805E-15,11.0111069989303,1.5));
#13294=CARTESIAN_POINT('',(3.46410161513776,13.0111069989303,0.));
#13295=CARTESIAN_POINT('Origin',(3.46410161513776,17.0111069989303,0.));
#13296=CARTESIAN_POINT('',(3.46410161513776,17.0111069989303,0.));
#13297=CARTESIAN_POINT('',(3.46410161513776,13.0111069989303,0.));
#13298=CARTESIAN_POINT('',(3.46410161513776,17.0111069989303,1.5));
#13299=CARTESIAN_POINT('',(3.46410161513776,13.0111069989303,1.5));
#13300=CARTESIAN_POINT('',(3.46410161513776,17.0111069989303,0.));
#13301=CARTESIAN_POINT('Origin',(5.55111512312578E-15,19.0111069989303,
0.));
#13302=CARTESIAN_POINT('',(3.46410161513776,17.0111069989303,0.));
#13303=CARTESIAN_POINT('',(3.46410161513776,17.0111069989303,1.5));
#13304=CARTESIAN_POINT('Origin',(-3.46410161513776,-13.0111069989303,0.));
#13305=CARTESIAN_POINT('',(-3.46410161513776,-13.0111069989303,0.));
#13306=CARTESIAN_POINT('',(-2.22044604925031E-15,-11.0111069989303,0.));
#13307=CARTESIAN_POINT('',(-2.22044604925031E-15,-11.0111069989303,0.));
#13308=CARTESIAN_POINT('',(-2.22044604925031E-15,-11.0111069989303,1.5));
#13309=CARTESIAN_POINT('',(-2.22044604925031E-15,-11.0111069989303,0.));
#13310=CARTESIAN_POINT('',(-3.46410161513776,-13.0111069989303,1.5));
#13311=CARTESIAN_POINT('',(-2.22044604925031E-15,-11.0111069989303,1.5));
#13312=CARTESIAN_POINT('',(-3.46410161513776,-13.0111069989303,0.));
#13313=CARTESIAN_POINT('Origin',(-3.46410161513776,-17.0111069989303,0.));
#13314=CARTESIAN_POINT('',(-3.46410161513776,-17.0111069989303,0.));
#13315=CARTESIAN_POINT('',(-3.46410161513776,-13.0111069989303,0.));
#13316=CARTESIAN_POINT('',(-3.46410161513776,-17.0111069989303,1.5));
#13317=CARTESIAN_POINT('',(-3.46410161513776,-13.0111069989303,1.5));
#13318=CARTESIAN_POINT('',(-3.46410161513776,-17.0111069989303,0.));
#13319=CARTESIAN_POINT('Origin',(-4.44089209850063E-15,-19.0111069989303,
0.));
#13320=CARTESIAN_POINT('',(-3.88578058618805E-15,-19.0111069989303,0.));
#13321=CARTESIAN_POINT('',(-3.46410161513776,-17.0111069989303,0.));
#13322=CARTESIAN_POINT('',(-3.88578058618805E-15,-19.0111069989303,1.5));
#13323=CARTESIAN_POINT('',(-3.46410161513776,-17.0111069989303,1.5));
#13324=CARTESIAN_POINT('',(-3.88578058618805E-15,-19.0111069989303,0.));
#13325=CARTESIAN_POINT('Origin',(3.46410161513775,-17.0111069989303,0.));
#13326=CARTESIAN_POINT('',(3.46410161513775,-17.0111069989303,0.));
#13327=CARTESIAN_POINT('',(-3.88578058618805E-15,-19.0111069989303,0.));
#13328=CARTESIAN_POINT('',(3.46410161513775,-17.0111069989303,1.5));
#13329=CARTESIAN_POINT('',(-3.88578058618805E-15,-19.0111069989303,1.5));
#13330=CARTESIAN_POINT('',(3.46410161513775,-17.0111069989303,0.));
#13331=CARTESIAN_POINT('Origin',(3.46410161513775,-13.0111069989303,0.));
#13332=CARTESIAN_POINT('',(3.46410161513775,-13.0111069989303,0.));
#13333=CARTESIAN_POINT('',(3.46410161513775,-17.0111069989303,0.));
#13334=CARTESIAN_POINT('',(3.46410161513775,-13.0111069989303,1.5));
#13335=CARTESIAN_POINT('',(3.46410161513775,-17.0111069989303,1.5));
#13336=CARTESIAN_POINT('',(3.46410161513775,-13.0111069989303,0.));
#13337=CARTESIAN_POINT('Origin',(-2.22044604925031E-15,-11.0111069989303,
0.));
#13338=CARTESIAN_POINT('',(3.46410161513775,-13.0111069989303,0.));
#13339=CARTESIAN_POINT('',(3.46410161513775,-13.0111069989303,1.5));
#13340=CARTESIAN_POINT('Origin',(2.5,-30.55,0.));
#13341=CARTESIAN_POINT('',(17.85,-24.8080589092925,0.));
#13342=CARTESIAN_POINT('',(2.5,-30.55,0.));
#13343=CARTESIAN_POINT('',(17.85,-24.8080589092925,0.));
#13344=CARTESIAN_POINT('',(17.85,-24.8080589092925,1.5));
#13345=CARTESIAN_POINT('',(17.85,-24.8080589092925,0.));
#13346=CARTESIAN_POINT('',(2.5,-30.55,1.5));
#13347=CARTESIAN_POINT('',(17.85,-24.8080589092925,1.5));
#13348=CARTESIAN_POINT('',(2.5,-30.55,0.));
#13349=CARTESIAN_POINT('Origin',(-2.5,-30.55,0.));
#13350=CARTESIAN_POINT('',(-2.5,-30.55,0.));
#13351=CARTESIAN_POINT('',(2.5,-30.55,0.));
#13352=CARTESIAN_POINT('',(-2.5,-30.55,1.5));
#13353=CARTESIAN_POINT('',(2.5,-30.55,1.5));
#13354=CARTESIAN_POINT('',(-2.5,-30.55,0.));
#13355=CARTESIAN_POINT('Origin',(-17.85,-24.8080589092925,0.));
#13356=CARTESIAN_POINT('',(-17.85,-24.8080589092925,0.));
#13357=CARTESIAN_POINT('',(-2.5,-30.55,0.));
#13358=CARTESIAN_POINT('',(-17.85,-24.8080589092925,1.5));
#13359=CARTESIAN_POINT('',(-2.5,-30.55,1.5));
#13360=CARTESIAN_POINT('',(-17.85,-24.8080589092925,0.));
#13361=CARTESIAN_POINT('Origin',(-17.85,24.8080589092925,0.));
#13362=CARTESIAN_POINT('',(-17.85,24.8080589092925,0.));
#13363=CARTESIAN_POINT('',(-17.85,-26.05,0.));
#13364=CARTESIAN_POINT('',(-17.85,24.8080589092925,1.5));
#13365=CARTESIAN_POINT('',(-17.85,-26.05,1.5));
#13366=CARTESIAN_POINT('',(-17.85,24.8080589092925,0.));
#13367=CARTESIAN_POINT('Origin',(-2.5,30.55,0.));
#13368=CARTESIAN_POINT('',(-2.5,30.55,0.));
#13369=CARTESIAN_POINT('',(-2.5,30.55,0.));
#13370=CARTESIAN_POINT('',(-2.5,30.55,1.5));
#13371=CARTESIAN_POINT('',(-2.5,30.55,1.5));
#13372=CARTESIAN_POINT('',(-2.5,30.55,0.));
#13373=CARTESIAN_POINT('Origin',(2.5,30.55,0.));
#13374=CARTESIAN_POINT('',(2.5,30.55,0.));
#13375=CARTESIAN_POINT('',(2.5,30.55,0.));
#13376=CARTESIAN_POINT('',(2.5,30.55,1.5));
#13377=CARTESIAN_POINT('',(2.5,30.55,1.5));
#13378=CARTESIAN_POINT('',(2.5,30.55,0.));
#13379=CARTESIAN_POINT('Origin',(17.85,24.8080589092925,0.));
#13380=CARTESIAN_POINT('',(17.85,24.8080589092925,0.));
#13381=CARTESIAN_POINT('',(17.85,24.8080589092925,0.));
#13382=CARTESIAN_POINT('',(17.85,24.8080589092925,1.5));
#13383=CARTESIAN_POINT('',(17.85,24.8080589092925,1.5));
#13384=CARTESIAN_POINT('',(17.85,24.8080589092925,0.));
#13385=CARTESIAN_POINT('Origin',(17.85,-24.8080589092925,0.));
#13386=CARTESIAN_POINT('',(17.85,26.05,0.));
#13387=CARTESIAN_POINT('',(17.85,26.05,1.5));
#13388=CARTESIAN_POINT('Origin',(0.,0.,1.5));
#13389=CARTESIAN_POINT('Origin',(0.,0.,0.));
#13390=CARTESIAN_POINT('Origin',(10.5825756949558,-29.7,-6.));
#13391=CARTESIAN_POINT('',(6.,-31.7,-6.));
#13392=CARTESIAN_POINT('',(10.5825756949558,-29.7,-6.));
#13393=CARTESIAN_POINT('',(6.,-31.7,-6.));
#13394=CARTESIAN_POINT('',(6.,-31.7,-8.5));
#13395=CARTESIAN_POINT('',(6.,-31.7,-6.));
#13396=CARTESIAN_POINT('',(10.5825756949558,-29.7,-8.5));
#13397=CARTESIAN_POINT('',(6.,-31.7,-8.5));
#13398=CARTESIAN_POINT('',(10.5825756949558,-29.7,-6.));
#13399=CARTESIAN_POINT('Origin',(15.5,-29.7,-6.));
#13400=CARTESIAN_POINT('',(15.5,-29.7,-6.));
#13401=CARTESIAN_POINT('',(-15.5,-29.7,-6.));
#13402=CARTESIAN_POINT('',(15.5,-29.7,-8.5));
#13403=CARTESIAN_POINT('',(-15.5,-29.7,-8.5));
#13404=CARTESIAN_POINT('',(15.5,-29.7,-6.));
#13405=CARTESIAN_POINT('Origin',(18.9002813984067,-27.9859152845762,-6.));
#13406=CARTESIAN_POINT('',(18.9002813984067,-27.9859152845762,-6.));
#13407=CARTESIAN_POINT('',(15.5,-29.7,-6.));
#13408=CARTESIAN_POINT('',(18.9002813984067,-27.9859152845762,-8.5));
#13409=CARTESIAN_POINT('',(15.5,-29.7,-8.5));
#13410=CARTESIAN_POINT('',(18.9002813984067,-27.9859152845762,-6.));
#13411=CARTESIAN_POINT('Origin',(14.5,-27.7,-6.));
#13412=CARTESIAN_POINT('',(14.5,-27.7,-6.));
#13413=CARTESIAN_POINT('',(16.3640613070613,-25.0494763831429,-6.));
#13414=CARTESIAN_POINT('',(14.5,-27.7,-6.));
#13415=CARTESIAN_POINT('',(16.3640613070613,-25.0494763831429,-8.5));
#13416=CARTESIAN_POINT('',(16.3640613070613,-25.0494763831429,-6.));
#13417=CARTESIAN_POINT('',(14.5,-27.7,-8.5));
#13418=CARTESIAN_POINT('',(14.5,-27.7,-8.5));
#13419=CARTESIAN_POINT('',(14.5,-27.7,-6.));
#13420=CARTESIAN_POINT('Origin',(-14.5,-27.7,-6.));
#13421=CARTESIAN_POINT('',(-14.5,-27.7,-6.));
#13422=CARTESIAN_POINT('',(14.5,-27.7,-6.));
#13423=CARTESIAN_POINT('',(-14.5,-27.7,-8.5));
#13424=CARTESIAN_POINT('',(14.5,-27.7,-8.5));
#13425=CARTESIAN_POINT('',(-14.5,-27.7,-6.));
#13426=CARTESIAN_POINT('Origin',(-16.3640613070613,-25.0494763831429,-6.));
#13427=CARTESIAN_POINT('',(-16.3640613070613,-25.0494763831429,-6.));
#13428=CARTESIAN_POINT('',(-14.5,-27.7,-6.));
#13429=CARTESIAN_POINT('',(-16.3640613070613,-25.0494763831429,-8.5));
#13430=CARTESIAN_POINT('',(-14.5,-27.7,-8.5));
#13431=CARTESIAN_POINT('',(-16.3640613070613,-25.0494763831429,-6.));
#13432=CARTESIAN_POINT('Origin',(-15.5,-29.7,-6.));
#13433=CARTESIAN_POINT('',(-15.5,-29.7,-6.));
#13434=CARTESIAN_POINT('',(-18.9002813984067,-27.9859152845762,-6.));
#13435=CARTESIAN_POINT('',(-15.5,-29.7,-6.));
#13436=CARTESIAN_POINT('',(-18.9002813984067,-27.9859152845762,-8.5));
#13437=CARTESIAN_POINT('',(-18.9002813984067,-27.9859152845762,-6.));
#13438=CARTESIAN_POINT('',(-15.5,-29.7,-8.5));
#13439=CARTESIAN_POINT('',(-15.5,-29.7,-8.5));
#13440=CARTESIAN_POINT('',(-15.5,-29.7,-6.));
#13441=CARTESIAN_POINT('Origin',(-10.5825756949558,-29.7,-6.));
#13442=CARTESIAN_POINT('',(-10.5825756949558,-29.7,-6.));
#13443=CARTESIAN_POINT('',(-15.5,-29.7,-6.));
#13444=CARTESIAN_POINT('',(-10.5825756949558,-29.7,-8.5));
#13445=CARTESIAN_POINT('',(-15.5,-29.7,-8.5));
#13446=CARTESIAN_POINT('',(-10.5825756949558,-29.7,-6.));
#13447=CARTESIAN_POINT('Origin',(-6.,-31.7,-6.));
#13448=CARTESIAN_POINT('',(-6.,-31.7,-6.));
#13449=CARTESIAN_POINT('',(-6.,-31.7,-6.));
#13450=CARTESIAN_POINT('',(-6.,-31.7,-8.5));
#13451=CARTESIAN_POINT('',(-6.,-31.7,-8.5));
#13452=CARTESIAN_POINT('',(-6.,-31.7,-6.));
#13453=CARTESIAN_POINT('Origin',(6.,-31.7,-6.));
#13454=CARTESIAN_POINT('',(-6.,-31.7,-6.));
#13455=CARTESIAN_POINT('',(-6.,-31.7,-8.5));
#13456=CARTESIAN_POINT('Origin',(-18.,-26.2,-6.));
#13457=CARTESIAN_POINT('Origin',(-18.,-26.2,-6.));
#13458=CARTESIAN_POINT('Origin',(-18.,-26.2,-8.5));
#13459=CARTESIAN_POINT('Origin',(-18.,-26.2,-8.25));
#13460=CARTESIAN_POINT('',(-19.75,-26.2,-8.5));
#13461=CARTESIAN_POINT('Origin',(-18.,-26.2,-8.5));
#13462=CARTESIAN_POINT('',(-19.25,-26.2,-8.));
#13463=CARTESIAN_POINT('',(-19.5,-26.2,-8.25));
#13464=CARTESIAN_POINT('Origin',(-18.,-26.2,-8.));
#13465=CARTESIAN_POINT('Origin',(-18.,-26.2,-6.));
#13466=CARTESIAN_POINT('',(-19.25,-26.2,-6.));
#13467=CARTESIAN_POINT('',(-19.25,-26.2,-6.));
#13468=CARTESIAN_POINT('Origin',(-18.,-26.2,-6.));
#13469=CARTESIAN_POINT('Origin',(18.,-26.2,-8.25));
#13470=CARTESIAN_POINT('',(16.25,-26.2,-8.5));
#13471=CARTESIAN_POINT('Origin',(18.,-26.2,-8.5));
#13472=CARTESIAN_POINT('',(16.75,-26.2,-8.));
#13473=CARTESIAN_POINT('',(16.5,-26.2,-8.25));
#13474=CARTESIAN_POINT('Origin',(18.,-26.2,-8.));
#13475=CARTESIAN_POINT('Origin',(18.,-26.2,-6.));
#13476=CARTESIAN_POINT('',(16.75,-26.2,-6.));
#13477=CARTESIAN_POINT('',(16.75,-26.2,-6.));
#13478=CARTESIAN_POINT('Origin',(18.,-26.2,-6.));
#13479=CARTESIAN_POINT('Origin',(18.,-26.2,-8.5));
#13480=CARTESIAN_POINT('Origin',(18.,-26.2,-8.5));
#13481=CARTESIAN_POINT('Origin',(18.,-26.2,-6.));
#13482=CARTESIAN_POINT('Origin',(18.,-26.2,-6.));
#13483=CARTESIAN_POINT('Origin',(18.,-26.2,-6.));
#13484=UNCERTAINTY_MEASURE_WITH_UNIT(LENGTH_MEASURE(0.01),#13488,
'DISTANCE_ACCURACY_VALUE',
'Maximum model space distance between geometric entities at asserted c
onnectivities');
#13485=UNCERTAINTY_MEASURE_WITH_UNIT(LENGTH_MEASURE(0.01),#13488,
'DISTANCE_ACCURACY_VALUE',
'Maximum model space distance between geometric entities at asserted c
onnectivities');
#13486=(
GEOMETRIC_REPRESENTATION_CONTEXT(3)
GLOBAL_UNCERTAINTY_ASSIGNED_CONTEXT((#13484))
GLOBAL_UNIT_ASSIGNED_CONTEXT((#13488,#13489,#13490))
REPRESENTATION_CONTEXT('','3D')
);
#13487=(
GEOMETRIC_REPRESENTATION_CONTEXT(3)
GLOBAL_UNCERTAINTY_ASSIGNED_CONTEXT((#13485))
GLOBAL_UNIT_ASSIGNED_CONTEXT((#13488,#13489,#13490))
REPRESENTATION_CONTEXT('','3D')
);
#13488=(
LENGTH_UNIT()
NAMED_UNIT(*)
SI_UNIT(.MILLI.,.METRE.)
);
#13489=(
NAMED_UNIT(*)
PLANE_ANGLE_UNIT()
SI_UNIT($,.RADIAN.)
);
#13490=(
NAMED_UNIT(*)
SI_UNIT($,.STERADIAN.)
SOLID_ANGLE_UNIT()
);
#13491=SHAPE_DEFINITION_REPRESENTATION(#13492,#13493);
#13492=PRODUCT_DEFINITION_SHAPE('',$,#13495);
#13493=SHAPE_REPRESENTATION('',(#6972),#13486);
#13494=PRODUCT_DEFINITION_CONTEXT('part definition',#13499,'design');
#13495=PRODUCT_DEFINITION('Drone','Drone v24',#13496,#13494);
#13496=PRODUCT_DEFINITION_FORMATION('',$,#13501);
#13497=PRODUCT_RELATED_PRODUCT_CATEGORY('Drone v24','Drone v24',(#13501));
#13498=APPLICATION_PROTOCOL_DEFINITION('international standard',
'automotive_design',2009,#13499);
#13499=APPLICATION_CONTEXT(
'Core Data for Automotive Mechanical Design Process');
#13500=PRODUCT_CONTEXT('part definition',#13499,'mechanical');
#13501=PRODUCT('Drone','Drone v24',$,(#13500));
#13502=PRESENTATION_STYLE_ASSIGNMENT((#13505));
#13503=PRESENTATION_STYLE_ASSIGNMENT((#13506));
#13504=PRESENTATION_STYLE_ASSIGNMENT((#13507));
#13505=SURFACE_STYLE_USAGE(.BOTH.,#13508);
#13506=SURFACE_STYLE_USAGE(.BOTH.,#13509);
#13507=SURFACE_STYLE_USAGE(.BOTH.,#13510);
#13508=SURFACE_SIDE_STYLE('',(#13511));
#13509=SURFACE_SIDE_STYLE('',(#13512));
#13510=SURFACE_SIDE_STYLE('',(#13513));
#13511=SURFACE_STYLE_FILL_AREA(#13514);
#13512=SURFACE_STYLE_FILL_AREA(#13515);
#13513=SURFACE_STYLE_FILL_AREA(#13516);
#13514=FILL_AREA_STYLE('Steel - Satin',(#13517));
#13515=FILL_AREA_STYLE('Paint - Enamel Glossy (Black)',(#13518));
#13516=FILL_AREA_STYLE('Paint - Enamel Glossy (Red)',(#13519));
#13517=FILL_AREA_STYLE_COLOUR('Steel - Satin',#13520);
#13518=FILL_AREA_STYLE_COLOUR('Paint - Enamel Glossy (Black)',#13521);
#13519=FILL_AREA_STYLE_COLOUR('Paint - Enamel Glossy (Red)',#13522);
#13520=COLOUR_RGB('Steel - Satin',0.627450980392157,0.627450980392157,0.627450980392157);
#13521=COLOUR_RGB('Paint - Enamel Glossy (Black)',0.0980392156862745,0.0980392156862745,
0.0980392156862745);
#13522=COLOUR_RGB('Paint - Enamel Glossy (Red)',0.470588235294118,0.0470588235294118,
0.00784313725490196);
ENDSEC;
END-ISO-10303-21;
